0,-0.1925,102.5362,0.1000,0.1000,0.9000,0.9000
1,-0.1360,98.9985,0.1111,0.1074,0.8889,0.8926
2,-0.0976,95.1147,0.1148,0.1111,0.8852,0.8889
3,-0.0731,90.2820,0.1185,0.1148,0.8815,0.8852
4,-0.0513,84.2466,0.1074,0.1148,0.8926,0.8852
5,-0.0175,76.5253,0.1222,0.1222,0.8778,0.8778
6,0.0002,67.0221,0.1111,0.1185,0.8889,0.8815
7,0.0218,55.4715,0.1370,0.1630,0.8630,0.8370
8,-0.0014,43.0696,0.1778,0.2037,0.8222,0.7963
9,-0.1157,31.2364,0.1630,0.2000,0.8370,0.8000
10,-0.3493,21.8682,0.1370,0.2185,0.8630,0.7815
11,-0.3984,15.1677,0.1407,0.1889,0.8593,0.8111
12,-0.2964,10.8574,0.1630,0.2296,0.8370,0.7704
13,-0.4697,8.0722,0.1556,0.2481,0.8444,0.7519
14,-0.4226,6.2919,0.1556,0.2407,0.8444,0.7593
15,-0.5263,5.0761,0.1370,0.2111,0.8630,0.7889
16,-0.4099,4.2682,0.1556,0.2296,0.8444,0.7704
17,-0.5169,3.7314,0.1815,0.2630,0.8185,0.7370
18,-0.4751,3.3865,0.1741,0.2407,0.8259,0.7593
19,-0.5114,3.1630,0.1519,0.2259,0.8481,0.7741
20,-0.2930,3.0103,0.2111,0.2407,0.7889,0.7593
21,-0.2740,2.8875,0.1630,0.2444,0.8370,0.7556
22,-0.3965,2.7880,0.1852,0.2630,0.8148,0.7370
23,-0.3666,2.6949,0.1778,0.2852,0.8222,0.7148
24,-0.3563,2.6113,0.1630,0.2741,0.8370,0.7259
25,-0.5471,2.5337,0.1370,0.2296,0.8630,0.7704
26,-0.5928,2.4647,0.1444,0.2556,0.8556,0.7444
27,-0.3782,2.3957,0.1407,0.2926,0.8593,0.7074
28,-0.1427,2.3331,0.1630,0.2185,0.8370,0.7815
29,-0.3051,2.2759,0.1667,0.2704,0.8333,0.7296
30,-0.3331,2.2138,0.1519,0.2259,0.8481,0.7741
31,-0.4345,2.1599,0.1333,0.2852,0.8667,0.7148
32,-0.4654,2.1062,0.1481,0.2963,0.8519,0.7037
33,-0.2806,2.0554,0.1852,0.2630,0.8148,0.7370
34,-0.1973,2.0097,0.1963,0.2741,0.8037,0.7259
35,-0.2744,1.9661,0.1519,0.2630,0.8481,0.7370
36,-0.2785,1.9214,0.1889,0.2630,0.8111,0.7370
37,-0.2676,1.8825,0.1593,0.3407,0.8407,0.6593
38,-0.3878,1.8459,0.1519,0.2704,0.8481,0.7296
39,-0.3232,1.8075,0.1444,0.2963,0.8556,0.7037
40,-0.2122,1.7738,0.1778,0.2815,0.8222,0.7185
41,-0.3597,1.7427,0.1815,0.2963,0.8185,0.7037
42,-0.2389,1.7064,0.1667,0.3222,0.8333,0.6778
43,-0.3022,1.6780,0.1481,0.2963,0.8519,0.7037
44,-0.0959,1.6462,0.1667,0.2741,0.8333,0.7259
45,-0.2201,1.6195,0.1741,0.3296,0.8259,0.6704
46,-0.4472,1.5922,0.1444,0.3111,0.8556,0.6889
47,-0.2522,1.5668,0.1926,0.2815,0.8074,0.7185
48,-0.3551,1.5432,0.1593,0.2519,0.8407,0.7481
49,-0.1150,1.5220,0.1778,0.3000,0.8222,0.7000
50,-0.2302,1.5000,0.1704,0.3111,0.8296,0.6889
51,-0.1947,1.4762,0.1593,0.2704,0.8407,0.7296
52,-0.0890,1.4569,0.1778,0.3296,0.8222,0.6704
53,-0.2771,1.4373,0.1741,0.2889,0.8259,0.7111
54,-0.1743,1.4170,0.1889,0.3407,0.8111,0.6593
55,-0.0580,1.3929,0.1741,0.3222,0.8259,0.6778
56,-0.3483,1.3769,0.1519,0.3741,0.8481,0.6259
57,-0.2604,1.3611,0.1481,0.3259,0.8519,0.6741
58,-0.1699,1.3427,0.1519,0.3074,0.8481,0.6926
59,-0.0835,1.3249,0.1963,0.3037,0.8037,0.6963
60,-0.0862,1.3112,0.1926,0.3407,0.8074,0.6593
61,-0.1420,1.2949,0.1519,0.3222,0.8481,0.6778
62,-0.1438,1.2827,0.1519,0.3111,0.8481,0.6889
63,-0.1845,1.2707,0.1667,0.2889,0.8333,0.7111
64,-0.2651,1.2562,0.1519,0.3259,0.8481,0.6741
65,-0.1450,1.2444,0.1667,0.3481,0.8333,0.6519
66,-0.2091,1.2243,0.1741,0.2852,0.8259,0.7148
67,-0.1976,1.2159,0.1667,0.3333,0.8333,0.6667
68,-0.2381,1.2044,0.1630,0.3037,0.8370,0.6963
69,-0.1417,1.1926,0.2000,0.3333,0.8000,0.6667
70,-0.1330,1.1802,0.2111,0.3333,0.7889,0.6667
71,-0.1434,1.1701,0.1741,0.3259,0.8259,0.6741
72,-0.3618,1.1615,0.1444,0.3111,0.8556,0.6889
73,-0.2909,1.1528,0.1667,0.3074,0.8333,0.6926
74,-0.1770,1.1384,0.1889,0.3222,0.8111,0.6778
75,-0.1213,1.1294,0.1815,0.3000,0.8185,0.7000
76,-0.1375,1.1210,0.1852,0.3111,0.8148,0.6889
77,-0.0692,1.1115,0.1889,0.3037,0.8111,0.6963
78,-0.1762,1.1033,0.1815,0.3037,0.8185,0.6963
79,-0.2151,1.0956,0.1481,0.3407,0.8519,0.6593
80,-0.1875,1.0849,0.1259,0.3444,0.8741,0.6556
81,-0.0144,1.0789,0.1926,0.3407,0.8074,0.6593
82,-0.1974,1.0704,0.1556,0.3667,0.8444,0.6333
83,-0.2100,1.0622,0.1741,0.3296,0.8259,0.6704
84,-0.2005,1.0577,0.1556,0.3444,0.8444,0.6556
85,-0.1208,1.0534,0.1778,0.3630,0.8222,0.6370
86,-0.1650,1.0428,0.1741,0.3074,0.8259,0.6926
87,-0.1167,1.0359,0.1889,0.3296,0.8111,0.6704
88,-0.0308,1.0320,0.1704,0.3370,0.8296,0.6630
89,-0.1138,1.0224,0.1889,0.3333,0.8111,0.6667
90,-0.2554,1.0217,0.1407,0.3926,0.8593,0.6074
91,-0.2494,1.0126,0.1926,0.3370,0.8074,0.6630
92,-0.0659,1.0056,0.2148,0.3593,0.7852,0.6407
93,-0.0823,0.9989,0.1556,0.3370,0.8444,0.6630
94,-0.1528,0.9940,0.1815,0.3296,0.8185,0.6704
95,-0.1382,0.9900,0.1889,0.3556,0.8111,0.6444
96,-0.0047,0.9852,0.1704,0.3778,0.8296,0.6222
97,-0.2124,0.9816,0.1704,0.3370,0.8296,0.6630
98,-0.0690,0.9759,0.2037,0.3704,0.7963,0.6296
99,-0.0825,0.9701,0.1741,0.3741,0.8259,0.6259
100,-0.2139,0.9640,0.1630,0.3963,0.8370,0.6037
101,-0.0169,0.9600,0.2000,0.2963,0.8000,0.7037
102,-0.1741,0.9571,0.1704,0.3630,0.8296,0.6370
103,-0.2689,0.9507,0.1704,0.3444,0.8296,0.6556
104,-0.1587,0.9455,0.1630,0.3630,0.8370,0.6370
105,0.0329,0.9410,0.1889,0.3444,0.8111,0.6556
106,-0.0422,0.9373,0.1667,0.3259,0.8333,0.6741
107,-0.1112,0.9356,0.1519,0.3333,0.8481,0.6667
108,-0.0035,0.9301,0.2000,0.3296,0.8000,0.6704
109,-0.0796,0.9268,0.1889,0.3630,0.8111,0.6370
110,-0.1649,0.9235,0.1481,0.3481,0.8519,0.6519
111,-0.1673,0.9192,0.2000,0.3444,0.8000,0.6556
112,-0.2019,0.9165,0.1889,0.3593,0.8111,0.6407
113,-0.1138,0.9128,0.1704,0.3667,0.8296,0.6333
114,-0.0715,0.9081,0.1556,0.3222,0.8444,0.6778
115,-0.1402,0.9055,0.1963,0.3741,0.8037,0.6259
116,0.0665,0.9040,0.2222,0.3519,0.7778,0.6481
117,-0.1144,0.8989,0.1852,0.3815,0.8148,0.6185
118,-0.0766,0.8949,0.1815,0.3556,0.8185,0.6444
119,-0.1244,0.8929,0.1741,0.3481,0.8259,0.6519
120,-0.1231,0.8902,0.1778,0.3593,0.8222,0.6407
121,-0.1939,0.8870,0.1778,0.3556,0.8222,0.6444
122,-0.0705,0.8832,0.1926,0.3815,0.8074,0.6185
123,-0.0585,0.8819,0.1593,0.3630,0.8407,0.6370
124,0.0011,0.8767,0.1926,0.3444,0.8074,0.6556
125,-0.0100,0.8762,0.1963,0.3593,0.8037,0.6407
126,-0.0410,0.8733,0.2074,0.3481,0.7926,0.6519
127,-0.0266,0.8710,0.1815,0.3556,0.8185,0.6444
128,-0.0808,0.8678,0.2074,0.3444,0.7926,0.6556
129,0.0005,0.8658,0.2000,0.3259,0.8000,0.6741
130,-0.0763,0.8609,0.1926,0.3370,0.8074,0.6630
131,-0.0323,0.8610,0.2000,0.3407,0.8000,0.6593
132,-0.2049,0.8580,0.1963,0.3926,0.8037,0.6074
133,-0.0453,0.8547,0.1778,0.4000,0.8222,0.6000
134,-0.0936,0.8532,0.1407,0.3741,0.8593,0.6259
135,-0.0395,0.8514,0.1963,0.3778,0.8037,0.6222
136,-0.0194,0.8477,0.1926,0.3444,0.8074,0.6556
137,0.0322,0.8468,0.1889,0.3556,0.8111,0.6444
138,0.0362,0.8438,0.2148,0.3556,0.7852,0.6444
139,-0.0406,0.8432,0.2037,0.3815,0.7963,0.6185
140,-0.1362,0.8392,0.1370,0.3889,0.8630,0.6111
141,-0.1298,0.8382,0.1778,0.3519,0.8222,0.6481
142,-0.1360,0.8360,0.2074,0.3630,0.7926,0.6370
143,-0.2047,0.8344,0.1556,0.3593,0.8444,0.6407
144,0.0031,0.8327,0.1963,0.3852,0.8037,0.6148
145,0.0321,0.8298,0.2000,0.3111,0.8000,0.6889
146,0.0466,0.8285,0.2074,0.3852,0.7926,0.6148
147,-0.0161,0.8258,0.1741,0.3407,0.8259,0.6593
148,-0.0704,0.8264,0.1741,0.3519,0.8259,0.6481
149,-0.1019,0.8257,0.2037,0.3519,0.7963,0.6481
150,-0.0394,0.8225,0.2074,0.3259,0.7926,0.6741
151,0.0120,0.8188,0.2000,0.3741,0.8000,0.6259
152,-0.0836,0.8176,0.1889,0.4074,0.8111,0.5926
153,0.0763,0.8162,0.2000,0.3370,0.8000,0.6630
154,-0.0444,0.8139,0.1778,0.3704,0.8222,0.6296
155,0.0256,0.8150,0.1593,0.3481,0.8407,0.6519
156,-0.0748,0.8122,0.1926,0.3852,0.8074,0.6148
157,-0.0975,0.8128,0.1630,0.3593,0.8370,0.6407
158,-0.0258,0.8085,0.1778,0.3889,0.8222,0.6111
159,-0.0531,0.8077,0.1852,0.3370,0.8148,0.6630
160,-0.1448,0.8065,0.1926,0.3704,0.8074,0.6296
161,-0.1133,0.8051,0.1519,0.3852,0.8481,0.6148
162,-0.0699,0.8033,0.1963,0.3926,0.8037,0.6074
163,0.0132,0.8030,0.2037,0.3852,0.7963,0.6148
164,-0.0331,0.8009,0.1593,0.3667,0.8407,0.6333
165,-0.0328,0.7992,0.2074,0.3407,0.7926,0.6593
166,-0.0326,0.7977,0.2037,0.4000,0.7963,0.6000
167,-0.0136,0.7967,0.1963,0.3519,0.8037,0.6481
168,-0.0594,0.7945,0.1963,0.3815,0.8037,0.6185
169,0.0265,0.7936,0.1815,0.3815,0.8185,0.6185
170,-0.2345,0.7923,0.1444,0.4074,0.8556,0.5926
171,-0.0722,0.7911,0.2074,0.4222,0.7926,0.5778
172,-0.1731,0.7896,0.1630,0.3519,0.8370,0.6481
173,-0.1058,0.7895,0.1889,0.3667,0.8111,0.6333
174,0.0317,0.7891,0.1889,0.3926,0.8111,0.6074
175,-0.0747,0.7875,0.1926,0.4000,0.8074,0.6000
176,-0.0379,0.7871,0.1852,0.3852,0.8148,0.6148
177,-0.0228,0.7853,0.1963,0.3481,0.8037,0.6519
178,-0.1464,0.7843,0.1815,0.4037,0.8185,0.5963
179,-0.0238,0.7845,0.2037,0.3630,0.7963,0.6370
180,-0.0570,0.7841,0.1593,0.3926,0.8407,0.6074
181,-0.0751,0.7819,0.1741,0.3815,0.8259,0.6185
182,-0.0054,0.7803,0.1926,0.4000,0.8074,0.6000
183,-0.0073,0.7804,0.2000,0.4111,0.8000,0.5889
184,-0.1149,0.7796,0.1778,0.3630,0.8222,0.6370
185,-0.0630,0.7788,0.2000,0.3778,0.8000,0.6222
186,-0.1087,0.7773,0.1481,0.3704,0.8519,0.6296
187,0.0059,0.7757,0.1963,0.3926,0.8037,0.6074
188,-0.0371,0.7747,0.2185,0.3815,0.7815,0.6185
189,-0.0158,0.7746,0.1852,0.4037,0.8148,0.5963
190,-0.0879,0.7732,0.1778,0.4185,0.8222,0.5815
191,0.0283,0.7726,0.2000,0.3926,0.8000,0.6074
192,-0.0710,0.7710,0.1778,0.4111,0.8222,0.5889
193,-0.1096,0.7701,0.1593,0.3815,0.8407,0.6185
194,0.0048,0.7691,0.2000,0.3815,0.8000,0.6185
195,0.1541,0.7689,0.2444,0.4000,0.7556,0.6000
196,-0.1864,0.7677,0.1741,0.4407,0.8259,0.5593
197,-0.1041,0.7670,0.1926,0.3963,0.8074,0.6037
198,-0.1191,0.7667,0.1815,0.4074,0.8185,0.5926
199,-0.0088,0.7662,0.2148,0.3630,0.7852,0.6370
200,-0.1689,0.7654,0.2148,0.3852,0.7852,0.6148
201,-0.0071,0.7636,0.2148,0.3333,0.7852,0.6667
202,-0.0316,0.7632,0.1852,0.3778,0.8148,0.6222
203,-0.0034,0.7634,0.1852,0.3407,0.8148,0.6593
204,-0.0776,0.7628,0.1963,0.3815,0.8037,0.6185
205,0.0214,0.7628,0.2074,0.3778,0.7926,0.6222
206,-0.1045,0.7609,0.1852,0.3741,0.8148,0.6259
207,-0.0822,0.7602,0.1741,0.3963,0.8259,0.6037
208,-0.0512,0.7597,0.1926,0.3741,0.8074,0.6259
209,-0.0276,0.7594,0.1370,0.4333,0.8630,0.5667
210,0.0129,0.7583,0.1704,0.4259,0.8296,0.5741
211,-0.0151,0.7583,0.1889,0.3815,0.8111,0.6185
212,0.0834,0.7571,0.2148,0.3741,0.7852,0.6259
213,-0.0548,0.7567,0.2148,0.3741,0.7852,0.6259
214,0.0136,0.7555,0.2074,0.4037,0.7926,0.5963
215,-0.0606,0.7546,0.1926,0.4037,0.8074,0.5963
216,-0.0728,0.7548,0.1519,0.3556,0.8481,0.6444
217,-0.0703,0.7538,0.1630,0.3630,0.8370,0.6370
218,0.0655,0.7542,0.2111,0.3667,0.7889,0.6333
219,-0.0600,0.7525,0.1889,0.3778,0.8111,0.6222
220,-0.0221,0.7520,0.1481,0.3519,0.8519,0.6481
221,-0.0412,0.7521,0.2037,0.3889,0.7963,0.6111
222,0.0717,0.7525,0.2111,0.3444,0.7889,0.6556
223,-0.0266,0.7512,0.1815,0.3704,0.8185,0.6296
224,0.0756,0.7506,0.2111,0.4000,0.7889,0.6000
225,0.0311,0.7497,0.2074,0.3778,0.7926,0.6222
226,-0.1047,0.7499,0.1815,0.3852,0.8185,0.6148
227,0.0168,0.7497,0.1926,0.3370,0.8074,0.6630
228,-0.0885,0.7494,0.1704,0.4074,0.8296,0.5926
229,0.1175,0.7487,0.1926,0.4000,0.8074,0.6000
230,0.0281,0.7486,0.1926,0.3593,0.8074,0.6407
231,0.0892,0.7471,0.1963,0.3741,0.8037,0.6259
232,0.0603,0.7467,0.1778,0.3741,0.8222,0.6259
233,-0.0391,0.7461,0.1741,0.3519,0.8259,0.6481
234,0.0419,0.7453,0.1852,0.3481,0.8148,0.6519
235,-0.0339,0.7449,0.1741,0.4074,0.8259,0.5926
236,-0.0216,0.7444,0.2259,0.4111,0.7741,0.5889
237,-0.0851,0.7445,0.1741,0.3963,0.8259,0.6037
238,-0.0603,0.7432,0.1667,0.4111,0.8333,0.5889
239,-0.0388,0.7434,0.1815,0.4000,0.8185,0.6000
240,0.0732,0.7427,0.2296,0.3519,0.7704,0.6481
241,0.0216,0.7420,0.1852,0.3741,0.8148,0.6259
242,-0.0533,0.7422,0.2148,0.3926,0.7852,0.6074
243,0.0701,0.7416,0.2407,0.3889,0.7593,0.6111
244,0.1418,0.7409,0.1963,0.4000,0.8037,0.6000
245,-0.0853,0.7405,0.1926,0.3481,0.8074,0.6519
246,-0.0870,0.7409,0.1778,0.3963,0.8222,0.6037
247,-0.0100,0.7402,0.1963,0.3889,0.8037,0.6111
248,-0.1309,0.7395,0.1778,0.3778,0.8222,0.6222
249,-0.0674,0.7392,0.1741,0.3889,0.8259,0.6111
250,0.0110,0.7387,0.1741,0.3926,0.8259,0.6074
251,-0.0908,0.7387,0.1667,0.3741,0.8333,0.6259
252,0.0152,0.7379,0.1556,0.3926,0.8444,0.6074
253,-0.0815,0.7374,0.1889,0.3926,0.8111,0.6074
254,-0.0089,0.7371,0.2148,0.4037,0.7852,0.5963
255,-0.0693,0.7366,0.1815,0.4259,0.8185,0.5741
256,-0.0407,0.7364,0.1889,0.3963,0.8111,0.6037
257,0.0688,0.7357,0.2222,0.3852,0.7778,0.6148
258,-0.0272,0.7358,0.2074,0.4074,0.7926,0.5926
259,-0.1401,0.7357,0.1852,0.4074,0.8148,0.5926
260,0.0277,0.7356,0.2074,0.3815,0.7926,0.6185
261,-0.0612,0.7349,0.1667,0.3852,0.8333,0.6148
262,-0.0265,0.7349,0.1815,0.3667,0.8185,0.6333
263,0.0117,0.7351,0.1889,0.3889,0.8111,0.6111
264,0.0480,0.7351,0.2259,0.3926,0.7741,0.6074
265,-0.1173,0.7346,0.1815,0.3630,0.8185,0.6370
266,0.0598,0.7343,0.1815,0.4185,0.8185,0.5815
267,-0.1146,0.7344,0.1481,0.3593,0.8519,0.6407
268,0.0232,0.7341,0.1704,0.4000,0.8296,0.6000
269,-0.0378,0.7339,0.2000,0.3815,0.8000,0.6185
270,0.0044,0.7335,0.2111,0.4074,0.7889,0.5926
271,0.0172,0.7332,0.2185,0.3926,0.7815,0.6074
272,0.1728,0.7330,0.2519,0.3630,0.7481,0.6370
273,-0.1467,0.7322,0.1852,0.3963,0.8148,0.6037
274,0.0629,0.7320,0.2333,0.4000,0.7667,0.6000
275,0.0372,0.7321,0.2222,0.3630,0.7778,0.6370
276,0.0985,0.7317,0.2370,0.3889,0.7630,0.6111
277,-0.1278,0.7312,0.1519,0.3481,0.8481,0.6519
278,-0.0931,0.7308,0.2000,0.3815,0.8000,0.6185
279,0.0338,0.7303,0.2481,0.3815,0.7519,0.6185
280,-0.0873,0.7305,0.1963,0.4296,0.8037,0.5704
281,-0.1068,0.7305,0.1889,0.3926,0.8111,0.6074
282,0.1932,0.7303,0.1963,0.4407,0.8037,0.5593
283,0.0345,0.7305,0.2111,0.4037,0.7889,0.5963
284,0.1652,0.7298,0.2222,0.3926,0.7778,0.6074
285,-0.1314,0.7298,0.1630,0.3852,0.8370,0.6148
286,-0.1032,0.7298,0.1889,0.4333,0.8111,0.5667
287,0.0704,0.7295,0.2407,0.3778,0.7593,0.6222
288,-0.2075,0.7291,0.1741,0.3704,0.8259,0.6296
289,-0.2083,0.7286,0.1704,0.3296,0.8296,0.6704
290,0.0416,0.7286,0.2000,0.3889,0.8000,0.6111
291,-0.1566,0.7284,0.1667,0.4481,0.8333,0.5519
292,0.0782,0.7282,0.2111,0.3741,0.7889,0.6259
293,0.1382,0.7279,0.2222,0.4037,0.7778,0.5963
294,0.0058,0.7275,0.1481,0.3741,0.8519,0.6259
295,0.1069,0.7274,0.2000,0.3556,0.8000,0.6444
296,-0.0274,0.7271,0.2148,0.4222,0.7852,0.5778
297,0.0394,0.7268,0.1889,0.3556,0.8111,0.6444
298,-0.1427,0.7266,0.1815,0.3926,0.8185,0.6074
299,-0.0821,0.7265,0.1519,0.4000,0.8481,0.6000
300,-0.0064,0.7261,0.2074,0.3852,0.7926,0.6148
301,0.0464,0.7260,0.1815,0.3852,0.8185,0.6148
302,0.0447,0.7261,0.2000,0.3926,0.8000,0.6074
303,-0.0676,0.7260,0.1519,0.3481,0.8481,0.6519
304,-0.0475,0.7259,0.1667,0.3704,0.8333,0.6296
305,-0.1052,0.7259,0.1778,0.3852,0.8222,0.6148
306,-0.0577,0.7256,0.1741,0.4148,0.8259,0.5852
307,-0.0983,0.7255,0.1593,0.4000,0.8407,0.6000
308,-0.0376,0.7254,0.1704,0.3519,0.8296,0.6481
309,0.0246,0.7256,0.1704,0.3741,0.8296,0.6259
310,-0.0163,0.7257,0.1926,0.3667,0.8074,0.6333
311,-0.0428,0.7253,0.2074,0.4259,0.7926,0.5741
312,-0.0065,0.7252,0.1778,0.3444,0.8222,0.6556
313,0.1432,0.7247,0.2481,0.4296,0.7519,0.5704
314,-0.0055,0.7245,0.1852,0.4000,0.8148,0.6000
315,-0.1812,0.7243,0.1556,0.4074,0.8444,0.5926
316,-0.0578,0.7243,0.1926,0.3630,0.8074,0.6370
317,0.0734,0.7242,0.1889,0.3593,0.8111,0.6407
318,0.0521,0.7240,0.1963,0.4185,0.8037,0.5815
319,0.1148,0.7240,0.2259,0.3444,0.7741,0.6556
320,0.0062,0.7238,0.2000,0.4074,0.8000,0.5926
321,0.0526,0.7236,0.2222,0.3815,0.7778,0.6185
322,-0.0707,0.7235,0.1852,0.4333,0.8148,0.5667
323,-0.0670,0.7234,0.1667,0.3815,0.8333,0.6185
324,0.0647,0.7232,0.1852,0.3926,0.8148,0.6074
325,-0.0118,0.7234,0.1704,0.3741,0.8296,0.6259
326,0.0203,0.7233,0.1704,0.4111,0.8296,0.5889
327,0.0212,0.7230,0.1963,0.3889,0.8037,0.6111
328,-0.0602,0.7231,0.1889,0.3815,0.8111,0.6185
329,-0.1290,0.7230,0.1593,0.3815,0.8407,0.6185
330,-0.0717,0.7232,0.1852,0.4074,0.8148,0.5926
331,-0.0307,0.7230,0.2185,0.4148,0.7815,0.5852
332,0.0463,0.7228,0.2111,0.4000,0.7889,0.6000
333,-0.0485,0.7227,0.1778,0.4111,0.8222,0.5889
334,0.0419,0.7228,0.2185,0.4000,0.7815,0.6000
335,-0.0126,0.7226,0.2222,0.3704,0.7778,0.6296
336,0.0901,0.7227,0.2000,0.3852,0.8000,0.6148
337,0.0040,0.7224,0.1741,0.3889,0.8259,0.6111
338,-0.0567,0.7223,0.1852,0.3963,0.8148,0.6037
339,-0.0041,0.7224,0.1593,0.4000,0.8407,0.6000
340,0.0772,0.7220,0.1926,0.3778,0.8074,0.6222
341,-0.0669,0.7218,0.2037,0.3704,0.7963,0.6296
342,0.2314,0.7218,0.2704,0.4000,0.7296,0.6000
343,-0.0655,0.7216,0.1815,0.4222,0.8185,0.5778
344,-0.1159,0.7214,0.1481,0.3704,0.8519,0.6296
345,-0.0163,0.7213,0.2000,0.4148,0.8000,0.5852
346,0.0757,0.7214,0.2148,0.4037,0.7852,0.5963
347,0.0375,0.7211,0.1926,0.4074,0.8074,0.5926
348,0.1162,0.7210,0.2111,0.4296,0.7889,0.5704
349,0.0329,0.7209,0.1519,0.3630,0.8481,0.6370
350,-0.0630,0.7208,0.1630,0.4111,0.8370,0.5889
351,-0.0208,0.7205,0.2185,0.4370,0.7815,0.5630
352,-0.0903,0.7204,0.1815,0.3630,0.8185,0.6370
353,-0.0953,0.7202,0.1481,0.3815,0.8519,0.6185
354,-0.1145,0.7203,0.1630,0.4259,0.8370,0.5741
355,-0.2399,0.7201,0.1630,0.3852,0.8370,0.6148
356,0.0406,0.7199,0.1889,0.3704,0.8111,0.6296
357,-0.1810,0.7197,0.1852,0.3963,0.8148,0.6037
358,0.0001,0.7197,0.1963,0.3704,0.8037,0.6296
359,-0.0217,0.7197,0.1889,0.4000,0.8111,0.6000
360,-0.0571,0.7196,0.1704,0.4074,0.8296,0.5926
361,0.1301,0.7194,0.2407,0.4407,0.7593,0.5593
362,-0.1312,0.7194,0.1741,0.4000,0.8259,0.6000
363,0.0389,0.7192,0.2074,0.4296,0.7926,0.5704
364,0.0497,0.7191,0.2333,0.4074,0.7667,0.5926
365,0.0358,0.7192,0.2000,0.3704,0.8000,0.6296
366,0.0350,0.7192,0.2111,0.3593,0.7889,0.6407
367,-0.0202,0.7191,0.1926,0.4148,0.8074,0.5852
368,-0.0160,0.7191,0.2000,0.3407,0.8000,0.6593
369,0.0154,0.7191,0.2000,0.3667,0.8000,0.6333
370,-0.1092,0.7189,0.1704,0.3926,0.8296,0.6074
371,0.0898,0.7188,0.2259,0.3815,0.7741,0.6185
372,0.0257,0.7187,0.1963,0.3741,0.8037,0.6259
373,-0.0636,0.7185,0.1926,0.4222,0.8074,0.5778
374,0.0505,0.7184,0.1963,0.3778,0.8037,0.6222
375,0.0133,0.7185,0.2259,0.3519,0.7741,0.6481
376,-0.0248,0.7183,0.1889,0.3667,0.8111,0.6333
377,-0.0647,0.7183,0.1815,0.4222,0.8185,0.5778
378,-0.0335,0.7183,0.2111,0.3593,0.7889,0.6407
379,-0.1777,0.7183,0.1556,0.3926,0.8444,0.6074
380,-0.0018,0.7180,0.1704,0.3741,0.8296,0.6259
381,-0.0741,0.7180,0.1963,0.3556,0.8037,0.6444
382,-0.0569,0.7180,0.1778,0.4111,0.8222,0.5889
383,0.0910,0.7180,0.2148,0.3815,0.7852,0.6185
384,0.1878,0.7181,0.2519,0.3778,0.7481,0.6222
385,-0.0693,0.7180,0.2037,0.4111,0.7963,0.5889
386,0.0146,0.7180,0.2111,0.3778,0.7889,0.6222
387,-0.0203,0.7180,0.2037,0.4185,0.7963,0.5815
388,-0.1023,0.7178,0.2407,0.4370,0.7593,0.5630
389,-0.0998,0.7176,0.1778,0.4074,0.8222,0.5926
390,0.0406,0.7176,0.2148,0.4370,0.7852,0.5630
391,0.0996,0.7175,0.2185,0.4296,0.7815,0.5704
392,-0.0130,0.7174,0.2000,0.3889,0.8000,0.6111
393,0.0647,0.7173,0.1926,0.3778,0.8074,0.6222
394,0.0089,0.7172,0.2000,0.3741,0.8000,0.6259
395,-0.0094,0.7172,0.1852,0.3852,0.8148,0.6148
396,-0.0741,0.7171,0.2000,0.3926,0.8000,0.6074
397,-0.0613,0.7172,0.1926,0.3963,0.8074,0.6037
398,0.0690,0.7173,0.2185,0.3741,0.7815,0.6259
399,-0.0287,0.7172,0.2111,0.4259,0.7889,0.5741
400,-0.0686,0.7172,0.1778,0.4148,0.8222,0.5852
401,0.0947,0.7172,0.2296,0.4000,0.7704,0.6000
402,-0.0854,0.7171,0.1889,0.3889,0.8111,0.6111
403,0.0721,0.7170,0.2111,0.4000,0.7889,0.6000
404,0.0067,0.7170,0.1815,0.4037,0.8185,0.5963
405,0.0234,0.7169,0.2185,0.3926,0.7815,0.6074
406,-0.0594,0.7168,0.1815,0.4037,0.8185,0.5963
407,-0.0277,0.7168,0.2000,0.3926,0.8000,0.6074
408,0.0265,0.7167,0.1963,0.3741,0.8037,0.6259
409,0.0138,0.7166,0.2074,0.3630,0.7926,0.6370
410,-0.0383,0.7166,0.2037,0.4407,0.7963,0.5593
411,-0.0343,0.7166,0.1926,0.3815,0.8074,0.6185
412,0.1020,0.7165,0.2333,0.3815,0.7667,0.6185
413,-0.0780,0.7164,0.2037,0.3741,0.7963,0.6259
414,0.1426,0.7164,0.2481,0.3815,0.7519,0.6185
415,0.0263,0.7163,0.1778,0.4037,0.8222,0.5963
416,-0.0849,0.7163,0.1481,0.3889,0.8519,0.6111
417,0.0867,0.7163,0.2481,0.4000,0.7519,0.6000
418,-0.0711,0.7163,0.2111,0.3963,0.7889,0.6037
419,0.0522,0.7162,0.2000,0.3741,0.8000,0.6259
420,0.1733,0.7162,0.2407,0.3889,0.7593,0.6111
421,-0.0487,0.7162,0.1926,0.3630,0.8074,0.6370
422,0.0715,0.7162,0.1889,0.4148,0.8111,0.5852
423,-0.1196,0.7162,0.1630,0.3519,0.8370,0.6481
424,0.0051,0.7162,0.1926,0.3963,0.8074,0.6037
425,-0.0093,0.7162,0.1926,0.4037,0.8074,0.5963
426,-0.1117,0.7162,0.2222,0.3815,0.7778,0.6185
427,0.0458,0.7161,0.1889,0.4222,0.8111,0.5778
428,-0.1251,0.7160,0.1741,0.3889,0.8259,0.6111
429,0.0236,0.7160,0.2148,0.3963,0.7852,0.6037
430,0.0041,0.7160,0.1852,0.4000,0.8148,0.6000
431,-0.0051,0.7160,0.1926,0.3926,0.8074,0.6074
432,0.0246,0.7159,0.2037,0.3667,0.7963,0.6333
433,0.0455,0.7159,0.2185,0.4037,0.7815,0.5963
434,-0.0589,0.7159,0.1889,0.3852,0.8111,0.6148
435,-0.2133,0.7159,0.1481,0.3815,0.8519,0.6185
436,0.0519,0.7159,0.1963,0.4000,0.8037,0.6000
437,-0.1043,0.7160,0.1704,0.3926,0.8296,0.6074
438,0.1175,0.7159,0.2074,0.3593,0.7926,0.6407
439,0.0831,0.7159,0.2407,0.3704,0.7593,0.6296
440,0.0709,0.7159,0.2296,0.4333,0.7704,0.5667
441,0.0570,0.7159,0.2185,0.3667,0.7815,0.6333
442,0.0045,0.7158,0.1741,0.3963,0.8259,0.6037
443,-0.1670,0.7157,0.1741,0.3852,0.8259,0.6148
444,-0.1627,0.7157,0.2000,0.4000,0.8000,0.6000
445,0.0377,0.7157,0.1889,0.3926,0.8111,0.6074
446,-0.0650,0.7157,0.1926,0.4111,0.8074,0.5889
447,-0.1209,0.7157,0.2037,0.3926,0.7963,0.6074
448,-0.1714,0.7157,0.1593,0.3815,0.8407,0.6185
449,-0.1524,0.7157,0.1519,0.3519,0.8481,0.6481
450,0.0960,0.7156,0.2407,0.3963,0.7593,0.6037
451,0.0450,0.7156,0.2296,0.3630,0.7704,0.6370
452,-0.1518,0.7155,0.1741,0.3741,0.8259,0.6259
453,-0.0224,0.7155,0.1815,0.3741,0.8185,0.6259
454,-0.0142,0.7155,0.2037,0.4111,0.7963,0.5889
455,0.1705,0.7155,0.2519,0.3815,0.7481,0.6185
456,0.0815,0.7155,0.1815,0.3815,0.8185,0.6185
457,-0.0531,0.7155,0.1593,0.4333,0.8407,0.5667
458,0.0447,0.7154,0.1778,0.3926,0.8222,0.6074
459,-0.0123,0.7154,0.1889,0.3815,0.8111,0.6185
460,0.0572,0.7154,0.2222,0.4000,0.7778,0.6000
461,-0.0027,0.7154,0.2000,0.4111,0.8000,0.5889
462,0.0087,0.7154,0.2000,0.3778,0.8000,0.6222
463,-0.0994,0.7153,0.1556,0.3519,0.8444,0.6481
464,-0.1593,0.7153,0.1630,0.4370,0.8370,0.5630
465,-0.0120,0.7153,0.1741,0.4000,0.8259,0.6000
466,0.2412,0.7153,0.2519,0.3815,0.7481,0.6185
467,-0.1705,0.7153,0.1926,0.3926,0.8074,0.6074
468,-0.1087,0.7153,0.1852,0.3889,0.8148,0.6111
469,-0.0821,0.7153,0.1667,0.4148,0.8333,0.5852
470,-0.0369,0.7153,0.1778,0.3704,0.8222,0.6296
471,-0.1244,0.7152,0.1889,0.3741,0.8111,0.6259
472,-0.0914,0.7152,0.1407,0.4481,0.8593,0.5519
473,-0.0788,0.7152,0.2037,0.4037,0.7963,0.5963
474,0.1109,0.7152,0.2111,0.3741,0.7889,0.6259
475,0.0029,0.7152,0.2037,0.3889,0.7963,0.6111
476,0.0639,0.7152,0.1889,0.3407,0.8111,0.6593
477,0.1051,0.7152,0.2296,0.4148,0.7704,0.5852
478,0.0370,0.7152,0.1741,0.4037,0.8259,0.5963
479,-0.0261,0.7151,0.1963,0.4148,0.8037,0.5852
480,-0.1612,0.7151,0.2074,0.3926,0.7926,0.6074
481,-0.0832,0.7151,0.1667,0.3741,0.8333,0.6259
482,0.0628,0.7151,0.2074,0.3741,0.7926,0.6259
483,0.1356,0.7151,0.2630,0.3778,0.7370,0.6222
484,-0.0163,0.7151,0.2074,0.4148,0.7926,0.5852
485,0.1618,0.7150,0.2185,0.4111,0.7815,0.5889
486,0.0174,0.7150,0.2185,0.3889,0.7815,0.6111
487,-0.1634,0.7150,0.1444,0.4000,0.8556,0.6000
488,0.0075,0.7150,0.2259,0.3630,0.7741,0.6370
489,0.0088,0.7150,0.1926,0.3778,0.8074,0.6222
490,-0.1068,0.7150,0.1704,0.4148,0.8296,0.5852
491,0.0307,0.7150,0.2037,0.4296,0.7963,0.5704
492,-0.0794,0.7149,0.1370,0.4185,0.8630,0.5815
493,-0.1745,0.7149,0.1815,0.3963,0.8185,0.6037
494,-0.0294,0.7149,0.1815,0.4000,0.8185,0.6000
495,0.0716,0.7149,0.2222,0.3926,0.7778,0.6074
496,0.0757,0.7149,0.1926,0.3778,0.8074,0.6222
497,0.0687,0.7148,0.2111,0.4037,0.7889,0.5963
498,-0.0795,0.7148,0.2074,0.3667,0.7926,0.6333
499,0.0609,0.7148,0.1778,0.3741,0.8222,0.6259
500,0.0136,0.7148,0.2037,0.3852,0.7963,0.6148
501,0.0179,0.7148,0.1926,0.4111,0.8074,0.5889
502,0.0377,0.7148,0.1778,0.4074,0.8222,0.5926
503,-0.0168,0.7148,0.1630,0.4370,0.8370,0.5630
504,-0.0548,0.7148,0.1963,0.4185,0.8037,0.5815
505,-0.0938,0.7147,0.1667,0.3778,0.8333,0.6222
506,-0.0526,0.7147,0.1741,0.4296,0.8259,0.5704
507,-0.0299,0.7147,0.1815,0.4111,0.8185,0.5889
508,-0.1418,0.7147,0.1741,0.3519,0.8259,0.6481
509,-0.0016,0.7146,0.1741,0.3889,0.8259,0.6111
510,-0.0497,0.7146,0.2037,0.3741,0.7963,0.6259
511,0.0465,0.7146,0.2037,0.3370,0.7963,0.6630
512,-0.1241,0.7146,0.1926,0.4148,0.8074,0.5852
513,0.0013,0.7146,0.2185,0.4222,0.7815,0.5778
514,-0.0082,0.7146,0.2000,0.3815,0.8000,0.6185
515,-0.0836,0.7146,0.1741,0.3852,0.8259,0.6148
516,-0.0579,0.7146,0.1778,0.3704,0.8222,0.6296
517,0.0171,0.7146,0.2037,0.3815,0.7963,0.6185
518,-0.0175,0.7146,0.2074,0.4111,0.7926,0.5889
519,-0.0676,0.7146,0.1519,0.3778,0.8481,0.6222
520,0.1355,0.7146,0.2296,0.3963,0.7704,0.6037
521,-0.1993,0.7146,0.1815,0.3741,0.8185,0.6259
522,-0.2558,0.7146,0.1852,0.3815,0.8148,0.6185
523,-0.0606,0.7146,0.1963,0.3889,0.8037,0.6111
524,0.0612,0.7146,0.2037,0.3667,0.7963,0.6333
525,-0.1439,0.7146,0.1741,0.4296,0.8259,0.5704
526,0.0154,0.7146,0.1667,0.3926,0.8333,0.6074
527,-0.0643,0.7145,0.1926,0.4148,0.8074,0.5852
528,0.1361,0.7145,0.2407,0.3630,0.7593,0.6370
529,0.0753,0.7145,0.1963,0.3741,0.8037,0.6259
530,0.0017,0.7145,0.2111,0.3889,0.7889,0.6111
531,-0.0213,0.7145,0.1852,0.4000,0.8148,0.6000
532,-0.0469,0.7145,0.1704,0.3444,0.8296,0.6556
533,0.0256,0.7145,0.1889,0.4000,0.8111,0.6000
534,-0.0567,0.7145,0.2111,0.3852,0.7889,0.6148
535,0.0512,0.7145,0.2222,0.3630,0.7778,0.6370
536,-0.0217,0.7145,0.1889,0.4222,0.8111,0.5778
537,-0.1028,0.7145,0.1926,0.3963,0.8074,0.6037
538,-0.1682,0.7145,0.1556,0.3926,0.8444,0.6074
539,-0.0649,0.7145,0.2148,0.4000,0.7852,0.6000
540,0.0137,0.7145,0.1963,0.4148,0.8037,0.5852
541,-0.0275,0.7145,0.2037,0.3778,0.7963,0.6222
542,0.0150,0.7145,0.1667,0.4037,0.8333,0.5963
543,-0.0193,0.7145,0.1778,0.3926,0.8222,0.6074
544,-0.1570,0.7145,0.1667,0.4111,0.8333,0.5889
545,0.0332,0.7145,0.1630,0.4481,0.8370,0.5519
546,0.0598,0.7145,0.2185,0.3889,0.7815,0.6111
547,0.1085,0.7145,0.2000,0.4000,0.8000,0.6000
548,0.0404,0.7145,0.2259,0.4259,0.7741,0.5741
549,-0.0443,0.7145,0.1815,0.3926,0.8185,0.6074
550,-0.2522,0.7144,0.1593,0.4222,0.8407,0.5778
551,-0.0472,0.7144,0.2111,0.4074,0.7889,0.5926
552,0.0722,0.7144,0.1704,0.3926,0.8296,0.6074
553,0.0560,0.7144,0.2222,0.3815,0.7778,0.6185
554,-0.1303,0.7144,0.1704,0.4074,0.8296,0.5926
555,-0.0892,0.7144,0.1778,0.3704,0.8222,0.6296
556,0.0082,0.7144,0.1815,0.3741,0.8185,0.6259
557,0.0116,0.7144,0.2111,0.4259,0.7889,0.5741
558,0.0661,0.7144,0.2111,0.3889,0.7889,0.6111
559,-0.1125,0.7144,0.2074,0.3963,0.7926,0.6037
560,-0.0057,0.7144,0.1889,0.4481,0.8111,0.5519
561,0.0223,0.7144,0.1926,0.3815,0.8074,0.6185
562,0.0765,0.7144,0.1963,0.4037,0.8037,0.5963
563,0.0329,0.7144,0.1815,0.3926,0.8185,0.6074
564,-0.0587,0.7144,0.1963,0.3778,0.8037,0.6222
565,0.0266,0.7144,0.2185,0.4185,0.7815,0.5815
566,-0.0000,0.7143,0.1889,0.4037,0.8111,0.5963
567,-0.1709,0.7143,0.1407,0.4148,0.8593,0.5852
568,0.1031,0.7143,0.1926,0.3593,0.8074,0.6407
569,-0.0712,0.7143,0.1852,0.3815,0.8148,0.6185
570,0.1013,0.7143,0.1704,0.3556,0.8296,0.6444
571,-0.0829,0.7143,0.1926,0.3963,0.8074,0.6037
572,0.1143,0.7143,0.2556,0.4222,0.7444,0.5778
573,-0.0543,0.7143,0.1778,0.3815,0.8222,0.6185
574,-0.0458,0.7143,0.2222,0.4000,0.7778,0.6000
575,-0.1336,0.7143,0.1259,0.3370,0.8741,0.6630
576,-0.1742,0.7143,0.1630,0.3778,0.8370,0.6222
577,0.0463,0.7143,0.1963,0.3704,0.8037,0.6296
578,0.0284,0.7143,0.1963,0.4407,0.8037,0.5593
579,0.0884,0.7143,0.2296,0.3852,0.7704,0.6148
580,-0.0497,0.7143,0.1333,0.3963,0.8667,0.6037
581,-0.0668,0.7143,0.1815,0.4222,0.8185,0.5778
582,-0.0888,0.7143,0.1704,0.3778,0.8296,0.6222
583,0.0141,0.7143,0.1852,0.3889,0.8148,0.6111
584,0.0610,0.7143,0.2074,0.4111,0.7926,0.5889
585,0.0405,0.7143,0.1963,0.3556,0.8037,0.6444
586,-0.0602,0.7143,0.2074,0.4185,0.7926,0.5815
587,0.0040,0.7143,0.2259,0.3741,0.7741,0.6259
588,-0.1460,0.7143,0.1667,0.3593,0.8333,0.6407
589,0.0227,0.7143,0.2000,0.3889,0.8000,0.6111
590,0.0182,0.7143,0.1741,0.4259,0.8259,0.5741
591,-0.0475,0.7143,0.1963,0.4037,0.8037,0.5963
592,-0.0785,0.7143,0.1815,0.3704,0.8185,0.6296
593,0.0281,0.7143,0.1963,0.3852,0.8037,0.6148
594,-0.0508,0.7143,0.2333,0.3815,0.7667,0.6185
595,0.0271,0.7143,0.2000,0.3963,0.8000,0.6037
596,-0.1482,0.7143,0.1815,0.3667,0.8185,0.6333
597,0.0261,0.7143,0.2111,0.4148,0.7889,0.5852
598,-0.1052,0.7143,0.1926,0.3741,0.8074,0.6259
599,0.0029,0.7143,0.1889,0.3852,0.8111,0.6148
600,-0.1567,0.7143,0.1556,0.4000,0.8444,0.6000
601,-0.2166,0.7143,0.1741,0.4111,0.8259,0.5889
602,-0.0055,0.7143,0.1778,0.4407,0.8222,0.5593
603,0.0115,0.7143,0.2111,0.3926,0.7889,0.6074
604,-0.0465,0.7143,0.1741,0.3630,0.8259,0.6370
605,-0.0779,0.7143,0.1741,0.4111,0.8259,0.5889
606,0.0619,0.7143,0.2407,0.4037,0.7593,0.5963
607,-0.0422,0.7143,0.1852,0.3630,0.8148,0.6370
608,-0.0654,0.7142,0.1704,0.3926,0.8296,0.6074
609,0.0028,0.7142,0.1852,0.3815,0.8148,0.6185
610,0.0006,0.7142,0.2259,0.3407,0.7741,0.6593
611,0.0251,0.7142,0.2111,0.3519,0.7889,0.6481
612,0.0480,0.7142,0.2185,0.3852,0.7815,0.6148
613,0.1005,0.7142,0.2370,0.3889,0.7630,0.6111
614,-0.1728,0.7142,0.1630,0.3593,0.8370,0.6407
615,-0.0782,0.7142,0.1741,0.3667,0.8259,0.6333
616,0.0494,0.7142,0.2296,0.3741,0.7704,0.6259
617,0.0950,0.7142,0.1741,0.3926,0.8259,0.6074
618,0.0259,0.7142,0.1926,0.4185,0.8074,0.5815
619,-0.1127,0.7142,0.1667,0.4074,0.8333,0.5926
620,-0.0843,0.7142,0.1852,0.3926,0.8148,0.6074
621,-0.0648,0.7142,0.2037,0.3815,0.7963,0.6185
622,0.0393,0.7142,0.1852,0.3963,0.8148,0.6037
623,-0.0211,0.7142,0.1852,0.4037,0.8148,0.5963
624,0.0315,0.7142,0.2333,0.3630,0.7667,0.6370
625,0.0336,0.7142,0.1963,0.3593,0.8037,0.6407
626,0.0425,0.7142,0.1889,0.4259,0.8111,0.5741
627,-0.1159,0.7142,0.1741,0.4148,0.8259,0.5852
628,0.0323,0.7142,0.1926,0.3519,0.8074,0.6481
629,-0.1010,0.7142,0.1889,0.4000,0.8111,0.6000
630,-0.1931,0.7142,0.1444,0.3815,0.8556,0.6185
631,-0.0605,0.7142,0.2037,0.4074,0.7963,0.5926
632,-0.0147,0.7142,0.2074,0.3852,0.7926,0.6148
633,-0.0152,0.7142,0.2222,0.3889,0.7778,0.6111
634,-0.0618,0.7142,0.2074,0.3778,0.7926,0.6222
635,-0.0136,0.7142,0.2185,0.4000,0.7815,0.6000
636,-0.0505,0.7142,0.1667,0.4037,0.8333,0.5963
637,-0.0648,0.7142,0.2185,0.4185,0.7815,0.5815
638,-0.0264,0.7142,0.2370,0.3815,0.7630,0.6185
639,-0.0048,0.7142,0.1926,0.4444,0.8074,0.5556
640,-0.0967,0.7142,0.1667,0.3630,0.8333,0.6370
641,-0.0696,0.7142,0.1889,0.3852,0.8111,0.6148
642,0.0337,0.7142,0.2074,0.4037,0.7926,0.5963
643,0.0151,0.7142,0.1778,0.3852,0.8222,0.6148
644,0.0663,0.7142,0.1889,0.3593,0.8111,0.6407
645,-0.0822,0.7142,0.1741,0.4037,0.8259,0.5963
646,-0.0427,0.7142,0.2111,0.3778,0.7889,0.6222
647,0.0020,0.7142,0.1963,0.3889,0.8037,0.6111
648,0.0406,0.7142,0.2222,0.3852,0.7778,0.6148
649,0.0448,0.7142,0.2074,0.3815,0.7926,0.6185
650,0.0051,0.7142,0.1926,0.3333,0.8074,0.6667
651,-0.0318,0.7142,0.1593,0.3852,0.8407,0.6148
652,0.0660,0.7142,0.2296,0.3889,0.7704,0.6111
653,0.0335,0.7142,0.1852,0.4185,0.8148,0.5815
654,-0.1572,0.7142,0.1519,0.4111,0.8481,0.5889
655,-0.1561,0.7142,0.1704,0.3704,0.8296,0.6296
656,-0.0573,0.7142,0.1630,0.3963,0.8370,0.6037
657,-0.0080,0.7142,0.1741,0.4259,0.8259,0.5741
658,-0.0452,0.7142,0.1889,0.3815,0.8111,0.6185
659,0.1092,0.7142,0.2333,0.3630,0.7667,0.6370
660,-0.1000,0.7142,0.1815,0.4111,0.8185,0.5889
661,-0.1479,0.7142,0.1667,0.3667,0.8333,0.6333
662,0.0333,0.7142,0.2370,0.3963,0.7630,0.6037
663,-0.0790,0.7142,0.1741,0.3889,0.8259,0.6111
664,0.0429,0.7142,0.1963,0.4185,0.8037,0.5815
665,0.0298,0.7142,0.2296,0.3815,0.7704,0.6185
666,-0.0736,0.7142,0.2000,0.3593,0.8000,0.6407
667,0.0962,0.7142,0.2222,0.4000,0.7778,0.6000
668,0.0630,0.7142,0.2074,0.3630,0.7926,0.6370
669,-0.0459,0.7142,0.1852,0.3889,0.8148,0.6111
670,-0.0665,0.7142,0.1963,0.3704,0.8037,0.6296
671,-0.0257,0.7142,0.2148,0.3889,0.7852,0.6111
672,0.0674,0.7142,0.2074,0.3593,0.7926,0.6407
673,-0.0117,0.7142,0.2185,0.3815,0.7815,0.6185
674,-0.0386,0.7142,0.1778,0.4222,0.8222,0.5778
675,0.0750,0.7142,0.1926,0.3741,0.8074,0.6259
676,0.0617,0.7142,0.2000,0.3778,0.8000,0.6222
677,0.0118,0.7142,0.2000,0.3889,0.8000,0.6111
678,-0.0296,0.7142,0.2185,0.4037,0.7815,0.5963
679,-0.0602,0.7142,0.1593,0.3667,0.8407,0.6333
680,-0.0448,0.7142,0.1926,0.4037,0.8074,0.5963
681,0.0340,0.7142,0.1741,0.3667,0.8259,0.6333
682,0.0324,0.7142,0.2074,0.3778,0.7926,0.6222
683,-0.0104,0.7142,0.1852,0.3778,0.8148,0.6222
684,-0.1487,0.7142,0.1519,0.4111,0.8481,0.5889
685,-0.0151,0.7142,0.2000,0.3741,0.8000,0.6259
686,-0.0145,0.7142,0.1741,0.4000,0.8259,0.6000
687,0.0634,0.7142,0.2407,0.3926,0.7593,0.6074
688,-0.1747,0.7142,0.1667,0.3630,0.8333,0.6370
689,0.0709,0.7142,0.1963,0.4296,0.8037,0.5704
690,0.0767,0.7142,0.1926,0.3926,0.8074,0.6074
691,0.0574,0.7142,0.2333,0.3963,0.7667,0.6037
692,0.0111,0.7142,0.2111,0.3963,0.7889,0.6037
693,0.1435,0.7142,0.2370,0.3778,0.7630,0.6222
694,0.0100,0.7142,0.2259,0.3926,0.7741,0.6074
695,-0.0999,0.7142,0.1333,0.3889,0.8667,0.6111
696,0.1085,0.7142,0.1963,0.3519,0.8037,0.6481
697,-0.0625,0.7142,0.2000,0.3889,0.8000,0.6111
698,0.0637,0.7142,0.2407,0.4037,0.7593,0.5963
699,-0.0490,0.7142,0.2148,0.3889,0.7852,0.6111
700,-0.0451,0.7142,0.1481,0.3704,0.8519,0.6296
701,-0.0045,0.7142,0.1963,0.4111,0.8037,0.5889
702,-0.0376,0.7142,0.1926,0.4185,0.8074,0.5815
703,-0.1030,0.7142,0.1778,0.3593,0.8222,0.6407
704,-0.0877,0.7142,0.2074,0.4185,0.7926,0.5815
705,-0.0371,0.7142,0.2074,0.3963,0.7926,0.6037
706,-0.1281,0.7142,0.1519,0.3926,0.8481,0.6074
707,0.0119,0.7142,0.2222,0.3815,0.7778,0.6185
708,-0.0346,0.7142,0.1704,0.3556,0.8296,0.6444
709,-0.1476,0.7142,0.1926,0.3704,0.8074,0.6296
710,-0.0503,0.7142,0.1889,0.4185,0.8111,0.5815
711,0.0388,0.7142,0.2074,0.4148,0.7926,0.5852
712,-0.0469,0.7142,0.1778,0.4111,0.8222,0.5889
713,-0.0324,0.7142,0.1852,0.3704,0.8148,0.6296
714,-0.0449,0.7142,0.1704,0.4000,0.8296,0.6000
715,0.0011,0.7142,0.2185,0.4000,0.7815,0.6000
716,0.0248,0.7142,0.2074,0.4037,0.7926,0.5963
717,0.0565,0.7142,0.1852,0.4074,0.8148,0.5926
718,0.0172,0.7142,0.1889,0.4148,0.8111,0.5852
719,0.0043,0.7142,0.1815,0.4296,0.8185,0.5704
720,-0.0556,0.7142,0.1963,0.4370,0.8037,0.5630
721,-0.0100,0.7142,0.1815,0.4296,0.8185,0.5704
722,0.0105,0.7142,0.2111,0.4222,0.7889,0.5778
723,-0.0680,0.7142,0.2037,0.3852,0.7963,0.6148
724,0.0722,0.7142,0.1852,0.3481,0.8148,0.6519
725,0.0090,0.7142,0.2037,0.3667,0.7963,0.6333
726,0.0236,0.7142,0.2037,0.3593,0.7963,0.6407
727,0.0322,0.7142,0.1926,0.3963,0.8074,0.6037
728,0.0712,0.7142,0.2148,0.4185,0.7852,0.5815
729,-0.0410,0.7142,0.1926,0.3926,0.8074,0.6074
730,0.0603,0.7142,0.1889,0.3778,0.8111,0.6222
731,0.0289,0.7142,0.1556,0.3778,0.8444,0.6222
732,0.1253,0.7142,0.2037,0.3963,0.7963,0.6037
733,0.0937,0.7142,0.2741,0.3667,0.7259,0.6333
734,-0.0348,0.7142,0.1963,0.4074,0.8037,0.5926
735,0.0163,0.7142,0.1852,0.3481,0.8148,0.6519
736,-0.0298,0.7142,0.1852,0.4407,0.8148,0.5593
737,-0.0063,0.7142,0.1704,0.4000,0.8296,0.6000
738,0.1037,0.7142,0.2037,0.4000,0.7963,0.6000
739,-0.0221,0.7142,0.2111,0.3926,0.7889,0.6074
740,0.0779,0.7142,0.2370,0.4222,0.7630,0.5778
741,0.0709,0.7142,0.1815,0.3778,0.8185,0.6222
742,-0.0885,0.7142,0.1963,0.4111,0.8037,0.5889
743,0.0310,0.7142,0.1889,0.3481,0.8111,0.6519
744,-0.0021,0.7142,0.2037,0.3556,0.7963,0.6444
745,-0.0887,0.7142,0.1926,0.3852,0.8074,0.6148
746,-0.2163,0.7142,0.1370,0.4000,0.8630,0.6000
747,0.0124,0.7142,0.1963,0.4111,0.8037,0.5889
748,0.1593,0.7142,0.2000,0.3741,0.8000,0.6259
749,-0.0615,0.7142,0.1741,0.3667,0.8259,0.6333
750,-0.0616,0.7142,0.2037,0.3444,0.7963,0.6556
751,-0.0322,0.7142,0.1926,0.4074,0.8074,0.5926
752,-0.0409,0.7142,0.1778,0.4148,0.8222,0.5852
753,-0.0434,0.7142,0.1852,0.4259,0.8148,0.5741
754,-0.0163,0.7142,0.1963,0.4074,0.8037,0.5926
755,0.0383,0.7142,0.2074,0.4074,0.7926,0.5926
756,-0.0334,0.7142,0.1926,0.3667,0.8074,0.6333
757,-0.0721,0.7142,0.1778,0.3741,0.8222,0.6259
758,-0.0058,0.7142,0.1926,0.3222,0.8074,0.6778
759,0.0487,0.7142,0.2074,0.3963,0.7926,0.6037
760,0.0433,0.7142,0.2037,0.3741,0.7963,0.6259
761,0.0276,0.7142,0.1778,0.3926,0.8222,0.6074
762,0.0474,0.7142,0.1963,0.3852,0.8037,0.6148
763,-0.0007,0.7142,0.1630,0.4037,0.8370,0.5963
764,0.0470,0.7142,0.2037,0.3593,0.7963,0.6407
765,0.0277,0.7142,0.2259,0.3741,0.7741,0.6259
766,0.0442,0.7142,0.2037,0.4000,0.7963,0.6000
767,0.1104,0.7142,0.1926,0.4148,0.8074,0.5852
768,-0.1843,0.7142,0.1667,0.3778,0.8333,0.6222
769,0.0224,0.7142,0.1926,0.3704,0.8074,0.6296
770,-0.0717,0.7142,0.1889,0.4407,0.8111,0.5593
771,-0.0295,0.7142,0.1889,0.3370,0.8111,0.6630
772,-0.1937,0.7142,0.1444,0.4148,0.8556,0.5852
773,-0.0015,0.7142,0.1963,0.3630,0.8037,0.6370
774,0.0173,0.7142,0.2519,0.3889,0.7481,0.6111
775,0.1253,0.7142,0.1963,0.3630,0.8037,0.6370
776,0.1736,0.7142,0.2259,0.4148,0.7741,0.5852
777,-0.1107,0.7142,0.1815,0.4037,0.8185,0.5963
778,-0.0080,0.7142,0.2074,0.3889,0.7926,0.6111
779,-0.1070,0.7142,0.1815,0.3667,0.8185,0.6333
780,-0.1624,0.7142,0.1481,0.3815,0.8519,0.6185
781,0.0072,0.7142,0.2111,0.3926,0.7889,0.6074
782,0.0943,0.7142,0.1889,0.4444,0.8111,0.5556
783,0.0107,0.7142,0.2074,0.3889,0.7926,0.6111
784,0.0916,0.7142,0.2259,0.3926,0.7741,0.6074
785,-0.0035,0.7142,0.2111,0.3778,0.7889,0.6222
786,-0.0501,0.7142,0.1963,0.3667,0.8037,0.6333
787,-0.0223,0.7142,0.1704,0.4000,0.8296,0.6000
788,0.1097,0.7142,0.2000,0.3926,0.8000,0.6074
789,-0.0332,0.7142,0.1593,0.3407,0.8407,0.6593
790,0.0343,0.7142,0.1852,0.3593,0.8148,0.6407
791,-0.1937,0.7142,0.1889,0.4370,0.8111,0.5630
792,-0.0175,0.7142,0.1704,0.3667,0.8296,0.6333
793,-0.0919,0.7142,0.1889,0.4185,0.8111,0.5815
794,-0.1344,0.7142,0.1963,0.3815,0.8037,0.6185
795,-0.1119,0.7142,0.1852,0.3889,0.8148,0.6111
796,-0.0500,0.7142,0.1667,0.3963,0.8333,0.6037
797,0.2136,0.7142,0.2481,0.4444,0.7519,0.5556
798,-0.1096,0.7142,0.1889,0.4037,0.8111,0.5963
799,0.1320,0.7142,0.1704,0.3963,0.8296,0.6037
800,-0.0715,0.7142,0.1815,0.4000,0.8185,0.6000
801,-0.0246,0.7142,0.1741,0.3741,0.8259,0.6259
802,-0.0269,0.7142,0.1889,0.3704,0.8111,0.6296
803,-0.1443,0.7142,0.1704,0.3704,0.8296,0.6296
804,-0.1241,0.7142,0.1926,0.4185,0.8074,0.5815
805,0.0283,0.7142,0.2259,0.3741,0.7741,0.6259
806,0.0675,0.7142,0.2185,0.3519,0.7815,0.6481
807,0.1857,0.7142,0.2037,0.3741,0.7963,0.6259
808,0.0806,0.7142,0.2222,0.4185,0.7778,0.5815
809,0.0272,0.7142,0.1963,0.3778,0.8037,0.6222
810,-0.0500,0.7142,0.1852,0.4111,0.8148,0.5889
811,0.0326,0.7142,0.2111,0.3889,0.7889,0.6111
812,-0.0341,0.7142,0.1926,0.3926,0.8074,0.6074
813,-0.0527,0.7142,0.2074,0.4000,0.7926,0.6000
814,0.0065,0.7142,0.2111,0.4222,0.7889,0.5778
815,-0.0579,0.7142,0.1630,0.3778,0.8370,0.6222
816,0.0799,0.7142,0.1778,0.3519,0.8222,0.6481
817,-0.1807,0.7142,0.2037,0.4000,0.7963,0.6000
818,-0.0853,0.7142,0.1815,0.4259,0.8185,0.5741
819,0.0826,0.7142,0.2222,0.3778,0.7778,0.6222
820,0.0173,0.7142,0.2074,0.3519,0.7926,0.6481
821,-0.1001,0.7142,0.1630,0.3963,0.8370,0.6037
822,-0.0947,0.7142,0.1778,0.4037,0.8222,0.5963
823,-0.1074,0.7142,0.1815,0.3852,0.8185,0.6148
824,-0.1357,0.7142,0.1185,0.3815,0.8815,0.6185
825,0.0971,0.7142,0.1926,0.3852,0.8074,0.6148
826,-0.1382,0.7142,0.1926,0.3667,0.8074,0.6333
827,0.0283,0.7142,0.2185,0.3889,0.7815,0.6111
828,0.0451,0.7142,0.2074,0.4333,0.7926,0.5667
829,-0.0481,0.7142,0.1852,0.4074,0.8148,0.5926
830,0.1119,0.7142,0.2222,0.4185,0.7778,0.5815
831,-0.0070,0.7142,0.1926,0.4370,0.8074,0.5630
832,0.0837,0.7142,0.1963,0.4407,0.8037,0.5593
833,0.0229,0.7142,0.1815,0.4000,0.8185,0.6000
834,-0.1551,0.7142,0.1481,0.3889,0.8519,0.6111
835,0.0536,0.7142,0.2259,0.4000,0.7741,0.6000
836,-0.0293,0.7142,0.1852,0.3852,0.8148,0.6148
837,0.0023,0.7142,0.1852,0.4037,0.8148,0.5963
838,0.0491,0.7142,0.2074,0.3778,0.7926,0.6222
839,0.0472,0.7142,0.2333,0.4074,0.7667,0.5926
840,0.0659,0.7142,0.2148,0.3778,0.7852,0.6222
841,-0.0253,0.7142,0.2074,0.3852,0.7926,0.6148
842,-0.1973,0.7142,0.1444,0.3889,0.8556,0.6111
843,-0.0737,0.7142,0.1889,0.4074,0.8111,0.5926
844,-0.0009,0.7142,0.1704,0.4111,0.8296,0.5889
845,0.0944,0.7142,0.2037,0.4185,0.7963,0.5815
846,0.0225,0.7142,0.1852,0.3704,0.8148,0.6296
847,-0.0398,0.7142,0.1852,0.4444,0.8148,0.5556
848,-0.0658,0.7142,0.1704,0.4037,0.8296,0.5963
849,0.0212,0.7142,0.1667,0.3815,0.8333,0.6185
850,0.0170,0.7142,0.2000,0.3741,0.8000,0.6259
851,-0.0629,0.7142,0.1889,0.3593,0.8111,0.6407
852,0.0347,0.7142,0.2481,0.4037,0.7519,0.5963
853,-0.1017,0.7142,0.1667,0.3630,0.8333,0.6370
854,-0.1232,0.7142,0.1667,0.4259,0.8333,0.5741
855,0.0047,0.7142,0.2074,0.4185,0.7926,0.5815
856,-0.0387,0.7142,0.1667,0.3963,0.8333,0.6037
857,-0.0128,0.7142,0.1926,0.3704,0.8074,0.6296
858,0.0176,0.7142,0.2259,0.4185,0.7741,0.5815
859,-0.1153,0.7142,0.1667,0.3889,0.8333,0.6111
860,0.0881,0.7142,0.1963,0.3704,0.8037,0.6296
861,-0.0206,0.7142,0.1926,0.3704,0.8074,0.6296
862,-0.0557,0.7142,0.1963,0.3963,0.8037,0.6037
863,-0.0758,0.7142,0.1815,0.3778,0.8185,0.6222
864,0.1403,0.7142,0.2148,0.3926,0.7852,0.6074
865,0.1736,0.7142,0.2444,0.3889,0.7556,0.6111
866,0.0124,0.7142,0.2037,0.4259,0.7963,0.5741
867,-0.0177,0.7142,0.2296,0.4074,0.7704,0.5926
868,-0.0646,0.7142,0.1556,0.3852,0.8444,0.6148
869,-0.0650,0.7142,0.1926,0.3556,0.8074,0.6444
870,0.1128,0.7142,0.2074,0.3963,0.7926,0.6037
871,-0.0159,0.7142,0.1741,0.3704,0.8259,0.6296
872,0.0831,0.7142,0.2185,0.3778,0.7815,0.6222
873,0.0118,0.7142,0.1815,0.3963,0.8185,0.6037
874,-0.1476,0.7142,0.1778,0.4000,0.8222,0.6000
875,-0.0090,0.7142,0.2037,0.3704,0.7963,0.6296
876,-0.0673,0.7142,0.1778,0.3741,0.8222,0.6259
877,-0.1224,0.7142,0.1630,0.3889,0.8370,0.6111
878,0.0468,0.7142,0.2259,0.3444,0.7741,0.6556
879,-0.0280,0.7142,0.2333,0.4000,0.7667,0.6000
880,0.0069,0.7142,0.2074,0.3815,0.7926,0.6185
881,-0.0239,0.7142,0.2111,0.4037,0.7889,0.5963
882,-0.1100,0.7142,0.1852,0.3852,0.8148,0.6148
883,-0.1640,0.7142,0.2074,0.4037,0.7926,0.5963
884,-0.0511,0.7142,0.1667,0.4111,0.8333,0.5889
885,-0.0842,0.7142,0.1815,0.3704,0.8185,0.6296
886,-0.0182,0.7142,0.2000,0.3778,0.8000,0.6222
887,-0.1881,0.7142,0.1704,0.3630,0.8296,0.6370
888,-0.0292,0.7142,0.1963,0.4296,0.8037,0.5704
889,-0.0857,0.7142,0.1630,0.3852,0.8370,0.6148
890,-0.0455,0.7142,0.1778,0.4185,0.8222,0.5815
891,-0.0144,0.7142,0.1667,0.3889,0.8333,0.6111
892,-0.1006,0.7142,0.1667,0.4074,0.8333,0.5926
893,0.0125,0.7142,0.1778,0.3889,0.8222,0.6111
894,0.0366,0.7142,0.1926,0.3741,0.8074,0.6259
895,-0.0944,0.7142,0.1704,0.3519,0.8296,0.6481
896,-0.0258,0.7142,0.1926,0.3778,0.8074,0.6222
897,-0.1222,0.7142,0.1815,0.3667,0.8185,0.6333
898,0.0432,0.7142,0.2333,0.4111,0.7667,0.5889
899,0.0335,0.7142,0.2148,0.3667,0.7852,0.6333
900,0.0303,0.7142,0.1778,0.4037,0.8222,0.5963
901,0.0474,0.7142,0.1963,0.4407,0.8037,0.5593
902,0.0561,0.7142,0.2185,0.3815,0.7815,0.6185
903,-0.1122,0.7142,0.1815,0.3889,0.8185,0.6111
904,0.0793,0.7142,0.2074,0.4037,0.7926,0.5963
905,0.0211,0.7142,0.1926,0.4037,0.8074,0.5963
906,-0.0960,0.7142,0.1593,0.3407,0.8407,0.6593
907,-0.0377,0.7142,0.2074,0.4444,0.7926,0.5556
908,-0.0784,0.7142,0.1556,0.4000,0.8444,0.6000
909,-0.0537,0.7142,0.1778,0.4000,0.8222,0.6000
910,0.0024,0.7142,0.2111,0.4185,0.7889,0.5815
911,0.1511,0.7142,0.1963,0.4111,0.8037,0.5889
912,-0.1018,0.7142,0.2000,0.4259,0.8000,0.5741
913,0.0779,0.7142,0.1778,0.4037,0.8222,0.5963
914,-0.0523,0.7142,0.1741,0.3963,0.8259,0.6037
915,0.0067,0.7142,0.2000,0.4111,0.8000,0.5889
916,0.0518,0.7142,0.2000,0.3852,0.8000,0.6148
917,-0.0830,0.7142,0.2000,0.3852,0.8000,0.6148
918,-0.1263,0.7142,0.1741,0.4037,0.8259,0.5963
919,0.0377,0.7142,0.2259,0.4000,0.7741,0.6000
920,0.0101,0.7142,0.2037,0.4259,0.7963,0.5741
921,0.0165,0.7142,0.2037,0.4000,0.7963,0.6000
922,-0.1103,0.7142,0.2000,0.3963,0.8000,0.6037
923,-0.0588,0.7142,0.1704,0.3852,0.8296,0.6148
924,-0.0689,0.7142,0.1815,0.3481,0.8185,0.6519
925,-0.1993,0.7142,0.1519,0.4222,0.8481,0.5778
926,-0.0639,0.7142,0.2296,0.3630,0.7704,0.6370
927,-0.0764,0.7142,0.1815,0.3815,0.8185,0.6185
928,-0.0663,0.7142,0.1963,0.3778,0.8037,0.6222
929,-0.0259,0.7142,0.1963,0.4222,0.8037,0.5778
930,0.0168,0.7142,0.1889,0.4000,0.8111,0.6000
931,0.0803,0.7142,0.2111,0.3704,0.7889,0.6296
932,-0.0534,0.7142,0.2111,0.3667,0.7889,0.6333
933,-0.0016,0.7142,0.1667,0.4185,0.8333,0.5815
934,0.0373,0.7142,0.2000,0.3741,0.8000,0.6259
935,0.0418,0.7142,0.2037,0.4185,0.7963,0.5815
936,-0.0019,0.7142,0.2000,0.3630,0.8000,0.6370
937,-0.0242,0.7142,0.2148,0.3593,0.7852,0.6407
938,-0.0895,0.7142,0.2148,0.3778,0.7852,0.6222
939,-0.1445,0.7142,0.1778,0.3963,0.8222,0.6037
940,0.0145,0.7142,0.2148,0.3963,0.7852,0.6037
941,0.0564,0.7142,0.2074,0.4074,0.7926,0.5926
942,-0.0244,0.7142,0.1926,0.4556,0.8074,0.5444
943,0.0808,0.7142,0.2074,0.4037,0.7926,0.5963
944,-0.0942,0.7142,0.2185,0.4037,0.7815,0.5963
945,-0.0209,0.7142,0.2000,0.3926,0.8000,0.6074
946,-0.1214,0.7142,0.1963,0.3778,0.8037,0.6222
947,-0.0897,0.7142,0.1815,0.3630,0.8185,0.6370
948,0.0602,0.7142,0.1667,0.3815,0.8333,0.6185
949,-0.0415,0.7142,0.1926,0.3519,0.8074,0.6481
950,-0.0020,0.7142,0.2333,0.3852,0.7667,0.6148
951,0.0439,0.7142,0.2148,0.3630,0.7852,0.6370
952,0.0653,0.7142,0.2074,0.4074,0.7926,0.5926
953,0.0461,0.7142,0.2111,0.4037,0.7889,0.5963
954,0.0530,0.7142,0.1630,0.3481,0.8370,0.6519
955,-0.0978,0.7142,0.2185,0.4037,0.7815,0.5963
956,-0.0578,0.7142,0.1963,0.4148,0.8037,0.5852
957,0.0028,0.7142,0.1852,0.4111,0.8148,0.5889
958,-0.0421,0.7142,0.2111,0.4111,0.7889,0.5889
959,0.0322,0.7142,0.2000,0.3926,0.8000,0.6074
960,0.0985,0.7142,0.2037,0.4111,0.7963,0.5889
961,-0.1186,0.7142,0.1852,0.3926,0.8148,0.6074
962,-0.0133,0.7142,0.1815,0.3407,0.8185,0.6593
963,-0.0127,0.7142,0.1926,0.3852,0.8074,0.6148
964,0.0761,0.7142,0.2296,0.4148,0.7704,0.5852
965,-0.1168,0.7142,0.2037,0.4185,0.7963,0.5815
966,0.1771,0.7142,0.2333,0.3667,0.7667,0.6333
967,0.0137,0.7142,0.2000,0.3778,0.8000,0.6222
968,0.0100,0.7142,0.1889,0.4000,0.8111,0.6000
969,-0.1636,0.7142,0.2074,0.4111,0.7926,0.5889
970,-0.0466,0.7142,0.1815,0.3630,0.8185,0.6370
971,-0.0607,0.7142,0.2074,0.3963,0.7926,0.6037
972,-0.0775,0.7142,0.1593,0.3926,0.8407,0.6074
973,0.0376,0.7142,0.1852,0.4259,0.8148,0.5741
974,-0.1017,0.7142,0.1778,0.3704,0.8222,0.6296
975,0.0091,0.7142,0.2148,0.3741,0.7852,0.6259
976,0.0187,0.7142,0.1852,0.4222,0.8148,0.5778
977,-0.0952,0.7142,0.1852,0.3741,0.8148,0.6259
978,0.1114,0.7142,0.2185,0.3963,0.7815,0.6037
979,-0.0301,0.7142,0.1852,0.4111,0.8148,0.5889
980,-0.1103,0.7142,0.1889,0.4074,0.8111,0.5926
981,-0.0385,0.7142,0.1852,0.3519,0.8148,0.6481
982,0.0091,0.7142,0.1778,0.3370,0.8222,0.6630
983,0.0471,0.7142,0.2185,0.3889,0.7815,0.6111
984,0.1048,0.7142,0.2000,0.4259,0.8000,0.5741
985,-0.0724,0.7142,0.2148,0.4074,0.7852,0.5926
986,-0.1064,0.7142,0.1778,0.4185,0.8222,0.5815
987,-0.0883,0.7142,0.1667,0.3926,0.8333,0.6074
988,0.0588,0.7142,0.2296,0.4000,0.7704,0.6000
989,-0.0979,0.7142,0.1815,0.4000,0.8185,0.6000
990,-0.1372,0.7142,0.1630,0.4519,0.8370,0.5481
991,0.0671,0.7142,0.2259,0.3963,0.7741,0.6037
992,-0.0420,0.7142,0.1778,0.3963,0.8222,0.6037
993,0.0622,0.7142,0.2444,0.4148,0.7556,0.5852
994,0.0058,0.7142,0.2148,0.3556,0.7852,0.6444
995,0.0370,0.7142,0.2074,0.4148,0.7926,0.5852
996,0.0492,0.7142,0.1593,0.3667,0.8407,0.6333
997,-0.1580,0.7142,0.1815,0.3630,0.8185,0.6370
998,-0.0362,0.7142,0.1963,0.4037,0.8037,0.5963
999,0.0112,0.7142,0.2037,0.4074,0.7963,0.5926
