0,-0.1923,107.1231,0.0593,0.0556,0.9407,0.9444
1,-0.0849,104.8980,0.0963,0.0889,0.9037,0.9111
2,0.0039,102.7263,0.0963,0.1037,0.9037,0.8963
3,0.0921,100.3789,0.1222,0.1185,0.8778,0.8815
4,0.1852,97.6741,0.1556,0.1444,0.8444,0.8556
5,0.2936,94.3043,0.2222,0.2259,0.7778,0.7741
6,0.4096,90.0905,0.3333,0.3333,0.6667,0.6667
7,0.5295,84.7228,0.4111,0.4222,0.5889,0.5778
8,0.6407,78.0740,0.4963,0.4852,0.5037,0.5148
9,0.7560,69.7913,0.5111,0.5444,0.4889,0.4556
10,0.8476,60.1464,0.5593,0.5778,0.4407,0.4222
11,1.0012,49.4096,0.5889,0.5815,0.4111,0.4185
12,0.9589,38.9946,0.5148,0.6000,0.4852,0.4000
13,1.0130,30.0724,0.5074,0.6000,0.4926,0.4000
14,0.9244,23.4595,0.4667,0.5852,0.5333,0.4148
15,0.9811,18.2097,0.4815,0.6148,0.5185,0.3852
16,1.0584,14.6885,0.4926,0.6185,0.5074,0.3815
17,1.1585,11.9762,0.5185,0.6667,0.4815,0.3333
18,1.1565,10.2726,0.5296,0.6963,0.4704,0.3037
19,1.2223,8.9587,0.5111,0.6963,0.4889,0.3037
20,1.0933,8.3668,0.4926,0.6926,0.5074,0.3074
21,1.1808,8.0954,0.5111,0.6815,0.4889,0.3185
22,1.2136,7.8776,0.5000,0.7222,0.5000,0.2778
23,1.2801,8.0129,0.5815,0.7333,0.4185,0.2667
24,1.2357,7.9596,0.5370,0.7259,0.4630,0.2741
25,1.4026,8.0030,0.5407,0.7333,0.4593,0.2667
26,1.3541,7.9993,0.5889,0.7556,0.4111,0.2444
27,1.4201,8.0831,0.6000,0.7593,0.4000,0.2407
28,1.4452,8.1355,0.5852,0.7889,0.4148,0.2111
29,1.4975,8.2685,0.5704,0.7630,0.4296,0.2370
30,1.5464,8.2621,0.6296,0.7815,0.3704,0.2185
31,1.5886,8.2212,0.6148,0.7815,0.3852,0.2185
32,1.4683,8.2182,0.6037,0.7667,0.3963,0.2333
33,1.5043,8.2418,0.6111,0.7963,0.3889,0.2037
34,1.4431,8.3953,0.6037,0.7815,0.3963,0.2185
35,1.6100,8.3296,0.6444,0.7963,0.3556,0.2037
36,1.5340,8.4269,0.6185,0.8037,0.3815,0.1963
37,1.6956,8.3775,0.6630,0.8148,0.3370,0.1852
38,1.6554,8.4137,0.6222,0.8296,0.3778,0.1704
39,1.7453,8.4518,0.6889,0.7963,0.3111,0.2037
40,1.7534,8.3880,0.6815,0.8259,0.3185,0.1741
41,1.5588,8.4625,0.6222,0.8037,0.3778,0.1963
42,1.7493,8.5534,0.6741,0.8148,0.3259,0.1852
43,1.7802,8.5416,0.6889,0.7667,0.3111,0.2333
44,1.7426,8.5525,0.6667,0.8037,0.3333,0.1963
45,1.6023,8.6807,0.6444,0.8037,0.3556,0.1963
46,1.8204,8.7269,0.6741,0.8222,0.3259,0.1778
47,1.8074,8.7043,0.6926,0.8148,0.3074,0.1852
48,1.7866,8.7137,0.6926,0.8185,0.3074,0.1815
49,1.7478,8.7761,0.6778,0.8481,0.3222,0.1519
50,1.7499,8.7098,0.6852,0.8222,0.3148,0.1778
51,1.8502,8.8366,0.7148,0.8074,0.2852,0.1926
52,1.9165,8.7695,0.7037,0.8407,0.2963,0.1593
53,1.7974,8.8423,0.7074,0.8148,0.2926,0.1852
54,1.9037,8.8240,0.6963,0.8370,0.3037,0.1630
55,1.8496,8.8267,0.7111,0.8222,0.2889,0.1778
56,1.9076,8.8305,0.7333,0.8296,0.2667,0.1704
57,1.8292,8.8875,0.6889,0.8222,0.3111,0.1778
58,1.8802,8.8834,0.7000,0.8370,0.3000,0.1630
59,1.8652,8.8685,0.7000,0.8519,0.3000,0.1481
60,1.9522,8.9034,0.7222,0.8444,0.2778,0.1556
61,1.9195,9.0862,0.7222,0.8704,0.2778,0.1296
62,1.9200,9.1025,0.7259,0.8370,0.2741,0.1630
63,1.9116,9.1467,0.7000,0.8370,0.3000,0.1630
64,1.8476,9.0570,0.6778,0.8741,0.3222,0.1259
65,1.9700,9.0310,0.7074,0.8444,0.2926,0.1556
66,1.8889,9.0983,0.7000,0.8481,0.3000,0.1519
67,1.9597,9.1251,0.7111,0.8444,0.2889,0.1556
68,1.9194,9.0672,0.7074,0.8370,0.2926,0.1630
69,1.9136,9.1059,0.7148,0.8296,0.2852,0.1704
70,1.9479,9.2316,0.7259,0.8444,0.2741,0.1556
71,1.8874,9.2037,0.7111,0.8370,0.2889,0.1630
72,2.0126,9.2557,0.7111,0.8259,0.2889,0.1741
73,2.0142,9.2568,0.7370,0.8407,0.2630,0.1593
74,1.9100,9.2466,0.7074,0.8481,0.2926,0.1519
75,1.9513,9.2148,0.7296,0.8556,0.2704,0.1444
76,1.9931,9.2515,0.7296,0.8630,0.2704,0.1370
77,2.0616,9.2197,0.7296,0.8593,0.2704,0.1407
78,2.0303,9.2654,0.7481,0.8444,0.2519,0.1556
79,1.9822,9.2763,0.7444,0.8481,0.2556,0.1519
80,2.0590,9.3022,0.7815,0.8667,0.2185,0.1333
81,2.0249,9.3241,0.7185,0.8407,0.2815,0.1593
82,2.0318,9.3400,0.7407,0.8519,0.2593,0.1481
83,2.0878,9.3858,0.7815,0.8741,0.2185,0.1259
84,1.9493,9.3876,0.7148,0.8667,0.2852,0.1333
85,2.1475,9.4554,0.7889,0.8444,0.2111,0.1556
86,2.0483,9.4573,0.7630,0.8556,0.2370,0.1444
87,2.0804,9.4854,0.7556,0.8630,0.2444,0.1370
88,2.0595,9.4187,0.7407,0.8704,0.2593,0.1296
89,2.0579,9.4772,0.7630,0.8444,0.2370,0.1556
90,2.0577,9.4898,0.7630,0.8556,0.2370,0.1444
91,2.0977,9.4879,0.7593,0.8667,0.2407,0.1333
92,2.0133,9.5238,0.7222,0.8481,0.2778,0.1519
93,2.1611,9.4544,0.7815,0.8667,0.2185,0.1333
94,2.0072,9.5306,0.7407,0.8630,0.2593,0.1370
95,2.0387,9.5422,0.7519,0.8630,0.2481,0.1370
96,2.1712,9.4866,0.7778,0.8741,0.2222,0.1259
97,2.1346,9.5767,0.7667,0.8704,0.2333,0.1296
98,2.0882,9.6006,0.7630,0.8741,0.2370,0.1259
99,2.0778,9.6487,0.7407,0.8778,0.2593,0.1222
100,2.1027,9.5810,0.7481,0.8630,0.2519,0.1370
101,2.1317,9.6137,0.7370,0.8519,0.2630,0.1481
102,2.0610,9.6155,0.7259,0.8333,0.2741,0.1667
103,2.0754,9.5746,0.7593,0.8778,0.2407,0.1222
104,2.1238,9.6037,0.7444,0.8778,0.2556,0.1222
105,2.1369,9.5675,0.7926,0.8630,0.2074,0.1370
106,2.0156,9.5590,0.7296,0.8778,0.2704,0.1222
107,2.1462,9.6221,0.7815,0.8778,0.2185,0.1222
108,2.0671,9.6539,0.7667,0.8741,0.2333,0.1259
109,2.0568,9.6658,0.7481,0.8593,0.2519,0.1407
110,2.1776,9.6582,0.7778,0.8593,0.2222,0.1407
111,2.1020,9.6472,0.7704,0.8593,0.2296,0.1407
112,2.0509,9.7029,0.7370,0.8704,0.2630,0.1296
113,2.1524,9.7255,0.7778,0.8519,0.2222,0.1481
114,2.0594,9.7423,0.7556,0.8667,0.2444,0.1333
115,2.1167,9.6747,0.7519,0.8741,0.2481,0.1259
116,2.1717,9.6841,0.7852,0.8667,0.2148,0.1333
117,2.0872,9.7068,0.7556,0.8667,0.2444,0.1333
118,2.1623,9.7287,0.7556,0.8741,0.2444,0.1259
119,2.1521,9.7909,0.7926,0.8593,0.2074,0.1407
120,2.0467,9.7743,0.7593,0.8704,0.2407,0.1296
121,2.1237,9.7633,0.7519,0.8593,0.2481,0.1407
122,2.2234,9.7865,0.8074,0.8667,0.1926,0.1333
123,2.1416,9.7387,0.7741,0.8704,0.2259,0.1296
124,2.1923,9.7597,0.7815,0.8630,0.2185,0.1370
125,2.2095,9.8102,0.7778,0.8704,0.2222,0.1296
126,2.1577,9.7892,0.7704,0.8741,0.2296,0.1259
127,2.1043,9.7666,0.7741,0.8815,0.2259,0.1185
128,2.0994,9.8216,0.7556,0.8852,0.2444,0.1148
129,2.1250,9.8100,0.7593,0.8741,0.2407,0.1259
130,2.1368,9.8185,0.7519,0.8667,0.2481,0.1333
131,2.1691,9.7900,0.7556,0.8556,0.2444,0.1444
132,2.1397,9.8260,0.7519,0.8704,0.2481,0.1296
133,2.1890,9.8170,0.7815,0.8630,0.2185,0.1370
134,2.1171,9.7897,0.7593,0.8667,0.2407,0.1333
135,2.1631,9.8454,0.7889,0.8778,0.2111,0.1222
136,2.1786,9.8896,0.7815,0.8741,0.2185,0.1259
137,2.1597,9.9205,0.7667,0.8593,0.2333,0.1407
138,2.1424,9.9206,0.7852,0.8778,0.2148,0.1222
139,2.1191,9.9093,0.7556,0.8704,0.2444,0.1296
140,2.1002,9.9071,0.7593,0.8593,0.2407,0.1407
141,2.2111,9.9351,0.7926,0.8667,0.2074,0.1333
142,2.1593,10.0048,0.7704,0.8741,0.2296,0.1259
143,2.2244,9.9457,0.7593,0.8667,0.2407,0.1333
144,2.1483,9.9270,0.7556,0.8556,0.2444,0.1444
145,2.1574,9.9184,0.7704,0.8667,0.2296,0.1333
146,2.1278,9.9226,0.7667,0.8630,0.2333,0.1370
147,2.1772,9.9345,0.7704,0.8704,0.2296,0.1296
148,2.1550,9.9297,0.7407,0.8815,0.2593,0.1185
149,2.2248,9.9841,0.8037,0.8852,0.1963,0.1148
150,2.1209,10.0289,0.7667,0.8741,0.2333,0.1259
151,2.2073,10.0300,0.8148,0.8815,0.1852,0.1185
152,2.1253,10.0191,0.7593,0.8778,0.2407,0.1222
153,2.1965,10.0656,0.8074,0.8704,0.1926,0.1296
154,2.2054,10.0562,0.7963,0.8704,0.2037,0.1296
155,2.1230,10.0344,0.7630,0.8778,0.2370,0.1222
156,2.1501,10.0385,0.7556,0.8778,0.2444,0.1222
157,2.2100,10.0997,0.7963,0.8741,0.2037,0.1259
158,2.2146,10.1270,0.7963,0.8593,0.2037,0.1407
159,2.1886,10.1516,0.7704,0.8630,0.2296,0.1370
160,2.1747,10.1172,0.7778,0.8704,0.2222,0.1296
161,2.1580,10.1015,0.7852,0.8667,0.2148,0.1333
162,2.1404,10.0880,0.7630,0.8630,0.2370,0.1370
163,2.2924,10.0781,0.8111,0.8704,0.1889,0.1296
164,2.2509,10.0883,0.7852,0.8815,0.2148,0.1185
165,2.1916,10.1100,0.7926,0.8889,0.2074,0.1111
166,2.2069,10.1161,0.7778,0.8667,0.2222,0.1333
167,2.1656,10.1167,0.7481,0.8815,0.2519,0.1185
168,2.2196,10.0983,0.8037,0.8815,0.1963,0.1185
169,2.1422,10.1283,0.7444,0.8778,0.2556,0.1222
170,2.2513,10.1543,0.8074,0.8667,0.1926,0.1333
171,2.1899,10.1448,0.7630,0.8630,0.2370,0.1370
172,2.1718,10.1312,0.7630,0.8704,0.2370,0.1296
173,2.2200,10.1256,0.7815,0.8815,0.2185,0.1185
174,2.2026,10.1425,0.7667,0.8815,0.2333,0.1185
175,2.2926,10.1334,0.8000,0.8667,0.2000,0.1333
176,2.1548,10.1434,0.7630,0.8852,0.2370,0.1148
177,2.2329,10.1466,0.8185,0.8741,0.1815,0.1259
178,2.1626,10.1538,0.7630,0.8815,0.2370,0.1185
179,2.2197,10.1473,0.7889,0.8852,0.2111,0.1148
180,2.2522,10.1536,0.7741,0.8889,0.2259,0.1111
181,2.2080,10.1699,0.7741,0.8778,0.2259,0.1222
182,2.2060,10.1596,0.7889,0.8778,0.2111,0.1222
183,2.1980,10.1805,0.7963,0.8667,0.2037,0.1333
184,2.1795,10.1840,0.7741,0.8704,0.2259,0.1296
185,2.1314,10.1696,0.7704,0.8889,0.2296,0.1111
186,2.2236,10.1869,0.7926,0.8741,0.2074,0.1259
187,2.2990,10.1934,0.8148,0.8704,0.1852,0.1296
188,2.2033,10.2108,0.7593,0.8815,0.2407,0.1185
189,2.2485,10.2393,0.7963,0.8741,0.2037,0.1259
190,2.1594,10.2347,0.7630,0.8704,0.2370,0.1296
191,2.1914,10.1985,0.7704,0.8815,0.2296,0.1185
192,2.2419,10.2081,0.7852,0.8667,0.2148,0.1333
193,2.2897,10.2281,0.8222,0.8704,0.1778,0.1296
194,2.1968,10.2354,0.7852,0.8630,0.2148,0.1370
195,2.2227,10.2377,0.8037,0.8926,0.1963,0.1074
196,2.2907,10.2206,0.8074,0.8815,0.1926,0.1185
197,2.2392,10.2310,0.8148,0.8741,0.1852,0.1259
198,2.2397,10.2442,0.7815,0.8778,0.2185,0.1222
199,2.1962,10.2407,0.7630,0.8815,0.2370,0.1185
200,2.2852,10.2447,0.8333,0.8778,0.1667,0.1222
201,2.2606,10.2549,0.7815,0.8852,0.2185,0.1148
202,2.2583,10.2553,0.8111,0.8778,0.1889,0.1222
203,2.2426,10.2656,0.7963,0.8815,0.2037,0.1185
204,2.1926,10.2578,0.7704,0.8630,0.2296,0.1370
205,2.2421,10.2775,0.7741,0.8815,0.2259,0.1185
206,2.1698,10.2665,0.7556,0.8630,0.2444,0.1370
207,2.2489,10.2916,0.8037,0.8852,0.1963,0.1148
208,2.2208,10.3046,0.7889,0.8778,0.2111,0.1222
209,2.2589,10.3031,0.7852,0.8815,0.2148,0.1185
210,2.2773,10.3225,0.7852,0.8704,0.2148,0.1296
211,2.3095,10.3210,0.8000,0.8778,0.2000,0.1222
212,2.2261,10.3393,0.8148,0.8815,0.1852,0.1185
213,2.2621,10.3326,0.8074,0.8815,0.1926,0.1185
214,2.2664,10.3324,0.8185,0.8852,0.1815,0.1148
215,2.2225,10.3531,0.7741,0.8852,0.2259,0.1148
216,2.1871,10.3598,0.7815,0.8889,0.2185,0.1111
217,2.1381,10.3492,0.7370,0.8778,0.2630,0.1222
218,2.2491,10.3442,0.7852,0.8852,0.2148,0.1148
219,2.2651,10.3305,0.8074,0.8593,0.1926,0.1407
220,2.2572,10.3298,0.7778,0.8741,0.2222,0.1259
221,2.1975,10.3236,0.7889,0.8815,0.2111,0.1185
222,2.2694,10.3319,0.7778,0.8741,0.2222,0.1259
223,2.2996,10.3446,0.7963,0.8852,0.2037,0.1148
224,2.2501,10.3305,0.7815,0.8741,0.2185,0.1259
225,2.2132,10.3283,0.7815,0.8889,0.2185,0.1111
226,2.1736,10.3378,0.7741,0.8815,0.2259,0.1185
227,2.2071,10.3299,0.7852,0.8704,0.2148,0.1296
228,2.2408,10.3267,0.7667,0.8963,0.2333,0.1037
229,2.3657,10.3346,0.8259,0.8852,0.1741,0.1148
230,2.2334,10.3309,0.7815,0.8778,0.2185,0.1222
231,2.1840,10.3461,0.7926,0.8778,0.2074,0.1222
232,2.3438,10.3612,0.8185,0.8741,0.1815,0.1259
233,2.2304,10.3550,0.7815,0.8778,0.2185,0.1222
234,2.2409,10.3490,0.7852,0.8852,0.2148,0.1148
235,2.2190,10.3537,0.7926,0.8667,0.2074,0.1333
236,2.2366,10.3552,0.7667,0.8741,0.2333,0.1259
237,2.2011,10.3674,0.7741,0.8815,0.2259,0.1185
238,2.2147,10.3669,0.7704,0.8741,0.2296,0.1259
239,2.2427,10.3824,0.8074,0.8704,0.1926,0.1296
240,2.2631,10.3831,0.8000,0.8889,0.2000,0.1111
241,2.1943,10.3684,0.7852,0.8741,0.2148,0.1259
242,2.3000,10.3746,0.8111,0.8815,0.1889,0.1185
243,2.2120,10.3784,0.7889,0.8852,0.2111,0.1148
244,2.3046,10.3780,0.7963,0.8778,0.2037,0.1222
245,2.2030,10.3822,0.7963,0.8815,0.2037,0.1185
246,2.2749,10.3908,0.8074,0.8889,0.1926,0.1111
247,2.2265,10.3918,0.7889,0.8704,0.2111,0.1296
248,2.3140,10.3874,0.8185,0.8778,0.1815,0.1222
249,2.2455,10.3907,0.7704,0.8704,0.2296,0.1296
250,2.2312,10.3916,0.8037,0.8704,0.1963,0.1296
251,2.2184,10.4025,0.7704,0.8778,0.2296,0.1222
252,2.3154,10.4106,0.8185,0.8630,0.1815,0.1370
253,2.2960,10.4150,0.8148,0.8815,0.1852,0.1185
254,2.2195,10.4118,0.7630,0.8667,0.2370,0.1333
255,2.3384,10.4159,0.8519,0.8741,0.1481,0.1259
256,2.2354,10.4206,0.7778,0.8815,0.2222,0.1185
257,2.1504,10.4103,0.7926,0.8815,0.2074,0.1185
258,2.2709,10.4159,0.7963,0.8852,0.2037,0.1148
259,2.2863,10.4218,0.8148,0.8704,0.1852,0.1296
260,2.1601,10.4259,0.7630,0.8889,0.2370,0.1111
261,2.2232,10.4390,0.7926,0.8741,0.2074,0.1259
262,2.2065,10.4297,0.7741,0.8778,0.2259,0.1222
263,2.2019,10.4370,0.8000,0.8704,0.2000,0.1296
264,2.2422,10.4392,0.8148,0.8741,0.1852,0.1259
265,2.2490,10.4363,0.7667,0.8815,0.2333,0.1185
266,2.1746,10.4393,0.7741,0.8815,0.2259,0.1185
267,2.2805,10.4443,0.8000,0.8815,0.2000,0.1185
268,2.3119,10.4397,0.8111,0.8778,0.1889,0.1222
269,2.2365,10.4440,0.8074,0.8889,0.1926,0.1111
270,2.2743,10.4420,0.7778,0.8704,0.2222,0.1296
271,2.2722,10.4425,0.7963,0.8667,0.2037,0.1333
272,2.2859,10.4497,0.8037,0.8667,0.1963,0.1333
273,2.2986,10.4515,0.8074,0.8704,0.1926,0.1296
274,2.2761,10.4444,0.8037,0.8778,0.1963,0.1222
275,2.2494,10.4447,0.8074,0.8815,0.1926,0.1185
276,2.2015,10.4527,0.7704,0.8815,0.2296,0.1185
277,2.2300,10.4437,0.8000,0.8852,0.2000,0.1148
278,2.2740,10.4452,0.8000,0.8741,0.2000,0.1259
279,2.2614,10.4530,0.8000,0.8889,0.2000,0.1111
280,2.2285,10.4540,0.7778,0.8815,0.2222,0.1185
281,2.2850,10.4600,0.7963,0.8667,0.2037,0.1333
282,2.2353,10.4590,0.7815,0.8852,0.2185,0.1148
283,2.2850,10.4638,0.7926,0.8704,0.2074,0.1296
284,2.2757,10.4599,0.8037,0.8852,0.1963,0.1148
285,2.2272,10.4614,0.8000,0.8815,0.2000,0.1185
286,2.2262,10.4613,0.7704,0.8704,0.2296,0.1296
287,2.2314,10.4635,0.7741,0.9037,0.2259,0.0963
288,2.1817,10.4631,0.7593,0.8852,0.2407,0.1148
289,2.2560,10.4651,0.8074,0.8778,0.1926,0.1222
290,2.2880,10.4639,0.8037,0.8852,0.1963,0.1148
291,2.1935,10.4664,0.7815,0.8852,0.2185,0.1148
292,2.2477,10.4692,0.8111,0.8889,0.1889,0.1111
293,2.3263,10.4703,0.8222,0.8815,0.1778,0.1185
294,2.3511,10.4698,0.8222,0.8815,0.1778,0.1185
295,2.2844,10.4715,0.8148,0.8815,0.1852,0.1185
296,2.1817,10.4725,0.7815,0.8556,0.2185,0.1444
297,2.2517,10.4751,0.7778,0.8741,0.2222,0.1259
298,2.2720,10.4774,0.8037,0.8667,0.1963,0.1333
299,2.2224,10.4780,0.8037,0.8741,0.1963,0.1259
300,2.2172,10.4806,0.7889,0.8852,0.2111,0.1148
301,2.2720,10.4817,0.8111,0.8852,0.1889,0.1148
302,2.3030,10.4803,0.7963,0.8741,0.2037,0.1259
303,2.2689,10.4856,0.7963,0.8926,0.2037,0.1074
304,2.3292,10.4875,0.8222,0.8815,0.1778,0.1185
305,2.2736,10.4903,0.8037,0.8778,0.1963,0.1222
306,2.2664,10.4876,0.7889,0.8926,0.2111,0.1074
307,2.2595,10.4891,0.8148,0.8741,0.1852,0.1259
308,2.2286,10.4879,0.8074,0.8778,0.1926,0.1222
309,2.2720,10.4859,0.8111,0.8926,0.1889,0.1074
310,2.2611,10.4810,0.7852,0.8852,0.2148,0.1148
311,2.3127,10.4809,0.7889,0.8778,0.2111,0.1222
312,2.2539,10.4823,0.7889,0.8741,0.2111,0.1259
313,2.2690,10.4844,0.8000,0.8741,0.2000,0.1259
314,2.2622,10.4843,0.7741,0.8778,0.2259,0.1222
315,2.2489,10.4892,0.7926,0.8778,0.2074,0.1222
316,2.3672,10.4947,0.8407,0.8926,0.1593,0.1074
317,2.2409,10.4998,0.7852,0.8741,0.2148,0.1259
318,2.2669,10.5016,0.7963,0.8852,0.2037,0.1148
319,2.2354,10.5038,0.7815,0.9037,0.2185,0.0963
320,2.3016,10.5050,0.8185,0.8926,0.1815,0.1074
321,2.2922,10.5057,0.7889,0.8815,0.2111,0.1185
322,2.2604,10.5041,0.7926,0.8741,0.2074,0.1259
323,2.2815,10.5070,0.7963,0.8741,0.2037,0.1259
324,2.2530,10.5051,0.8074,0.8741,0.1926,0.1259
325,2.2975,10.5078,0.8074,0.8778,0.1926,0.1222
326,2.2661,10.5109,0.7889,0.8889,0.2111,0.1111
327,2.2784,10.5109,0.8111,0.8778,0.1889,0.1222
328,2.1480,10.5130,0.7704,0.8630,0.2296,0.1370
329,2.2539,10.5180,0.7889,0.8852,0.2111,0.1148
330,2.2690,10.5201,0.8037,0.8704,0.1963,0.1296
331,2.2323,10.5213,0.7889,0.8926,0.2111,0.1074
332,2.1998,10.5231,0.7926,0.8926,0.2074,0.1074
333,2.2765,10.5206,0.7963,0.8889,0.2037,0.1111
334,2.2795,10.5252,0.7889,0.8704,0.2111,0.1296
335,2.2528,10.5288,0.7963,0.8593,0.2037,0.1407
336,2.2767,10.5296,0.8074,0.8889,0.1926,0.1111
337,2.2783,10.5302,0.7889,0.8815,0.2111,0.1185
338,2.2819,10.5317,0.8000,0.8815,0.2000,0.1185
339,2.2710,10.5338,0.8037,0.8815,0.1963,0.1185
340,2.2188,10.5346,0.7556,0.8667,0.2444,0.1333
341,2.2185,10.5365,0.7519,0.8889,0.2481,0.1111
342,2.2249,10.5346,0.7889,0.8852,0.2111,0.1148
343,2.3226,10.5338,0.8296,0.8852,0.1704,0.1148
344,2.2990,10.5351,0.8148,0.8815,0.1852,0.1185
345,2.2391,10.5350,0.7852,0.8815,0.2148,0.1185
346,2.2873,10.5377,0.8259,0.8889,0.1741,0.1111
347,2.2540,10.5394,0.7815,0.8815,0.2185,0.1185
348,2.2407,10.5390,0.7963,0.8741,0.2037,0.1259
349,2.2507,10.5412,0.8148,0.8778,0.1852,0.1222
350,2.2623,10.5397,0.7889,0.8704,0.2111,0.1296
351,2.3065,10.5390,0.8111,0.8741,0.1889,0.1259
352,2.2720,10.5418,0.8296,0.8815,0.1704,0.1185
353,2.2299,10.5418,0.7778,0.8741,0.2222,0.1259
354,2.2150,10.5440,0.7815,0.8815,0.2185,0.1185
355,2.3071,10.5473,0.8148,0.8815,0.1852,0.1185
356,2.2551,10.5470,0.7926,0.8889,0.2074,0.1111
357,2.2458,10.5493,0.8037,0.8815,0.1963,0.1185
358,2.2907,10.5506,0.7852,0.8852,0.2148,0.1148
359,2.2438,10.5514,0.7926,0.8778,0.2074,0.1222
360,2.2948,10.5485,0.8148,0.8741,0.1852,0.1259
361,2.3186,10.5477,0.8074,0.8852,0.1926,0.1148
362,2.2705,10.5492,0.8148,0.8889,0.1852,0.1111
363,2.3031,10.5485,0.7926,0.8815,0.2074,0.1185
364,2.2387,10.5492,0.7926,0.8667,0.2074,0.1333
365,2.2614,10.5500,0.8222,0.8852,0.1778,0.1148
366,2.2306,10.5508,0.7889,0.8889,0.2111,0.1111
367,2.2664,10.5501,0.8074,0.8778,0.1926,0.1222
368,2.1897,10.5507,0.7778,0.8852,0.2222,0.1148
369,2.1986,10.5526,0.7778,0.8889,0.2222,0.1111
370,2.2703,10.5531,0.8074,0.8815,0.1926,0.1185
371,2.2549,10.5535,0.8111,0.8815,0.1889,0.1185
372,2.3679,10.5544,0.7926,0.8741,0.2074,0.1259
373,2.3168,10.5546,0.8185,0.8852,0.1815,0.1148
374,2.2460,10.5545,0.8000,0.8778,0.2000,0.1222
375,2.3459,10.5552,0.8111,0.8815,0.1889,0.1185
376,2.2802,10.5541,0.8148,0.8815,0.1852,0.1185
377,2.2429,10.5539,0.8185,0.8667,0.1815,0.1333
378,2.2193,10.5551,0.8185,0.8852,0.1815,0.1148
379,2.3253,10.5558,0.8407,0.8741,0.1593,0.1259
380,2.2879,10.5558,0.8037,0.8926,0.1963,0.1074
381,2.1807,10.5555,0.7741,0.8852,0.2259,0.1148
382,2.2932,10.5559,0.8185,0.8778,0.1815,0.1222
383,2.2691,10.5563,0.8222,0.8630,0.1778,0.1370
384,2.3149,10.5559,0.8185,0.8852,0.1815,0.1148
385,2.2464,10.5557,0.8074,0.8704,0.1926,0.1296
386,2.2223,10.5574,0.7926,0.8852,0.2074,0.1148
387,2.2783,10.5581,0.7963,0.8815,0.2037,0.1185
388,2.2811,10.5584,0.7889,0.8852,0.2111,0.1148
389,2.2794,10.5583,0.8000,0.8852,0.2000,0.1148
390,2.3150,10.5581,0.8222,0.8741,0.1778,0.1259
391,2.3367,10.5583,0.8259,0.8926,0.1741,0.1074
392,2.1817,10.5584,0.7889,0.8889,0.2111,0.1111
393,2.2631,10.5598,0.8074,0.8667,0.1926,0.1333
394,2.2426,10.5588,0.7852,0.8889,0.2148,0.1111
395,2.3123,10.5590,0.8000,0.8852,0.2000,0.1148
396,2.2813,10.5606,0.8148,0.8741,0.1852,0.1259
397,2.2810,10.5612,0.7926,0.8815,0.2074,0.1185
398,2.2329,10.5606,0.7852,0.8741,0.2148,0.1259
399,2.2958,10.5612,0.7963,0.8704,0.2037,0.1296
400,2.2691,10.5616,0.7926,0.8778,0.2074,0.1222
401,2.2644,10.5624,0.8037,0.8778,0.1963,0.1222
402,2.2658,10.5624,0.7926,0.8815,0.2074,0.1185
403,2.2539,10.5614,0.8111,0.8704,0.1889,0.1296
404,2.2466,10.5608,0.7963,0.8815,0.2037,0.1185
405,2.2157,10.5607,0.8000,0.8815,0.2000,0.1185
406,2.2303,10.5601,0.7741,0.8889,0.2259,0.1111
407,2.3113,10.5601,0.8296,0.8778,0.1704,0.1222
408,2.2446,10.5602,0.8074,0.8815,0.1926,0.1185
409,2.2886,10.5604,0.8222,0.8778,0.1778,0.1222
410,2.2514,10.5603,0.7778,0.8741,0.2222,0.1259
411,2.2534,10.5598,0.8111,0.8704,0.1889,0.1296
412,2.2104,10.5592,0.7556,0.8704,0.2444,0.1296
413,2.2773,10.5591,0.7889,0.8741,0.2111,0.1259
414,2.2792,10.5591,0.7815,0.8963,0.2185,0.1037
415,2.2342,10.5595,0.8074,0.8815,0.1926,0.1185
416,2.2887,10.5584,0.8000,0.9037,0.2000,0.0963
417,2.2690,10.5581,0.8000,0.8778,0.2000,0.1222
418,2.2785,10.5579,0.7593,0.8778,0.2407,0.1222
419,2.2509,10.5581,0.8000,0.8630,0.2000,0.1370
420,2.2821,10.5583,0.8037,0.8815,0.1963,0.1185
421,2.2796,10.5587,0.7926,0.8778,0.2074,0.1222
422,2.2819,10.5586,0.8148,0.8667,0.1852,0.1333
423,2.2778,10.5584,0.8037,0.8815,0.1963,0.1185
424,2.2100,10.5592,0.7630,0.8704,0.2370,0.1296
425,2.2154,10.5593,0.7963,0.8852,0.2037,0.1148
426,2.1509,10.5590,0.7593,0.8815,0.2407,0.1185
427,2.2637,10.5586,0.8111,0.8889,0.1889,0.1111
428,2.2959,10.5598,0.8148,0.8630,0.1852,0.1370
429,2.2616,10.5600,0.8074,0.8889,0.1926,0.1111
430,2.3015,10.5604,0.8074,0.8852,0.1926,0.1148
431,2.2492,10.5602,0.7926,0.8889,0.2074,0.1111
432,2.2033,10.5602,0.8000,0.8741,0.2000,0.1259
433,2.2430,10.5602,0.7815,0.8815,0.2185,0.1185
434,2.2058,10.5597,0.7593,0.8815,0.2407,0.1185
435,2.2078,10.5601,0.7778,0.8815,0.2222,0.1185
436,2.2761,10.5604,0.7889,0.8667,0.2111,0.1333
437,2.1695,10.5605,0.7778,0.8778,0.2222,0.1222
438,2.2903,10.5608,0.7741,0.8926,0.2259,0.1074
439,2.2698,10.5610,0.7963,0.8852,0.2037,0.1148
440,2.2148,10.5620,0.8111,0.8852,0.1889,0.1148
441,2.2594,10.5626,0.7852,0.8815,0.2148,0.1185
442,2.2537,10.5632,0.8000,0.8889,0.2000,0.1111
443,2.2804,10.5636,0.8185,0.8852,0.1815,0.1148
444,2.2488,10.5641,0.7889,0.8963,0.2111,0.1037
445,2.3202,10.5642,0.8296,0.8741,0.1704,0.1259
446,2.3371,10.5644,0.8185,0.8778,0.1815,0.1222
447,2.2541,10.5646,0.7963,0.8741,0.2037,0.1259
448,2.3000,10.5648,0.8000,0.8889,0.2000,0.1111
449,2.2758,10.5648,0.7963,0.8778,0.2037,0.1222
450,2.1832,10.5649,0.7741,0.8630,0.2259,0.1370
451,2.2544,10.5648,0.8074,0.8852,0.1926,0.1148
452,2.2656,10.5648,0.7852,0.8630,0.2148,0.1370
453,2.2302,10.5645,0.7667,0.8778,0.2333,0.1222
454,2.2187,10.5650,0.8074,0.8593,0.1926,0.1407
455,2.2029,10.5646,0.7704,0.8778,0.2296,0.1222
456,2.2102,10.5647,0.7593,0.8963,0.2407,0.1037
457,2.3164,10.5646,0.8296,0.8852,0.1704,0.1148
458,2.3297,10.5650,0.8074,0.8741,0.1926,0.1259
459,2.3427,10.5651,0.8333,0.8815,0.1667,0.1185
460,2.2548,10.5656,0.7889,0.8852,0.2111,0.1148
461,2.3534,10.5658,0.8222,0.8815,0.1778,0.1185
462,2.3480,10.5663,0.8185,0.8778,0.1815,0.1222
463,2.3051,10.5665,0.8185,0.8963,0.1815,0.1037
464,2.2669,10.5670,0.8000,0.8778,0.2000,0.1222
465,2.3243,10.5670,0.8444,0.8667,0.1556,0.1333
466,2.2489,10.5672,0.7815,0.8741,0.2185,0.1259
467,2.2721,10.5675,0.8148,0.8889,0.1852,0.1111
468,2.2716,10.5674,0.8000,0.8889,0.2000,0.1111
469,2.2846,10.5676,0.8296,0.8815,0.1704,0.1185
470,2.2624,10.5680,0.7963,0.8778,0.2037,0.1222
471,2.3029,10.5681,0.8185,0.8667,0.1815,0.1333
472,2.3106,10.5681,0.8148,0.8741,0.1852,0.1259
473,2.2493,10.5680,0.7741,0.8815,0.2259,0.1185
474,2.2832,10.5684,0.7852,0.8778,0.2148,0.1222
475,2.3111,10.5687,0.8074,0.8704,0.1926,0.1296
476,2.2290,10.5687,0.7926,0.8667,0.2074,0.1333
477,2.2237,10.5685,0.7815,0.8778,0.2185,0.1222
478,2.3238,10.5686,0.8185,0.8704,0.1815,0.1296
479,2.2826,10.5687,0.8037,0.8926,0.1963,0.1074
480,2.2644,10.5687,0.8074,0.8778,0.1926,0.1222
481,2.2274,10.5686,0.8000,0.8741,0.2000,0.1259
482,2.2385,10.5686,0.7963,0.8667,0.2037,0.1333
483,2.2667,10.5685,0.7852,0.8741,0.2148,0.1259
484,2.3076,10.5685,0.8222,0.8778,0.1778,0.1222
485,2.2528,10.5689,0.7778,0.8741,0.2222,0.1259
486,2.2363,10.5687,0.7815,0.8889,0.2185,0.1111
487,2.3180,10.5690,0.8185,0.8704,0.1815,0.1296
488,2.3208,10.5693,0.8111,0.8852,0.1889,0.1148
489,2.2525,10.5695,0.8148,0.8926,0.1852,0.1074
490,2.2554,10.5696,0.8222,0.8741,0.1778,0.1259
491,2.3043,10.5696,0.8000,0.8741,0.2000,0.1259
492,2.2117,10.5698,0.7815,0.8815,0.2185,0.1185
493,2.2517,10.5694,0.8000,0.8778,0.2000,0.1222
494,2.2230,10.5696,0.7963,0.8667,0.2037,0.1333
495,2.1754,10.5696,0.7667,0.8778,0.2333,0.1222
496,2.2690,10.5697,0.8000,0.8778,0.2000,0.1222
497,2.2576,10.5698,0.8037,0.8889,0.1963,0.1111
498,2.2554,10.5699,0.7815,0.8889,0.2185,0.1111
499,2.2617,10.5700,0.7815,0.8778,0.2185,0.1222
500,2.2795,10.5703,0.8037,0.8630,0.1963,0.1370
501,2.3082,10.5705,0.8037,0.8852,0.1963,0.1148
502,2.3361,10.5707,0.8222,0.8741,0.1778,0.1259
503,2.1626,10.5707,0.7630,0.8852,0.2370,0.1148
504,2.3179,10.5705,0.8259,0.8778,0.1741,0.1222
505,2.2552,10.5705,0.7852,0.8889,0.2148,0.1111
506,2.2600,10.5706,0.8037,0.8704,0.1963,0.1296
507,2.2953,10.5708,0.8000,0.8889,0.2000,0.1111
508,2.3023,10.5712,0.8074,0.8741,0.1926,0.1259
509,2.2412,10.5712,0.8000,0.8852,0.2000,0.1148
510,2.2650,10.5712,0.7926,0.8889,0.2074,0.1111
511,2.2163,10.5711,0.7815,0.8741,0.2185,0.1259
512,2.2114,10.5712,0.7815,0.8741,0.2185,0.1259
513,2.2785,10.5714,0.8296,0.8852,0.1704,0.1148
514,2.2584,10.5718,0.8222,0.8778,0.1778,0.1222
515,2.2504,10.5718,0.8111,0.8741,0.1889,0.1259
516,2.2055,10.5718,0.8000,0.8630,0.2000,0.1370
517,2.2363,10.5719,0.7926,0.8815,0.2074,0.1185
518,2.2508,10.5720,0.8037,0.8889,0.1963,0.1111
519,2.2973,10.5720,0.8074,0.8741,0.1926,0.1259
520,2.3515,10.5722,0.8148,0.8963,0.1852,0.1037
521,2.1704,10.5721,0.7704,0.8852,0.2296,0.1148
522,2.3445,10.5718,0.8222,0.8778,0.1778,0.1222
523,2.2354,10.5719,0.7593,0.8778,0.2407,0.1222
524,2.2068,10.5719,0.7741,0.8704,0.2259,0.1296
525,2.2704,10.5719,0.7741,0.8778,0.2259,0.1222
526,2.1893,10.5720,0.7815,0.8926,0.2185,0.1074
527,2.2236,10.5720,0.7778,0.8852,0.2222,0.1148
528,2.3247,10.5720,0.7926,0.8778,0.2074,0.1222
529,2.2489,10.5720,0.7889,0.8778,0.2111,0.1222
530,2.3283,10.5721,0.8185,0.8667,0.1815,0.1333
531,2.2510,10.5722,0.8111,0.8778,0.1889,0.1222
532,2.2325,10.5723,0.7889,0.8704,0.2111,0.1296
533,2.2555,10.5724,0.7926,0.8889,0.2074,0.1111
534,2.3385,10.5724,0.8259,0.8741,0.1741,0.1259
535,2.2424,10.5724,0.8037,0.8704,0.1963,0.1296
536,2.2328,10.5724,0.7630,0.8741,0.2370,0.1259
537,2.2778,10.5724,0.8111,0.8852,0.1889,0.1148
538,2.2597,10.5724,0.7852,0.8852,0.2148,0.1148
539,2.2485,10.5724,0.8000,0.8889,0.2000,0.1111
540,2.2215,10.5725,0.7963,0.8889,0.2037,0.1111
541,2.2861,10.5726,0.7852,0.8815,0.2148,0.1185
542,2.3128,10.5725,0.8296,0.8815,0.1704,0.1185
543,2.3222,10.5726,0.8185,0.8741,0.1815,0.1259
544,2.3745,10.5727,0.8222,0.8815,0.1778,0.1185
545,2.2836,10.5728,0.7963,0.8889,0.2037,0.1111
546,2.2478,10.5729,0.7815,0.8778,0.2185,0.1222
547,2.1927,10.5729,0.7630,0.8778,0.2370,0.1222
548,2.2234,10.5729,0.7852,0.8815,0.2148,0.1185
549,2.3365,10.5730,0.8259,0.8741,0.1741,0.1259
550,2.2238,10.5731,0.7519,0.8852,0.2481,0.1148
551,2.2659,10.5730,0.8000,0.8889,0.2000,0.1111
552,2.1758,10.5728,0.7852,0.8704,0.2148,0.1296
553,2.2927,10.5729,0.8111,0.8778,0.1889,0.1222
554,2.2600,10.5729,0.7741,0.8778,0.2259,0.1222
555,2.2770,10.5730,0.7963,0.8815,0.2037,0.1185
556,2.2922,10.5731,0.8296,0.8778,0.1704,0.1222
557,2.2784,10.5732,0.8037,0.8815,0.1963,0.1185
558,2.2440,10.5731,0.7889,0.8778,0.2111,0.1222
559,2.2397,10.5731,0.7815,0.8630,0.2185,0.1370
560,2.2562,10.5731,0.7963,0.8704,0.2037,0.1296
561,2.2313,10.5731,0.8037,0.8741,0.1963,0.1259
562,2.2491,10.5730,0.7815,0.8852,0.2185,0.1148
563,2.2231,10.5730,0.8074,0.8778,0.1926,0.1222
564,2.2561,10.5728,0.7963,0.8741,0.2037,0.1259
565,2.2486,10.5729,0.7778,0.8926,0.2222,0.1074
566,2.2905,10.5729,0.8074,0.8852,0.1926,0.1148
567,2.2666,10.5730,0.7926,0.8926,0.2074,0.1074
568,2.3421,10.5729,0.8296,0.8815,0.1704,0.1185
569,2.2591,10.5729,0.8037,0.8741,0.1963,0.1259
570,2.2691,10.5729,0.8111,0.8852,0.1889,0.1148
571,2.2816,10.5730,0.7926,0.8815,0.2074,0.1185
572,2.2011,10.5730,0.7889,0.8778,0.2111,0.1222
573,2.2360,10.5729,0.7889,0.8815,0.2111,0.1185
574,2.2896,10.5729,0.8148,0.8852,0.1852,0.1148
575,2.2534,10.5729,0.8111,0.8963,0.1889,0.1037
576,2.2388,10.5731,0.8185,0.8704,0.1815,0.1296
577,2.2283,10.5731,0.7778,0.8741,0.2222,0.1259
578,2.2115,10.5731,0.7778,0.8667,0.2222,0.1333
579,2.3338,10.5731,0.8074,0.8815,0.1926,0.1185
580,2.2116,10.5732,0.8111,0.8778,0.1889,0.1222
581,2.2611,10.5732,0.7852,0.8852,0.2148,0.1148
582,2.2827,10.5732,0.7926,0.8889,0.2074,0.1111
583,2.2196,10.5733,0.7963,0.9000,0.2037,0.1000
584,2.2943,10.5733,0.7926,0.8778,0.2074,0.1222
585,2.3379,10.5732,0.8222,0.8667,0.1778,0.1333
586,2.2827,10.5733,0.8185,0.8889,0.1815,0.1111
587,2.3054,10.5733,0.8222,0.8889,0.1778,0.1111
588,2.2499,10.5734,0.8222,0.8815,0.1778,0.1185
589,2.2831,10.5733,0.8111,0.8704,0.1889,0.1296
590,2.2404,10.5733,0.8000,0.8815,0.2000,0.1185
591,2.3087,10.5733,0.8111,0.8852,0.1889,0.1148
592,2.3407,10.5732,0.8000,0.8815,0.2000,0.1185
593,2.2559,10.5733,0.8037,0.8704,0.1963,0.1296
594,2.3235,10.5732,0.8185,0.8778,0.1815,0.1222
595,2.2731,10.5733,0.8000,0.8667,0.2000,0.1333
596,2.2883,10.5732,0.8185,0.8852,0.1815,0.1148
597,2.3002,10.5732,0.8259,0.8852,0.1741,0.1148
598,2.3065,10.5732,0.7926,0.8630,0.2074,0.1370
599,2.2472,10.5732,0.7815,0.8778,0.2185,0.1222
600,2.2433,10.5733,0.7704,0.8852,0.2296,0.1148
601,2.3003,10.5734,0.8148,0.8741,0.1852,0.1259
602,2.2355,10.5734,0.7963,0.8926,0.2037,0.1074
603,2.3126,10.5734,0.8148,0.8889,0.1852,0.1111
604,2.3135,10.5734,0.7852,0.8778,0.2148,0.1222
605,2.2769,10.5734,0.8000,0.8815,0.2000,0.1185
606,2.2264,10.5735,0.7926,0.8667,0.2074,0.1333
607,2.2911,10.5735,0.7778,0.9000,0.2222,0.1000
608,2.2152,10.5735,0.7963,0.8778,0.2037,0.1222
609,2.2724,10.5735,0.7926,0.8704,0.2074,0.1296
610,2.3409,10.5735,0.8519,0.8889,0.1481,0.1111
611,2.2012,10.5735,0.7963,0.8741,0.2037,0.1259
612,2.2440,10.5736,0.7704,0.8741,0.2296,0.1259
613,2.2751,10.5736,0.8074,0.8852,0.1926,0.1148
614,2.2425,10.5736,0.8185,0.8630,0.1815,0.1370
615,2.2868,10.5736,0.8037,0.8963,0.1963,0.1037
616,2.1963,10.5736,0.7667,0.8741,0.2333,0.1259
617,2.2809,10.5736,0.7926,0.8815,0.2074,0.1185
618,2.1874,10.5737,0.7778,0.8778,0.2222,0.1222
619,2.2727,10.5737,0.7852,0.8852,0.2148,0.1148
620,2.3137,10.5737,0.8037,0.8704,0.1963,0.1296
621,2.2522,10.5737,0.7889,0.8704,0.2111,0.1296
622,2.3044,10.5737,0.7926,0.8778,0.2074,0.1222
623,2.2646,10.5737,0.7963,0.8778,0.2037,0.1222
624,2.1710,10.5738,0.7704,0.8889,0.2296,0.1111
625,2.2989,10.5738,0.8037,0.8630,0.1963,0.1370
626,2.1721,10.5738,0.7667,0.8815,0.2333,0.1185
627,2.2966,10.5738,0.8074,0.8741,0.1926,0.1259
628,2.2341,10.5738,0.7667,0.8889,0.2333,0.1111
629,2.3057,10.5738,0.8074,0.8778,0.1926,0.1222
630,2.2725,10.5738,0.8037,0.8778,0.1963,0.1222
631,2.2354,10.5738,0.7815,0.8852,0.2185,0.1148
632,2.3337,10.5738,0.8074,0.8741,0.1926,0.1259
633,2.3672,10.5738,0.8222,0.8741,0.1778,0.1259
634,2.1976,10.5738,0.7778,0.8889,0.2222,0.1111
635,2.2283,10.5738,0.7963,0.8815,0.2037,0.1185
636,2.2281,10.5738,0.7963,0.8926,0.2037,0.1074
637,2.2862,10.5738,0.8111,0.8889,0.1889,0.1111
638,2.3338,10.5738,0.8222,0.8852,0.1778,0.1148
639,2.2817,10.5738,0.7926,0.8815,0.2074,0.1185
640,2.2053,10.5738,0.7481,0.8963,0.2519,0.1037
641,2.2586,10.5739,0.7963,0.8889,0.2037,0.1111
642,2.2417,10.5739,0.8037,0.8852,0.1963,0.1148
643,2.3883,10.5739,0.8222,0.8815,0.1778,0.1185
644,2.2494,10.5739,0.7889,0.8926,0.2111,0.1074
645,2.2339,10.5739,0.7778,0.8704,0.2222,0.1296
646,2.2361,10.5739,0.7852,0.8926,0.2148,0.1074
647,2.2705,10.5739,0.8111,0.8815,0.1889,0.1185
648,2.2655,10.5739,0.7963,0.8889,0.2037,0.1111
649,2.3417,10.5739,0.8148,0.8815,0.1852,0.1185
650,2.2481,10.5739,0.8148,0.8852,0.1852,0.1148
651,2.2293,10.5739,0.7778,0.8852,0.2222,0.1148
652,2.2682,10.5739,0.7741,0.8778,0.2259,0.1222
653,2.2336,10.5740,0.7778,0.8852,0.2222,0.1148
654,2.2722,10.5740,0.7815,0.8889,0.2185,0.1111
655,2.3014,10.5740,0.8222,0.8815,0.1778,0.1185
656,2.2290,10.5740,0.8111,0.8778,0.1889,0.1222
657,2.3044,10.5740,0.8074,0.8815,0.1926,0.1185
658,2.3430,10.5740,0.8111,0.8778,0.1889,0.1222
659,2.2779,10.5740,0.8111,0.8741,0.1889,0.1259
660,2.2319,10.5740,0.7778,0.8741,0.2222,0.1259
661,2.3242,10.5740,0.8185,0.8778,0.1815,0.1222
662,2.2167,10.5740,0.8000,0.8741,0.2000,0.1259
663,2.2767,10.5740,0.7778,0.8704,0.2222,0.1296
664,2.2945,10.5740,0.8148,0.8704,0.1852,0.1296
665,2.2718,10.5740,0.7926,0.8667,0.2074,0.1333
666,2.2539,10.5740,0.8000,0.8741,0.2000,0.1259
667,2.3714,10.5740,0.8259,0.8704,0.1741,0.1296
668,2.2909,10.5740,0.8111,0.8815,0.1889,0.1185
669,2.2544,10.5740,0.7852,0.8741,0.2148,0.1259
670,2.3085,10.5740,0.8111,0.8889,0.1889,0.1111
671,2.2455,10.5740,0.7963,0.8741,0.2037,0.1259
672,2.2193,10.5740,0.8000,0.8778,0.2000,0.1222
673,2.2626,10.5740,0.7889,0.8704,0.2111,0.1296
674,2.2628,10.5740,0.7852,0.8815,0.2148,0.1185
675,2.2361,10.5740,0.7741,0.8889,0.2259,0.1111
676,2.2439,10.5740,0.8074,0.8815,0.1926,0.1185
677,2.2308,10.5741,0.8037,0.8704,0.1963,0.1296
678,2.2624,10.5741,0.7593,0.8852,0.2407,0.1148
679,2.2195,10.5741,0.7963,0.8889,0.2037,0.1111
680,2.2813,10.5741,0.7963,0.8778,0.2037,0.1222
681,2.3438,10.5741,0.8074,0.8778,0.1926,0.1222
682,2.2817,10.5741,0.8111,0.8852,0.1889,0.1148
683,2.2041,10.5741,0.8000,0.8852,0.2000,0.1148
684,2.2459,10.5741,0.8000,0.8815,0.2000,0.1185
685,2.2901,10.5741,0.8111,0.8889,0.1889,0.1111
686,2.2961,10.5741,0.8111,0.8889,0.1889,0.1111
687,2.2739,10.5741,0.8074,0.8852,0.1926,0.1148
688,2.2812,10.5741,0.7963,0.8926,0.2037,0.1074
689,2.2426,10.5741,0.7778,0.8815,0.2222,0.1185
690,2.3270,10.5741,0.8074,0.8815,0.1926,0.1185
691,2.2807,10.5741,0.7852,0.8815,0.2148,0.1185
692,2.3050,10.5741,0.8074,0.8778,0.1926,0.1222
693,2.2292,10.5741,0.8037,0.8741,0.1963,0.1259
694,2.2283,10.5741,0.7667,0.8778,0.2333,0.1222
695,2.2864,10.5741,0.8148,0.8926,0.1852,0.1074
696,2.1816,10.5741,0.7815,0.8704,0.2185,0.1296
697,2.2895,10.5741,0.8037,0.8815,0.1963,0.1185
698,2.2933,10.5741,0.8111,0.8667,0.1889,0.1333
699,2.3086,10.5741,0.8000,0.8778,0.2000,0.1222
700,2.3096,10.5741,0.7926,0.8778,0.2074,0.1222
701,2.3563,10.5741,0.8037,0.8889,0.1963,0.1111
702,2.3139,10.5741,0.7963,0.8815,0.2037,0.1185
703,2.2846,10.5741,0.8111,0.8852,0.1889,0.1148
704,2.3352,10.5741,0.8111,0.8815,0.1889,0.1185
705,2.2456,10.5741,0.7852,0.8926,0.2148,0.1074
706,2.2761,10.5741,0.8000,0.8963,0.2000,0.1037
707,2.2778,10.5741,0.7963,0.8889,0.2037,0.1111
708,2.2451,10.5741,0.8148,0.8889,0.1852,0.1111
709,2.2940,10.5741,0.8407,0.8926,0.1593,0.1074
710,2.2410,10.5741,0.8000,0.8778,0.2000,0.1222
711,2.2891,10.5741,0.7963,0.8778,0.2037,0.1222
712,2.2693,10.5741,0.7963,0.8815,0.2037,0.1185
713,2.2437,10.5741,0.7741,0.8852,0.2259,0.1148
714,2.3030,10.5741,0.8037,0.8778,0.1963,0.1222
715,2.3029,10.5741,0.7889,0.8815,0.2111,0.1185
716,2.2837,10.5741,0.7852,0.8889,0.2148,0.1111
717,2.2857,10.5741,0.7852,0.8741,0.2148,0.1259
718,2.2704,10.5741,0.7741,0.8741,0.2259,0.1259
719,2.2778,10.5741,0.7889,0.8889,0.2111,0.1111
720,2.2436,10.5741,0.7704,0.8852,0.2296,0.1148
721,2.2787,10.5741,0.8037,0.8704,0.1963,0.1296
722,2.3132,10.5741,0.8148,0.8741,0.1852,0.1259
723,2.3736,10.5741,0.8259,0.8778,0.1741,0.1222
724,2.2402,10.5741,0.8000,0.8815,0.2000,0.1185
725,2.2752,10.5741,0.7815,0.8815,0.2185,0.1185
726,2.2757,10.5741,0.7778,0.8815,0.2222,0.1185
727,2.3263,10.5741,0.8000,0.8778,0.2000,0.1222
728,2.2644,10.5741,0.8148,0.8704,0.1852,0.1296
729,2.2687,10.5741,0.7926,0.8630,0.2074,0.1370
730,2.3165,10.5741,0.8185,0.8741,0.1815,0.1259
731,2.2552,10.5741,0.7852,0.8852,0.2148,0.1148
732,2.2396,10.5741,0.7741,0.8741,0.2259,0.1259
733,2.3083,10.5741,0.8185,0.8741,0.1815,0.1259
734,2.2600,10.5741,0.8111,0.8741,0.1889,0.1259
735,2.2471,10.5741,0.7963,0.8815,0.2037,0.1185
736,2.2403,10.5741,0.8000,0.8741,0.2000,0.1259
737,2.2615,10.5741,0.8074,0.8741,0.1926,0.1259
738,2.2902,10.5741,0.7741,0.8778,0.2259,0.1222
739,2.2826,10.5741,0.8111,0.8778,0.1889,0.1222
740,2.2639,10.5741,0.7667,0.8815,0.2333,0.1185
741,2.2481,10.5741,0.7852,0.8889,0.2148,0.1111
742,2.2370,10.5741,0.8000,0.8778,0.2000,0.1222
743,2.2068,10.5741,0.7963,0.8815,0.2037,0.1185
744,2.2549,10.5741,0.8185,0.9000,0.1815,0.1000
745,2.3322,10.5741,0.8037,0.8704,0.1963,0.1296
746,2.2789,10.5741,0.7815,0.8778,0.2185,0.1222
747,2.3104,10.5741,0.8111,0.8630,0.1889,0.1370
748,2.3180,10.5741,0.8074,0.8778,0.1926,0.1222
749,2.2949,10.5741,0.7852,0.8741,0.2148,0.1259
750,2.2421,10.5741,0.8074,0.8667,0.1926,0.1333
751,2.1918,10.5741,0.7926,0.8852,0.2074,0.1148
752,2.2588,10.5741,0.7852,0.8963,0.2148,0.1037
753,2.3341,10.5741,0.7926,0.8778,0.2074,0.1222
754,2.2708,10.5741,0.7815,0.8815,0.2185,0.1185
755,2.2902,10.5741,0.8185,0.8778,0.1815,0.1222
756,2.2815,10.5741,0.8185,0.8741,0.1815,0.1259
757,2.2725,10.5741,0.8185,0.8815,0.1815,0.1185
758,2.3009,10.5741,0.8222,0.8852,0.1778,0.1148
759,2.2278,10.5741,0.7963,0.8815,0.2037,0.1185
760,2.2181,10.5741,0.7593,0.8667,0.2407,0.1333
761,2.3115,10.5741,0.8185,0.8704,0.1815,0.1296
762,2.2901,10.5741,0.8037,0.8889,0.1963,0.1111
763,2.3231,10.5741,0.8000,0.8815,0.2000,0.1185
764,2.2785,10.5741,0.7778,0.8778,0.2222,0.1222
765,2.2591,10.5741,0.7926,0.8667,0.2074,0.1333
766,2.2610,10.5741,0.7889,0.8815,0.2111,0.1185
767,2.2915,10.5741,0.8037,0.8778,0.1963,0.1222
768,2.2871,10.5741,0.8259,0.8778,0.1741,0.1222
769,2.2223,10.5741,0.7889,0.8815,0.2111,0.1185
770,2.2438,10.5741,0.7630,0.8741,0.2370,0.1259
771,2.2600,10.5741,0.8074,0.8815,0.1926,0.1185
772,2.2541,10.5741,0.8000,0.8815,0.2000,0.1185
773,2.3267,10.5741,0.8111,0.8815,0.1889,0.1185
774,2.1321,10.5741,0.7889,0.8889,0.2111,0.1111
775,2.2403,10.5741,0.7852,0.8889,0.2148,0.1111
776,2.2876,10.5741,0.8111,0.8741,0.1889,0.1259
777,2.2524,10.5741,0.7815,0.8889,0.2185,0.1111
778,2.2551,10.5741,0.7889,0.8741,0.2111,0.1259
779,2.2937,10.5741,0.8074,0.8815,0.1926,0.1185
780,2.2438,10.5741,0.7667,0.8741,0.2333,0.1259
781,2.3187,10.5741,0.8111,0.8741,0.1889,0.1259
782,2.2247,10.5741,0.7704,0.9000,0.2296,0.1000
783,2.2376,10.5741,0.8074,0.8852,0.1926,0.1148
784,2.3129,10.5741,0.8000,0.8889,0.2000,0.1111
785,2.2684,10.5741,0.7815,0.8667,0.2185,0.1333
786,2.3135,10.5741,0.7852,0.8815,0.2148,0.1185
787,2.3546,10.5741,0.8296,0.8926,0.1704,0.1074
788,2.2380,10.5741,0.7852,0.8741,0.2148,0.1259
789,2.2641,10.5741,0.8111,0.8778,0.1889,0.1222
790,2.2625,10.5741,0.7778,0.8815,0.2222,0.1185
791,2.2871,10.5741,0.7889,0.8704,0.2111,0.1296
792,2.2552,10.5741,0.7741,0.8704,0.2259,0.1296
793,2.2227,10.5741,0.7778,0.8889,0.2222,0.1111
794,2.2851,10.5741,0.7889,0.8778,0.2111,0.1222
795,2.2539,10.5741,0.7889,0.8889,0.2111,0.1111
796,2.3322,10.5741,0.8111,0.8667,0.1889,0.1333
797,2.2337,10.5741,0.8148,0.8741,0.1852,0.1259
798,2.2066,10.5741,0.7852,0.8778,0.2148,0.1222
799,2.2704,10.5741,0.7963,0.8852,0.2037,0.1148
800,2.3155,10.5741,0.8074,0.8704,0.1926,0.1296
801,2.2454,10.5741,0.7963,0.8852,0.2037,0.1148
802,2.2282,10.5741,0.7852,0.8667,0.2148,0.1333
803,2.3103,10.5741,0.8074,0.8704,0.1926,0.1296
804,2.2960,10.5741,0.7815,0.8926,0.2185,0.1074
805,2.2771,10.5741,0.8148,0.8889,0.1852,0.1111
806,2.2435,10.5741,0.7963,0.8926,0.2037,0.1074
807,2.2900,10.5741,0.8000,0.8778,0.2000,0.1222
808,2.2958,10.5741,0.8074,0.8778,0.1926,0.1222
809,2.2569,10.5741,0.7926,0.8815,0.2074,0.1185
810,2.2812,10.5741,0.8037,0.8741,0.1963,0.1259
811,2.2514,10.5741,0.7889,0.8815,0.2111,0.1185
812,2.2444,10.5741,0.7704,0.8778,0.2296,0.1222
813,2.2394,10.5741,0.8185,0.8741,0.1815,0.1259
814,2.2458,10.5741,0.8000,0.8667,0.2000,0.1333
815,2.2838,10.5741,0.8000,0.8667,0.2000,0.1333
816,2.2978,10.5741,0.8000,0.8852,0.2000,0.1148
817,2.3021,10.5741,0.8185,0.8889,0.1815,0.1111
818,2.3279,10.5741,0.8111,0.8889,0.1889,0.1111
819,2.2934,10.5741,0.7889,0.8778,0.2111,0.1222
820,2.2738,10.5741,0.8148,0.8852,0.1852,0.1148
821,2.2442,10.5741,0.8000,0.8852,0.2000,0.1148
822,2.2940,10.5741,0.8037,0.8852,0.1963,0.1148
823,2.2802,10.5741,0.7926,0.9000,0.2074,0.1000
824,2.2217,10.5741,0.7778,0.8852,0.2222,0.1148
825,2.2195,10.5741,0.7815,0.8815,0.2185,0.1185
826,2.3006,10.5741,0.8185,0.8667,0.1815,0.1333
827,2.2884,10.5741,0.7852,0.8667,0.2148,0.1333
828,2.2398,10.5741,0.7778,0.8778,0.2222,0.1222
829,2.2519,10.5741,0.7704,0.8889,0.2296,0.1111
830,2.3067,10.5741,0.8111,0.8815,0.1889,0.1185
831,2.2683,10.5741,0.8111,0.8778,0.1889,0.1222
832,2.2624,10.5741,0.7704,0.8704,0.2296,0.1296
833,2.3149,10.5741,0.8222,0.8741,0.1778,0.1259
834,2.2777,10.5741,0.8000,0.8815,0.2000,0.1185
835,2.2546,10.5741,0.7889,0.8741,0.2111,0.1259
836,2.2884,10.5741,0.8111,0.8815,0.1889,0.1185
837,2.3337,10.5741,0.7963,0.8667,0.2037,0.1333
838,2.2385,10.5741,0.7926,0.8778,0.2074,0.1222
839,2.1645,10.5741,0.7815,0.8741,0.2185,0.1259
840,2.3101,10.5741,0.8037,0.8815,0.1963,0.1185
841,2.2207,10.5741,0.7667,0.8778,0.2333,0.1222
842,2.2877,10.5741,0.8000,0.8741,0.2000,0.1259
843,2.2395,10.5741,0.7815,0.8852,0.2185,0.1148
844,2.2405,10.5741,0.7889,0.8815,0.2111,0.1185
845,2.2620,10.5741,0.7963,0.8889,0.2037,0.1111
846,2.2139,10.5741,0.7889,0.8926,0.2111,0.1074
847,2.3183,10.5741,0.8037,0.8889,0.1963,0.1111
848,2.3094,10.5741,0.8074,0.8889,0.1926,0.1111
849,2.2154,10.5741,0.7630,0.8741,0.2370,0.1259
850,2.2089,10.5741,0.7963,0.8815,0.2037,0.1185
851,2.3041,10.5741,0.8037,0.8852,0.1963,0.1148
852,2.1896,10.5741,0.7815,0.8852,0.2185,0.1148
853,2.2677,10.5741,0.8000,0.8519,0.2000,0.1481
854,2.2735,10.5741,0.8111,0.8778,0.1889,0.1222
855,2.1283,10.5741,0.7852,0.8852,0.2148,0.1148
856,2.2629,10.5741,0.8148,0.8704,0.1852,0.1296
857,2.3270,10.5741,0.8037,0.8741,0.1963,0.1259
858,2.2910,10.5741,0.8111,0.8889,0.1889,0.1111
859,2.2478,10.5741,0.7926,0.8926,0.2074,0.1074
860,2.3585,10.5741,0.8296,0.8704,0.1704,0.1296
861,2.3124,10.5741,0.8037,0.8852,0.1963,0.1148
862,2.3102,10.5741,0.8111,0.8852,0.1889,0.1148
863,2.2908,10.5741,0.8333,0.8667,0.1667,0.1333
864,2.2773,10.5741,0.8074,0.8778,0.1926,0.1222
865,2.2981,10.5741,0.8185,0.8889,0.1815,0.1111
866,2.2459,10.5741,0.7963,0.8778,0.2037,0.1222
867,2.2092,10.5741,0.7926,0.8815,0.2074,0.1185
868,2.2824,10.5741,0.8222,0.8815,0.1778,0.1185
869,2.3185,10.5741,0.8148,0.8889,0.1852,0.1111
870,2.3339,10.5741,0.8185,0.8778,0.1815,0.1222
871,2.2834,10.5741,0.8074,0.8778,0.1926,0.1222
872,2.2995,10.5741,0.8037,0.8778,0.1963,0.1222
873,2.2169,10.5741,0.7778,0.8815,0.2222,0.1185
874,2.2800,10.5741,0.7963,0.8852,0.2037,0.1148
875,2.2841,10.5741,0.7889,0.8815,0.2111,0.1185
876,2.2792,10.5741,0.7815,0.8926,0.2185,0.1074
877,2.2608,10.5741,0.8185,0.8556,0.1815,0.1444
878,2.2390,10.5741,0.7889,0.8704,0.2111,0.1296
879,2.2327,10.5741,0.7815,0.8852,0.2185,0.1148
880,2.2595,10.5741,0.7852,0.8889,0.2148,0.1111
881,2.2627,10.5741,0.7704,0.8741,0.2296,0.1259
882,2.2568,10.5741,0.7741,0.8815,0.2259,0.1185
883,2.2687,10.5741,0.8185,0.8704,0.1815,0.1296
884,2.2033,10.5741,0.7963,0.8704,0.2037,0.1296
885,2.2162,10.5741,0.7778,0.8815,0.2222,0.1185
886,2.1830,10.5741,0.7444,0.8778,0.2556,0.1222
887,2.2706,10.5741,0.8148,0.8852,0.1852,0.1148
888,2.2642,10.5741,0.8037,0.8852,0.1963,0.1148
889,2.2700,10.5741,0.7963,0.8778,0.2037,0.1222
890,2.2780,10.5741,0.8185,0.8741,0.1815,0.1259
891,2.2818,10.5741,0.8074,0.8778,0.1926,0.1222
892,2.1987,10.5741,0.7630,0.8889,0.2370,0.1111
893,2.2029,10.5741,0.7778,0.8889,0.2222,0.1111
894,2.2879,10.5741,0.8111,0.8778,0.1889,0.1222
895,2.2054,10.5741,0.7926,0.8667,0.2074,0.1333
896,2.3246,10.5741,0.8111,0.8889,0.1889,0.1111
897,2.1979,10.5741,0.7889,0.8852,0.2111,0.1148
898,2.3257,10.5741,0.8296,0.8741,0.1704,0.1259
899,2.2857,10.5741,0.8111,0.8926,0.1889,0.1074
900,2.2908,10.5741,0.8037,0.8778,0.1963,0.1222
901,2.2714,10.5741,0.8074,0.8778,0.1926,0.1222
902,2.3359,10.5741,0.8296,0.8778,0.1704,0.1222
903,2.3190,10.5741,0.8370,0.8815,0.1630,0.1185
904,2.2128,10.5741,0.7889,0.8741,0.2111,0.1259
905,2.2340,10.5741,0.7926,0.8815,0.2074,0.1185
906,2.1866,10.5741,0.7778,0.8778,0.2222,0.1222
907,2.2731,10.5741,0.8185,0.8741,0.1815,0.1259
908,2.2769,10.5741,0.8037,0.8889,0.1963,0.1111
909,2.2473,10.5741,0.7815,0.8852,0.2185,0.1148
910,2.2163,10.5741,0.7778,0.8741,0.2222,0.1259
911,2.2078,10.5741,0.7852,0.8630,0.2148,0.1370
912,2.2703,10.5741,0.8000,0.8926,0.2000,0.1074
913,2.2764,10.5741,0.8037,0.8704,0.1963,0.1296
914,2.2507,10.5741,0.7889,0.8704,0.2111,0.1296
915,2.3076,10.5741,0.8222,0.8815,0.1778,0.1185
916,2.3121,10.5741,0.8074,0.8815,0.1926,0.1185
917,2.2472,10.5741,0.7963,0.8852,0.2037,0.1148
918,2.2290,10.5741,0.7741,0.8889,0.2259,0.1111
919,2.2101,10.5741,0.7889,0.8778,0.2111,0.1222
920,2.3078,10.5741,0.8148,0.8815,0.1852,0.1185
921,2.3572,10.5741,0.8259,0.8889,0.1741,0.1111
922,2.3292,10.5741,0.8259,0.8741,0.1741,0.1259
923,2.2702,10.5741,0.8000,0.8926,0.2000,0.1074
924,2.3133,10.5741,0.8074,0.8889,0.1926,0.1111
925,2.2796,10.5741,0.7889,0.8889,0.2111,0.1111
926,2.2001,10.5741,0.7926,0.8852,0.2074,0.1148
927,2.2839,10.5741,0.7889,0.8741,0.2111,0.1259
928,2.3206,10.5741,0.8037,0.8778,0.1963,0.1222
929,2.2154,10.5741,0.7778,0.8741,0.2222,0.1259
930,2.3281,10.5741,0.8074,0.8815,0.1926,0.1185
931,2.2663,10.5741,0.7778,0.8667,0.2222,0.1333
932,2.2995,10.5741,0.8259,0.8852,0.1741,0.1148
933,2.2330,10.5741,0.8000,0.8889,0.2000,0.1111
934,2.3004,10.5741,0.8111,0.8778,0.1889,0.1222
935,2.3338,10.5741,0.8074,0.8889,0.1926,0.1111
936,2.2856,10.5741,0.7963,0.8778,0.2037,0.1222
937,2.3024,10.5741,0.7815,0.8926,0.2185,0.1074
938,2.3441,10.5741,0.8148,0.8815,0.1852,0.1185
939,2.2851,10.5741,0.7963,0.8704,0.2037,0.1296
940,2.2790,10.5741,0.8037,0.8778,0.1963,0.1222
941,2.2453,10.5741,0.7926,0.9000,0.2074,0.1000
942,2.2537,10.5741,0.7815,0.8852,0.2185,0.1148
943,2.2841,10.5741,0.7926,0.8852,0.2074,0.1148
944,2.2332,10.5741,0.7704,0.8667,0.2296,0.1333
945,2.3320,10.5741,0.8074,0.8852,0.1926,0.1148
946,2.2903,10.5741,0.8000,0.8741,0.2000,0.1259
947,2.2982,10.5741,0.8185,0.8815,0.1815,0.1185
948,2.2758,10.5741,0.7741,0.8704,0.2259,0.1296
949,2.1675,10.5741,0.7667,0.8889,0.2333,0.1111
950,2.2106,10.5741,0.8148,0.8889,0.1852,0.1111
951,2.2376,10.5741,0.7889,0.8815,0.2111,0.1185
952,2.2499,10.5741,0.7667,0.8852,0.2333,0.1148
953,2.2103,10.5741,0.7778,0.8815,0.2222,0.1185
954,2.2327,10.5741,0.7926,0.8889,0.2074,0.1111
955,2.2701,10.5741,0.7667,0.8815,0.2333,0.1185
956,2.2437,10.5741,0.7778,0.8852,0.2222,0.1148
957,2.2737,10.5741,0.8000,0.8704,0.2000,0.1296
958,2.2426,10.5741,0.7889,0.8704,0.2111,0.1296
959,2.2829,10.5741,0.8111,0.9000,0.1889,0.1000
960,2.2985,10.5741,0.7889,0.8741,0.2111,0.1259
961,2.2804,10.5741,0.7852,0.8778,0.2148,0.1222
962,2.3380,10.5741,0.8074,0.8852,0.1926,0.1148
963,2.2717,10.5741,0.8074,0.8889,0.1926,0.1111
964,2.2404,10.5741,0.7926,0.8852,0.2074,0.1148
965,2.2757,10.5741,0.8259,0.8815,0.1741,0.1185
966,2.2865,10.5741,0.8074,0.8741,0.1926,0.1259
967,2.3299,10.5741,0.8259,0.8815,0.1741,0.1185
968,2.2351,10.5741,0.8074,0.8889,0.1926,0.1111
969,2.3125,10.5741,0.8185,0.8815,0.1815,0.1185
970,2.2800,10.5741,0.8037,0.8704,0.1963,0.1296
971,2.2498,10.5741,0.7815,0.8778,0.2185,0.1222
972,2.3520,10.5741,0.8333,0.8778,0.1667,0.1222
973,2.2943,10.5741,0.8185,0.8778,0.1815,0.1222
974,2.2590,10.5741,0.7963,0.8815,0.2037,0.1185
975,2.3063,10.5741,0.7963,0.8926,0.2037,0.1074
976,2.2832,10.5741,0.7889,0.8889,0.2111,0.1111
977,2.1873,10.5741,0.7889,0.8852,0.2111,0.1148
978,2.2153,10.5741,0.7778,0.8778,0.2222,0.1222
979,2.2467,10.5741,0.8111,0.8852,0.1889,0.1148
980,2.3152,10.5741,0.8333,0.8852,0.1667,0.1148
981,2.2528,10.5741,0.8074,0.8889,0.1926,0.1111
982,2.2913,10.5741,0.7926,0.8889,0.2074,0.1111
983,2.2600,10.5741,0.7667,0.8741,0.2333,0.1259
984,2.2462,10.5741,0.8074,0.8704,0.1926,0.1296
985,2.3127,10.5741,0.8259,0.9000,0.1741,0.1000
986,2.2189,10.5741,0.7741,0.8852,0.2259,0.1148
987,2.2440,10.5741,0.7852,0.8815,0.2148,0.1185
988,2.2551,10.5741,0.7741,0.8741,0.2259,0.1259
989,2.2843,10.5741,0.7926,0.8815,0.2074,0.1185
990,2.2769,10.5741,0.8185,0.8741,0.1815,0.1259
991,2.2193,10.5741,0.7741,0.8852,0.2259,0.1148
992,2.2248,10.5741,0.7667,0.8852,0.2333,0.1148
993,2.2555,10.5741,0.7926,0.8778,0.2074,0.1222
994,2.2987,10.5741,0.7852,0.8778,0.2148,0.1222
995,2.3350,10.5741,0.8259,0.8815,0.1741,0.1185
996,2.2682,10.5741,0.7963,0.8778,0.2037,0.1222
997,2.2536,10.5741,0.8074,0.8741,0.1926,0.1259
998,2.2393,10.5741,0.7963,0.8852,0.2037,0.1148
999,2.2224,10.5741,0.8000,0.8741,0.2000,0.1259
