0,0.0106,103.0806,0.1704,0.1704,0.8296,0.8296
1,0.0474,100.1594,0.2000,0.2000,0.8000,0.8000
2,0.0804,96.8716,0.2111,0.2037,0.7889,0.7963
3,0.1049,92.6529,0.2333,0.2296,0.7667,0.7704
4,0.1191,87.1477,0.2111,0.2074,0.7889,0.7926
5,0.1329,79.8205,0.1778,0.1926,0.8222,0.8074
6,0.1405,70.6836,0.1815,0.1889,0.8185,0.8111
7,0.1417,59.3011,0.1963,0.2000,0.8037,0.8000
8,0.1077,46.4832,0.1926,0.1963,0.8074,0.8037
9,0.0468,34.0083,0.1444,0.2074,0.8556,0.7926
10,-0.0484,24.4472,0.1852,0.2556,0.8148,0.7444
11,-0.1536,17.4689,0.1556,0.2222,0.8444,0.7778
12,-0.4201,12.4661,0.1556,0.2296,0.8444,0.7704
13,-0.3911,8.7771,0.1185,0.2481,0.8815,0.7519
14,-0.1224,6.2806,0.1741,0.2593,0.8259,0.7407
15,-0.2985,4.7016,0.1259,0.2333,0.8741,0.7667
16,-0.3572,3.8349,0.1519,0.2222,0.8481,0.7778
17,-0.3452,3.3602,0.1519,0.2444,0.8481,0.7556
18,-0.3559,3.0955,0.1407,0.2593,0.8593,0.7407
19,-0.3947,2.9246,0.1444,0.2556,0.8556,0.7444
20,-0.4204,2.7894,0.1630,0.2111,0.8370,0.7889
21,-0.2991,2.6725,0.1815,0.2370,0.8185,0.7630
22,-0.4572,2.5784,0.1333,0.2333,0.8667,0.7667
23,-0.4129,2.4900,0.1333,0.2741,0.8667,0.7259
24,-0.5585,2.4088,0.1148,0.2556,0.8852,0.7444
25,-0.3173,2.3376,0.1815,0.2444,0.8185,0.7556
26,-0.3191,2.2707,0.1556,0.2370,0.8444,0.7630
27,-0.3289,2.2054,0.1630,0.2889,0.8370,0.7111
28,-0.1335,2.1475,0.1889,0.2778,0.8111,0.7222
29,-0.4014,2.0962,0.1333,0.2741,0.8667,0.7259
30,-0.1550,2.0402,0.1963,0.2407,0.8037,0.7593
31,-0.2870,1.9931,0.1296,0.2815,0.8704,0.7185
32,-0.1717,1.9416,0.1778,0.2556,0.8222,0.7444
33,-0.1838,1.8943,0.1741,0.2667,0.8259,0.7333
34,-0.3044,1.8493,0.1370,0.2963,0.8630,0.7037
35,-0.0960,1.8143,0.1889,0.3037,0.8111,0.6963
36,-0.2847,1.7712,0.1519,0.2704,0.8481,0.7296
37,-0.1767,1.7343,0.1741,0.2852,0.8259,0.7148
38,-0.3277,1.7005,0.1333,0.2852,0.8667,0.7148
39,-0.2547,1.6726,0.1407,0.3259,0.8593,0.6741
40,-0.2811,1.6386,0.1630,0.3148,0.8370,0.6852
41,-0.2948,1.6101,0.1741,0.2815,0.8259,0.7185
42,-0.1885,1.5815,0.1778,0.3185,0.8222,0.6815
43,-0.2232,1.5535,0.1630,0.3259,0.8370,0.6741
44,-0.1701,1.5295,0.1481,0.3185,0.8519,0.6815
45,-0.1049,1.5043,0.2037,0.3000,0.7963,0.7000
46,-0.2695,1.4782,0.1481,0.3037,0.8519,0.6963
47,-0.3437,1.4582,0.1074,0.3222,0.8926,0.6778
48,-0.0985,1.4387,0.2000,0.3037,0.8000,0.6963
49,-0.1840,1.4152,0.1444,0.3000,0.8556,0.7000
50,-0.0774,1.3982,0.2074,0.3296,0.7926,0.6704
51,-0.1782,1.3760,0.1852,0.3296,0.8148,0.6704
52,-0.1622,1.3585,0.1556,0.3444,0.8444,0.6556
53,-0.2228,1.3401,0.1519,0.3111,0.8481,0.6889
54,-0.1259,1.3252,0.1963,0.3370,0.8037,0.6630
55,-0.0521,1.3097,0.2074,0.3000,0.7926,0.7000
56,-0.1422,1.2889,0.1444,0.3148,0.8556,0.6852
57,-0.1544,1.2762,0.1667,0.3074,0.8333,0.6926
58,-0.2277,1.2611,0.1815,0.3407,0.8185,0.6593
59,-0.3042,1.2465,0.1481,0.3333,0.8519,0.6667
60,-0.0887,1.2309,0.1778,0.3889,0.8222,0.6111
61,-0.1979,1.2186,0.1481,0.3630,0.8519,0.6370
62,-0.1353,1.2062,0.1556,0.3407,0.8444,0.6593
63,-0.1032,1.1958,0.1481,0.3556,0.8519,0.6444
64,-0.2007,1.1852,0.1741,0.3963,0.8259,0.6037
65,-0.2504,1.1711,0.1333,0.3370,0.8667,0.6630
66,-0.1059,1.1597,0.1815,0.3333,0.8185,0.6667
67,-0.3027,1.1489,0.1741,0.3593,0.8259,0.6407
68,-0.1431,1.1386,0.1667,0.3148,0.8333,0.6852
69,-0.1406,1.1284,0.1741,0.3185,0.8259,0.6815
70,-0.2166,1.1188,0.1630,0.3222,0.8370,0.6778
71,-0.1122,1.1119,0.1370,0.3444,0.8630,0.6556
72,-0.0798,1.1008,0.1889,0.3148,0.8111,0.6852
73,-0.0824,1.0947,0.2037,0.3852,0.7963,0.6148
74,-0.0869,1.0838,0.2000,0.3852,0.8000,0.6148
75,-0.0733,1.0762,0.1741,0.3556,0.8259,0.6444
76,-0.1608,1.0670,0.1704,0.3630,0.8296,0.6370
77,-0.2021,1.0578,0.1556,0.3815,0.8444,0.6185
78,-0.0691,1.0539,0.1667,0.3741,0.8333,0.6259
79,-0.1113,1.0450,0.1741,0.3815,0.8259,0.6185
80,-0.0793,1.0406,0.1667,0.4222,0.8333,0.5778
81,-0.2324,1.0324,0.1815,0.3370,0.8185,0.6630
82,-0.1394,1.0261,0.1704,0.3481,0.8296,0.6519
83,-0.0918,1.0209,0.1852,0.3407,0.8148,0.6593
84,-0.1238,1.0141,0.1704,0.4185,0.8296,0.5815
85,-0.0207,1.0073,0.1815,0.3815,0.8185,0.6185
86,-0.1276,1.0028,0.1778,0.3815,0.8222,0.6185
87,-0.2079,0.9941,0.1593,0.3481,0.8407,0.6519
88,-0.0697,0.9908,0.1889,0.3556,0.8111,0.6444
89,-0.0729,0.9838,0.2074,0.3852,0.7926,0.6148
90,-0.0974,0.9790,0.2000,0.3852,0.8000,0.6148
91,-0.1327,0.9752,0.1556,0.3593,0.8444,0.6407
92,0.0676,0.9682,0.2037,0.3667,0.7963,0.6333
93,0.0014,0.9625,0.1630,0.3444,0.8370,0.6556
94,-0.1255,0.9585,0.2000,0.4000,0.8000,0.6000
95,-0.0861,0.9548,0.1741,0.3926,0.8259,0.6074
96,-0.0035,0.9485,0.1667,0.4000,0.8333,0.6000
97,-0.0901,0.9445,0.1630,0.3667,0.8370,0.6333
98,-0.0365,0.9406,0.1926,0.4000,0.8074,0.6000
99,-0.1613,0.9366,0.2000,0.3852,0.8000,0.6148
100,-0.1126,0.9335,0.2074,0.4111,0.7926,0.5889
101,-0.0326,0.9293,0.1667,0.4259,0.8333,0.5741
102,-0.1004,0.9248,0.1741,0.3815,0.8259,0.6185
103,-0.1035,0.9216,0.1815,0.3630,0.8185,0.6370
104,-0.0657,0.9192,0.1519,0.3556,0.8481,0.6444
105,-0.1518,0.9134,0.1667,0.3556,0.8333,0.6444
106,-0.0718,0.9100,0.1926,0.3926,0.8074,0.6074
107,-0.1401,0.9059,0.1741,0.4037,0.8259,0.5963
108,-0.0783,0.9036,0.1963,0.4000,0.8037,0.6000
109,0.0256,0.8993,0.1926,0.3741,0.8074,0.6259
110,-0.0612,0.8965,0.1926,0.3519,0.8074,0.6481
111,0.0344,0.8932,0.2111,0.3630,0.7889,0.6370
112,-0.1108,0.8909,0.1815,0.3963,0.8185,0.6037
113,-0.0460,0.8880,0.1889,0.4222,0.8111,0.5778
114,-0.0790,0.8849,0.1889,0.3778,0.8111,0.6222
115,-0.0382,0.8797,0.1778,0.3778,0.8222,0.6222
116,-0.1427,0.8772,0.1815,0.3815,0.8185,0.6185
117,-0.1405,0.8748,0.2037,0.3815,0.7963,0.6185
118,-0.0646,0.8703,0.1926,0.3815,0.8074,0.6185
119,-0.0307,0.8691,0.1741,0.3593,0.8259,0.6407
120,-0.0530,0.8658,0.1630,0.4148,0.8370,0.5852
121,-0.0465,0.8619,0.1926,0.4222,0.8074,0.5778
122,-0.0357,0.8604,0.2074,0.3963,0.7926,0.6037
123,-0.1715,0.8585,0.1815,0.3926,0.8185,0.6074
124,0.0168,0.8562,0.1926,0.3963,0.8074,0.6037
125,-0.1321,0.8541,0.1704,0.4148,0.8296,0.5852
126,-0.0651,0.8531,0.1741,0.4222,0.8259,0.5778
127,-0.0715,0.8499,0.1593,0.3407,0.8407,0.6593
128,-0.1571,0.8472,0.1519,0.3852,0.8481,0.6148
129,0.0137,0.8443,0.1963,0.4222,0.8037,0.5778
130,0.0993,0.8423,0.2185,0.4370,0.7815,0.5630
131,0.0592,0.8397,0.2148,0.4370,0.7852,0.5630
132,-0.0723,0.8386,0.1852,0.3481,0.8148,0.6519
133,-0.1449,0.8358,0.1556,0.4037,0.8444,0.5963
134,-0.1287,0.8337,0.1444,0.3704,0.8556,0.6296
135,-0.1282,0.8308,0.1481,0.3778,0.8519,0.6222
136,-0.0367,0.8294,0.1889,0.3704,0.8111,0.6296
137,-0.0337,0.8278,0.1741,0.3778,0.8259,0.6222
138,-0.0181,0.8256,0.1963,0.4407,0.8037,0.5593
139,-0.0826,0.8235,0.2222,0.4111,0.7778,0.5889
140,-0.0978,0.8217,0.1704,0.3852,0.8296,0.6148
141,-0.1555,0.8213,0.1259,0.4000,0.8741,0.6000
142,-0.1115,0.8185,0.1778,0.3778,0.8222,0.6222
143,0.1132,0.8165,0.2259,0.3704,0.7741,0.6296
144,-0.0786,0.8147,0.1926,0.3926,0.8074,0.6074
145,-0.0262,0.8139,0.1852,0.3704,0.8148,0.6296
146,0.0011,0.8122,0.1815,0.3815,0.8185,0.6185
147,-0.0853,0.8111,0.1889,0.4370,0.8111,0.5630
148,0.0275,0.8091,0.2222,0.3889,0.7778,0.6111
149,0.0506,0.8070,0.1630,0.3889,0.8370,0.6111
150,0.0456,0.8058,0.2148,0.3667,0.7852,0.6333
151,-0.2941,0.8034,0.1296,0.3963,0.8704,0.6037
152,-0.1498,0.8024,0.1704,0.3889,0.8296,0.6111
153,-0.1935,0.8016,0.1741,0.3963,0.8259,0.6037
154,-0.0955,0.7987,0.2000,0.4074,0.8000,0.5926
155,-0.1046,0.7977,0.2148,0.4481,0.7852,0.5519
156,-0.0239,0.7975,0.2000,0.4037,0.8000,0.5963
157,-0.1296,0.7966,0.1926,0.3704,0.8074,0.6296
158,-0.2224,0.7959,0.1444,0.4222,0.8556,0.5778
159,-0.0506,0.7952,0.1778,0.4296,0.8222,0.5704
160,0.1243,0.7932,0.2370,0.4222,0.7630,0.5778
161,0.0100,0.7922,0.1889,0.4037,0.8111,0.5963
162,-0.0589,0.7903,0.1704,0.4370,0.8296,0.5630
163,0.1390,0.7887,0.2296,0.3889,0.7704,0.6111
164,0.0241,0.7871,0.1926,0.3963,0.8074,0.6037
165,0.0781,0.7856,0.2037,0.4222,0.7963,0.5778
166,-0.1030,0.7852,0.1444,0.4074,0.8556,0.5926
167,-0.1599,0.7837,0.1630,0.4481,0.8370,0.5519
168,-0.0288,0.7829,0.2037,0.3519,0.7963,0.6481
169,0.1876,0.7821,0.2778,0.4148,0.7222,0.5852
170,0.0409,0.7808,0.1630,0.4037,0.8370,0.5963
171,-0.0870,0.7790,0.1667,0.4333,0.8333,0.5667
172,-0.0120,0.7782,0.1778,0.3926,0.8222,0.6074
173,-0.0721,0.7771,0.1889,0.3963,0.8111,0.6037
174,-0.0994,0.7762,0.1519,0.3889,0.8481,0.6111
175,-0.1679,0.7754,0.1296,0.4519,0.8704,0.5481
176,-0.0739,0.7746,0.1667,0.4074,0.8333,0.5926
177,-0.0358,0.7732,0.1519,0.4148,0.8481,0.5852
178,-0.0943,0.7718,0.2037,0.3815,0.7963,0.6185
179,-0.0526,0.7712,0.2037,0.4074,0.7963,0.5926
180,-0.0748,0.7713,0.1667,0.4074,0.8333,0.5926
181,0.0049,0.7708,0.1630,0.4259,0.8370,0.5741
182,-0.0220,0.7702,0.1963,0.4111,0.8037,0.5889
183,-0.0024,0.7686,0.1852,0.4185,0.8148,0.5815
184,-0.0008,0.7668,0.2037,0.4074,0.7963,0.5926
185,-0.1321,0.7661,0.1593,0.4296,0.8407,0.5704
186,0.0151,0.7656,0.1852,0.3963,0.8148,0.6037
187,-0.2370,0.7649,0.1852,0.4444,0.8148,0.5556
188,-0.0514,0.7642,0.1815,0.4519,0.8185,0.5481
189,-0.0940,0.7634,0.1556,0.4111,0.8444,0.5889
190,-0.0331,0.7625,0.1593,0.4037,0.8407,0.5963
191,-0.2025,0.7624,0.1222,0.4000,0.8778,0.6000
192,0.0967,0.7610,0.2037,0.3889,0.7963,0.6111
193,0.0809,0.7609,0.1926,0.4630,0.8074,0.5370
194,-0.0578,0.7600,0.1667,0.4074,0.8333,0.5926
195,-0.0798,0.7595,0.2037,0.4222,0.7963,0.5778
196,-0.0934,0.7578,0.1889,0.4037,0.8111,0.5963
197,0.0777,0.7574,0.2259,0.3852,0.7741,0.6148
198,0.1231,0.7564,0.1963,0.4111,0.8037,0.5889
199,-0.0014,0.7562,0.2000,0.4148,0.8000,0.5852
200,0.1480,0.7549,0.2259,0.4222,0.7741,0.5778
201,0.0192,0.7540,0.1889,0.3556,0.8111,0.6444
202,0.0300,0.7538,0.2000,0.4370,0.8000,0.5630
203,-0.0681,0.7531,0.1704,0.4037,0.8296,0.5963
204,-0.1218,0.7524,0.1741,0.3926,0.8259,0.6074
205,-0.0305,0.7519,0.1704,0.3852,0.8296,0.6148
206,-0.1165,0.7517,0.1889,0.4185,0.8111,0.5815
207,-0.0472,0.7509,0.1852,0.4000,0.8148,0.6000
208,0.0905,0.7504,0.1778,0.4148,0.8222,0.5852
209,-0.1761,0.7500,0.1815,0.3741,0.8185,0.6259
210,-0.0754,0.7490,0.1667,0.4074,0.8333,0.5926
211,0.0131,0.7487,0.1704,0.3889,0.8296,0.6111
212,-0.1133,0.7484,0.2111,0.4111,0.7889,0.5889
213,0.0192,0.7474,0.1630,0.3926,0.8370,0.6074
214,-0.1453,0.7470,0.1481,0.4185,0.8519,0.5815
215,0.0315,0.7463,0.1815,0.4074,0.8185,0.5926
216,0.0388,0.7460,0.1889,0.4111,0.8111,0.5889
217,-0.0464,0.7452,0.1741,0.4074,0.8259,0.5926
218,-0.1670,0.7448,0.1481,0.3778,0.8519,0.6222
219,0.0924,0.7448,0.2333,0.4333,0.7667,0.5667
220,-0.1136,0.7443,0.1926,0.3778,0.8074,0.6222
221,-0.1432,0.7440,0.1481,0.4037,0.8519,0.5963
222,-0.0585,0.7438,0.2000,0.3852,0.8000,0.6148
223,-0.0083,0.7427,0.2148,0.3889,0.7852,0.6111
224,-0.1293,0.7424,0.1667,0.4148,0.8333,0.5852
225,-0.0893,0.7419,0.2000,0.4333,0.8000,0.5667
226,0.0768,0.7412,0.1815,0.3815,0.8185,0.6185
227,0.1020,0.7409,0.1963,0.4148,0.8037,0.5852
228,-0.0879,0.7410,0.2000,0.4222,0.8000,0.5778
229,-0.0543,0.7405,0.1815,0.4000,0.8185,0.6000
230,-0.0700,0.7400,0.1593,0.4444,0.8407,0.5556
231,0.0057,0.7394,0.1741,0.4222,0.8259,0.5778
232,0.1083,0.7390,0.1926,0.4185,0.8074,0.5815
233,-0.0708,0.7382,0.1741,0.4148,0.8259,0.5852
234,0.0576,0.7381,0.2037,0.3778,0.7963,0.6222
235,0.0848,0.7373,0.2037,0.4074,0.7963,0.5926
236,-0.1066,0.7371,0.1926,0.4481,0.8074,0.5519
237,-0.1485,0.7363,0.1815,0.4074,0.8185,0.5926
238,-0.0113,0.7359,0.2000,0.4074,0.8000,0.5926
239,0.0294,0.7353,0.2259,0.4222,0.7741,0.5778
240,0.0049,0.7347,0.2037,0.4037,0.7963,0.5963
241,0.0109,0.7342,0.2259,0.4074,0.7741,0.5926
242,-0.1015,0.7339,0.1778,0.4259,0.8222,0.5741
243,-0.0414,0.7339,0.1741,0.4222,0.8259,0.5778
244,0.1133,0.7336,0.2296,0.3481,0.7704,0.6519
245,0.1369,0.7333,0.2185,0.4593,0.7815,0.5407
246,0.0021,0.7331,0.1963,0.4111,0.8037,0.5889
247,-0.0026,0.7325,0.1963,0.4222,0.8037,0.5778
248,0.0978,0.7323,0.1963,0.4074,0.8037,0.5926
249,0.1556,0.7322,0.2148,0.4185,0.7852,0.5815
250,-0.0169,0.7317,0.2111,0.4296,0.7889,0.5704
251,-0.0694,0.7315,0.1852,0.4333,0.8148,0.5667
252,-0.0454,0.7315,0.2000,0.3889,0.8000,0.6111
253,-0.1343,0.7313,0.1556,0.4296,0.8444,0.5704
254,-0.0514,0.7309,0.2000,0.4074,0.8000,0.5926
255,0.1333,0.7306,0.2074,0.4222,0.7926,0.5778
256,-0.0119,0.7302,0.2037,0.4667,0.7963,0.5333
257,-0.0591,0.7296,0.1704,0.4444,0.8296,0.5556
258,-0.1316,0.7291,0.1519,0.4370,0.8481,0.5630
259,-0.0397,0.7291,0.1852,0.4148,0.8148,0.5852
260,0.1167,0.7284,0.2407,0.4074,0.7593,0.5926
261,-0.0639,0.7281,0.2000,0.3741,0.8000,0.6259
262,-0.1197,0.7278,0.1963,0.4333,0.8037,0.5667
263,-0.0593,0.7279,0.2037,0.3556,0.7963,0.6444
264,-0.0731,0.7277,0.1778,0.3630,0.8222,0.6370
265,0.0104,0.7276,0.1815,0.4370,0.8185,0.5630
266,-0.0759,0.7273,0.2037,0.3926,0.7963,0.6074
267,-0.0513,0.7270,0.1778,0.4593,0.8222,0.5407
268,0.0393,0.7268,0.2000,0.4148,0.8000,0.5852
269,0.0590,0.7263,0.2148,0.4926,0.7852,0.5074
270,-0.0158,0.7260,0.1889,0.4111,0.8111,0.5889
271,-0.1467,0.7259,0.1852,0.4000,0.8148,0.6000
272,-0.0247,0.7257,0.2000,0.4333,0.8000,0.5667
273,-0.0858,0.7254,0.2185,0.4481,0.7815,0.5519
274,-0.0695,0.7255,0.1593,0.3926,0.8407,0.6074
275,-0.1005,0.7251,0.1741,0.3963,0.8259,0.6037
276,-0.0572,0.7249,0.1926,0.3852,0.8074,0.6148
277,0.2189,0.7248,0.2481,0.3778,0.7519,0.6222
278,0.0425,0.7245,0.1815,0.4037,0.8185,0.5963
279,0.0951,0.7245,0.2222,0.4370,0.7778,0.5630
280,-0.0257,0.7241,0.1741,0.4111,0.8259,0.5889
281,-0.1126,0.7239,0.1519,0.4296,0.8481,0.5704
282,-0.0834,0.7234,0.1704,0.4296,0.8296,0.5704
283,-0.1931,0.7234,0.1519,0.3593,0.8481,0.6407
284,0.0154,0.7231,0.2111,0.4630,0.7889,0.5370
285,-0.0570,0.7228,0.1815,0.4000,0.8185,0.6000
286,0.0751,0.7225,0.2037,0.4222,0.7963,0.5778
287,0.0119,0.7222,0.1852,0.4741,0.8148,0.5259
288,-0.1434,0.7222,0.1741,0.3741,0.8259,0.6259
289,-0.1293,0.7220,0.1667,0.4259,0.8333,0.5741
290,0.0656,0.7219,0.2185,0.4519,0.7815,0.5481
291,0.0875,0.7216,0.2148,0.4370,0.7852,0.5630
292,0.0023,0.7214,0.1963,0.4333,0.8037,0.5667
293,0.0273,0.7212,0.1815,0.4667,0.8185,0.5333
294,-0.0230,0.7211,0.2000,0.4148,0.8000,0.5852
295,-0.0528,0.7209,0.1889,0.4111,0.8111,0.5889
296,0.0689,0.7207,0.2074,0.4296,0.7926,0.5704
297,-0.0743,0.7205,0.1778,0.3889,0.8222,0.6111
298,0.0127,0.7200,0.2037,0.3815,0.7963,0.6185
299,0.0507,0.7199,0.2111,0.4185,0.7889,0.5815
300,-0.0029,0.7198,0.2000,0.3963,0.8000,0.6037
301,-0.0181,0.7197,0.1704,0.4333,0.8296,0.5667
302,-0.0852,0.7197,0.1741,0.4259,0.8259,0.5741
303,-0.0965,0.7197,0.1630,0.4074,0.8370,0.5926
304,-0.1059,0.7196,0.1481,0.4185,0.8519,0.5815
305,-0.0448,0.7193,0.1630,0.3963,0.8370,0.6037
306,0.0548,0.7191,0.2148,0.4185,0.7852,0.5815
307,-0.0064,0.7190,0.2000,0.4259,0.8000,0.5741
308,0.0185,0.7189,0.1963,0.4481,0.8037,0.5519
309,-0.0052,0.7190,0.2111,0.4333,0.7889,0.5667
310,-0.2037,0.7188,0.1481,0.4444,0.8519,0.5556
311,0.1422,0.7186,0.2259,0.4185,0.7741,0.5815
312,-0.0657,0.7185,0.1556,0.3889,0.8444,0.6111
313,0.0040,0.7186,0.1926,0.3741,0.8074,0.6259
314,0.0085,0.7184,0.1963,0.4296,0.8037,0.5704
315,-0.0748,0.7181,0.1667,0.3778,0.8333,0.6222
316,-0.1593,0.7178,0.1963,0.4593,0.8037,0.5407
317,0.0398,0.7177,0.2111,0.4148,0.7889,0.5852
318,-0.0628,0.7175,0.2000,0.3926,0.8000,0.6074
319,-0.0105,0.7173,0.1852,0.4333,0.8148,0.5667
320,0.0660,0.7172,0.2222,0.4185,0.7778,0.5815
321,-0.0500,0.7171,0.2037,0.4333,0.7963,0.5667
322,-0.0043,0.7169,0.1963,0.4630,0.8037,0.5370
323,0.0597,0.7170,0.1889,0.4185,0.8111,0.5815
324,-0.0268,0.7167,0.1667,0.4222,0.8333,0.5778
325,0.1599,0.7163,0.2259,0.4444,0.7741,0.5556
326,-0.0126,0.7163,0.1593,0.4148,0.8407,0.5852
327,0.0432,0.7160,0.2222,0.4481,0.7778,0.5519
328,-0.0184,0.7160,0.2000,0.4259,0.8000,0.5741
329,0.0142,0.7159,0.2000,0.4222,0.8000,0.5778
330,-0.0469,0.7158,0.1667,0.4222,0.8333,0.5778
331,0.0392,0.7156,0.1926,0.3889,0.8074,0.6111
332,-0.0965,0.7156,0.1741,0.3852,0.8259,0.6148
333,-0.0442,0.7156,0.1630,0.4667,0.8370,0.5333
334,-0.0693,0.7155,0.2222,0.4370,0.7778,0.5630
335,0.0910,0.7154,0.2333,0.4481,0.7667,0.5519
336,0.0769,0.7154,0.2148,0.4370,0.7852,0.5630
337,-0.0020,0.7154,0.1667,0.4037,0.8333,0.5963
338,-0.0455,0.7153,0.1852,0.3667,0.8148,0.6333
339,0.0877,0.7152,0.1852,0.4185,0.8148,0.5815
340,-0.0381,0.7153,0.2111,0.4370,0.7889,0.5630
341,0.0448,0.7152,0.2407,0.4370,0.7593,0.5630
342,0.0215,0.7151,0.1741,0.4185,0.8259,0.5815
343,-0.0546,0.7150,0.2111,0.4519,0.7889,0.5481
344,0.0347,0.7149,0.1889,0.4296,0.8111,0.5704
345,-0.1124,0.7148,0.2185,0.4889,0.7815,0.5111
346,0.0523,0.7148,0.1889,0.4185,0.8111,0.5815
347,-0.1558,0.7147,0.1778,0.4111,0.8222,0.5889
348,-0.0053,0.7146,0.1778,0.4296,0.8222,0.5704
349,0.0998,0.7145,0.1926,0.4296,0.8074,0.5704
350,-0.0308,0.7142,0.1889,0.4481,0.8111,0.5519
351,-0.0891,0.7141,0.1667,0.3815,0.8333,0.6185
352,-0.0715,0.7141,0.1741,0.4259,0.8259,0.5741
353,-0.1136,0.7141,0.1778,0.4296,0.8222,0.5704
354,0.0007,0.7140,0.1704,0.4000,0.8296,0.6000
355,-0.0339,0.7139,0.1704,0.4519,0.8296,0.5481
356,0.0338,0.7138,0.2111,0.3889,0.7889,0.6111
357,-0.0129,0.7137,0.1778,0.4519,0.8222,0.5481
358,0.0694,0.7136,0.2111,0.4556,0.7889,0.5444
359,-0.0149,0.7136,0.2000,0.4259,0.8000,0.5741
360,0.0223,0.7136,0.2074,0.4222,0.7926,0.5778
361,-0.0289,0.7136,0.1889,0.3593,0.8111,0.6407
362,-0.0283,0.7134,0.1926,0.4296,0.8074,0.5704
363,0.0560,0.7134,0.1815,0.3741,0.8185,0.6259
364,-0.0934,0.7132,0.1519,0.4630,0.8481,0.5370
365,-0.0318,0.7132,0.1556,0.4111,0.8444,0.5889
366,0.0015,0.7130,0.1889,0.3963,0.8111,0.6037
367,0.0250,0.7128,0.1667,0.4000,0.8333,0.6000
368,-0.0964,0.7128,0.1963,0.3815,0.8037,0.6185
369,0.0415,0.7127,0.1778,0.3778,0.8222,0.6222
370,0.0484,0.7126,0.1889,0.4593,0.8111,0.5407
371,-0.0687,0.7126,0.1815,0.4296,0.8185,0.5704
372,-0.0086,0.7125,0.1556,0.4481,0.8444,0.5519
373,-0.0340,0.7125,0.2444,0.4259,0.7556,0.5741
374,0.0723,0.7125,0.2148,0.4000,0.7852,0.6000
375,0.0335,0.7124,0.2000,0.4074,0.8000,0.5926
376,-0.0202,0.7124,0.2000,0.4037,0.8000,0.5963
377,0.0318,0.7124,0.1889,0.4222,0.8111,0.5778
378,-0.0743,0.7123,0.1704,0.4667,0.8296,0.5333
379,-0.0982,0.7123,0.2111,0.3963,0.7889,0.6037
380,-0.0038,0.7123,0.1815,0.4148,0.8185,0.5852
381,-0.1140,0.7123,0.1519,0.4037,0.8481,0.5963
382,-0.2054,0.7122,0.1481,0.4111,0.8519,0.5889
383,0.0818,0.7121,0.2222,0.4667,0.7778,0.5333
384,0.0280,0.7121,0.2222,0.4333,0.7778,0.5667
385,-0.0484,0.7121,0.1926,0.4296,0.8074,0.5704
386,-0.0358,0.7121,0.1593,0.3926,0.8407,0.6074
387,-0.0623,0.7122,0.1704,0.4074,0.8296,0.5926
388,0.0025,0.7121,0.1963,0.4111,0.8037,0.5889
389,-0.0814,0.7122,0.1593,0.4519,0.8407,0.5481
390,0.0156,0.7121,0.1889,0.4519,0.8111,0.5481
391,-0.0970,0.7121,0.1704,0.4185,0.8296,0.5815
392,-0.0682,0.7120,0.1963,0.4037,0.8037,0.5963
393,-0.1742,0.7120,0.1444,0.4259,0.8556,0.5741
394,0.0574,0.7120,0.2333,0.4630,0.7667,0.5370
395,0.0667,0.7120,0.2185,0.3852,0.7815,0.6148
396,0.0067,0.7119,0.2148,0.4222,0.7852,0.5778
397,0.0017,0.7118,0.1704,0.4000,0.8296,0.6000
398,0.0165,0.7118,0.2000,0.4296,0.8000,0.5704
399,-0.0095,0.7118,0.1815,0.4259,0.8185,0.5741
400,0.0080,0.7117,0.2074,0.4333,0.7926,0.5667
401,-0.0409,0.7117,0.1778,0.3926,0.8222,0.6074
402,-0.0410,0.7117,0.1963,0.4222,0.8037,0.5778
403,-0.1033,0.7116,0.2074,0.4037,0.7926,0.5963
404,-0.0087,0.7116,0.1778,0.4481,0.8222,0.5519
405,0.0621,0.7115,0.2000,0.4444,0.8000,0.5556
406,0.1127,0.7115,0.2333,0.4370,0.7667,0.5630
407,-0.0852,0.7114,0.1815,0.4185,0.8185,0.5815
408,0.0255,0.7114,0.2074,0.4444,0.7926,0.5556
409,-0.0413,0.7113,0.1593,0.4111,0.8407,0.5889
410,0.0489,0.7113,0.2481,0.4037,0.7519,0.5963
411,0.0117,0.7113,0.1815,0.4148,0.8185,0.5852
412,-0.0564,0.7112,0.2296,0.4556,0.7704,0.5444
413,-0.0731,0.7112,0.1704,0.4111,0.8296,0.5889
414,-0.0259,0.7111,0.2037,0.4185,0.7963,0.5815
415,0.0505,0.7111,0.2037,0.4185,0.7963,0.5815
416,0.0833,0.7111,0.2259,0.4296,0.7741,0.5704
417,-0.0985,0.7110,0.1333,0.4148,0.8667,0.5852
418,-0.1192,0.7111,0.1852,0.4074,0.8148,0.5926
419,-0.0676,0.7110,0.1593,0.3889,0.8407,0.6111
420,0.0806,0.7110,0.2037,0.4185,0.7963,0.5815
421,0.0213,0.7109,0.2259,0.4407,0.7741,0.5593
422,-0.0086,0.7108,0.2037,0.4148,0.7963,0.5852
423,0.0986,0.7107,0.2222,0.4111,0.7778,0.5889
424,-0.0303,0.7107,0.1667,0.4407,0.8333,0.5593
425,0.1002,0.7107,0.2556,0.4444,0.7444,0.5556
426,0.0131,0.7107,0.1852,0.4333,0.8148,0.5667
427,-0.0492,0.7106,0.2000,0.4333,0.8000,0.5667
428,0.0775,0.7106,0.2111,0.4000,0.7889,0.6000
429,-0.0112,0.7106,0.1926,0.4630,0.8074,0.5370
430,0.0371,0.7106,0.1815,0.4407,0.8185,0.5593
431,-0.0509,0.7105,0.2222,0.4185,0.7778,0.5815
432,-0.1249,0.7105,0.1630,0.3889,0.8370,0.6111
433,-0.1071,0.7105,0.2074,0.4074,0.7926,0.5926
434,-0.0350,0.7105,0.1778,0.4037,0.8222,0.5963
435,-0.0180,0.7104,0.2259,0.4481,0.7741,0.5519
436,0.0680,0.7104,0.1963,0.3778,0.8037,0.6222
437,-0.0717,0.7103,0.2037,0.4370,0.7963,0.5630
438,0.0781,0.7103,0.2000,0.4407,0.8000,0.5593
439,-0.0232,0.7103,0.1852,0.4370,0.8148,0.5630
440,-0.0719,0.7103,0.1852,0.4111,0.8148,0.5889
441,-0.0832,0.7103,0.1667,0.3926,0.8333,0.6074
442,-0.0044,0.7103,0.2111,0.4778,0.7889,0.5222
443,-0.0929,0.7103,0.1778,0.4222,0.8222,0.5778
444,0.1177,0.7102,0.2259,0.4074,0.7741,0.5926
445,-0.2048,0.7102,0.1667,0.4667,0.8333,0.5333
446,-0.0787,0.7102,0.1667,0.4037,0.8333,0.5963
447,-0.0830,0.7101,0.2074,0.4667,0.7926,0.5333
448,0.0491,0.7101,0.1926,0.4000,0.8074,0.6000
449,-0.1190,0.7101,0.2185,0.4519,0.7815,0.5481
450,-0.0940,0.7101,0.1926,0.4444,0.8074,0.5556
451,-0.0361,0.7101,0.1926,0.4407,0.8074,0.5593
452,-0.0340,0.7100,0.2000,0.4407,0.8000,0.5593
453,-0.0551,0.7100,0.1667,0.3926,0.8333,0.6074
454,-0.1101,0.7100,0.1852,0.4185,0.8148,0.5815
455,-0.0103,0.7099,0.2037,0.4148,0.7963,0.5852
456,0.0236,0.7099,0.1778,0.3926,0.8222,0.6074
457,0.0879,0.7099,0.2296,0.4000,0.7704,0.6000
458,0.0050,0.7099,0.1667,0.4481,0.8333,0.5519
459,-0.0339,0.7098,0.2222,0.4222,0.7778,0.5778
460,-0.1002,0.7098,0.1741,0.3889,0.8259,0.6111
461,-0.1048,0.7098,0.1630,0.4222,0.8370,0.5778
462,-0.0493,0.7098,0.2111,0.4333,0.7889,0.5667
463,-0.0053,0.7098,0.2000,0.4222,0.8000,0.5778
464,-0.0862,0.7097,0.2111,0.3926,0.7889,0.6074
465,0.0781,0.7097,0.2444,0.3963,0.7556,0.6037
466,-0.0108,0.7097,0.2148,0.4296,0.7852,0.5704
467,-0.0008,0.7097,0.2185,0.4074,0.7815,0.5926
468,-0.1821,0.7097,0.1778,0.4000,0.8222,0.6000
469,0.0391,0.7097,0.1963,0.4259,0.8037,0.5741
470,0.0538,0.7096,0.2185,0.4259,0.7815,0.5741
471,-0.0726,0.7096,0.2074,0.4037,0.7926,0.5963
472,-0.0189,0.7096,0.1852,0.4037,0.8148,0.5963
473,0.0820,0.7096,0.2296,0.3778,0.7704,0.6222
474,-0.0416,0.7096,0.1815,0.4519,0.8185,0.5481
475,0.0658,0.7096,0.1926,0.4111,0.8074,0.5889
476,-0.0080,0.7096,0.2222,0.4296,0.7778,0.5704
477,0.0559,0.7096,0.2037,0.4556,0.7963,0.5444
478,0.0620,0.7096,0.1667,0.4333,0.8333,0.5667
479,0.0543,0.7096,0.2000,0.3926,0.8000,0.6074
480,-0.0378,0.7096,0.1889,0.3852,0.8111,0.6148
481,-0.0114,0.7096,0.1926,0.3778,0.8074,0.6222
482,-0.1250,0.7096,0.1889,0.4148,0.8111,0.5852
483,-0.0736,0.7096,0.1815,0.4667,0.8185,0.5333
484,-0.1724,0.7096,0.1519,0.4111,0.8481,0.5889
485,0.0814,0.7096,0.2296,0.4222,0.7704,0.5778
486,-0.0853,0.7096,0.1815,0.4333,0.8185,0.5667
487,-0.1061,0.7095,0.1963,0.4037,0.8037,0.5963
488,0.0097,0.7095,0.1963,0.4296,0.8037,0.5704
489,0.0145,0.7095,0.1852,0.4148,0.8148,0.5852
490,0.0029,0.7095,0.2037,0.4074,0.7963,0.5926
491,0.0726,0.7095,0.2037,0.4296,0.7963,0.5704
492,0.0739,0.7095,0.2111,0.3852,0.7889,0.6148
493,0.0695,0.7095,0.2000,0.4630,0.8000,0.5370
494,-0.2124,0.7094,0.1667,0.4111,0.8333,0.5889
495,0.0421,0.7094,0.1778,0.4556,0.8222,0.5444
496,0.0738,0.7094,0.2185,0.4704,0.7815,0.5296
497,-0.0713,0.7094,0.1630,0.4556,0.8370,0.5444
498,-0.0782,0.7094,0.2185,0.4704,0.7815,0.5296
499,-0.0326,0.7094,0.2222,0.4481,0.7778,0.5519
500,-0.0857,0.7094,0.1556,0.4148,0.8444,0.5852
501,0.0212,0.7094,0.2037,0.4667,0.7963,0.5333
502,-0.0052,0.7094,0.2148,0.3852,0.7852,0.6148
503,-0.0970,0.7094,0.1481,0.4333,0.8519,0.5667
504,-0.0355,0.7094,0.1630,0.4259,0.8370,0.5741
505,-0.0131,0.7094,0.1630,0.4259,0.8370,0.5741
506,0.0722,0.7094,0.2074,0.4037,0.7926,0.5963
507,0.0566,0.7094,0.1889,0.4444,0.8111,0.5556
508,-0.0930,0.7094,0.1593,0.4370,0.8407,0.5630
509,0.0298,0.7093,0.1704,0.4148,0.8296,0.5852
510,0.1429,0.7093,0.2296,0.4259,0.7704,0.5741
511,-0.0173,0.7093,0.2185,0.4296,0.7815,0.5704
512,0.0933,0.7093,0.1963,0.3926,0.8037,0.6074
513,-0.0178,0.7093,0.1704,0.4370,0.8296,0.5630
514,0.0887,0.7093,0.2407,0.4556,0.7593,0.5444
515,0.0433,0.7093,0.2185,0.4037,0.7815,0.5963
516,-0.0522,0.7093,0.1704,0.4259,0.8296,0.5741
517,-0.0291,0.7093,0.2074,0.3926,0.7926,0.6074
518,-0.0775,0.7093,0.1667,0.4444,0.8333,0.5556
519,0.0201,0.7093,0.1778,0.4556,0.8222,0.5444
520,0.1017,0.7093,0.2074,0.4296,0.7926,0.5704
521,-0.0048,0.7093,0.1778,0.4185,0.8222,0.5815
522,-0.1412,0.7093,0.1741,0.4593,0.8259,0.5407
523,0.0716,0.7093,0.1889,0.4593,0.8111,0.5407
524,-0.1090,0.7093,0.1778,0.4222,0.8222,0.5778
525,0.0173,0.7093,0.1593,0.4037,0.8407,0.5963
526,0.0364,0.7092,0.2037,0.3926,0.7963,0.6074
527,-0.0022,0.7092,0.1593,0.4370,0.8407,0.5630
528,0.0181,0.7092,0.2222,0.4148,0.7778,0.5852
529,0.0786,0.7092,0.2111,0.4148,0.7889,0.5852
530,0.0232,0.7092,0.2000,0.4259,0.8000,0.5741
531,0.0394,0.7092,0.2037,0.4333,0.7963,0.5667
532,-0.0618,0.7092,0.1889,0.4370,0.8111,0.5630
533,-0.0898,0.7092,0.1815,0.4333,0.8185,0.5667
534,0.0637,0.7092,0.2148,0.4185,0.7852,0.5815
535,-0.1119,0.7092,0.1556,0.4630,0.8444,0.5370
536,-0.0926,0.7092,0.2074,0.4444,0.7926,0.5556
537,-0.0368,0.7092,0.1926,0.4074,0.8074,0.5926
538,0.0016,0.7092,0.2185,0.4370,0.7815,0.5630
539,0.1151,0.7091,0.2407,0.3630,0.7593,0.6370
540,-0.0253,0.7091,0.2000,0.4148,0.8000,0.5852
541,0.0583,0.7091,0.2111,0.4148,0.7889,0.5852
542,0.1649,0.7091,0.1852,0.4222,0.8148,0.5778
543,-0.0472,0.7091,0.1815,0.4296,0.8185,0.5704
544,0.0216,0.7091,0.1963,0.4852,0.8037,0.5148
545,-0.0339,0.7091,0.1926,0.3889,0.8074,0.6111
546,0.1995,0.7091,0.2111,0.3852,0.7889,0.6148
547,0.0212,0.7091,0.2000,0.4519,0.8000,0.5481
548,0.0200,0.7091,0.1852,0.4407,0.8148,0.5593
549,0.0295,0.7091,0.2148,0.4074,0.7852,0.5926
550,-0.0457,0.7091,0.1926,0.4148,0.8074,0.5852
551,0.0141,0.7091,0.2037,0.3815,0.7963,0.6185
552,0.0581,0.7091,0.1852,0.4296,0.8148,0.5704
553,-0.2423,0.7091,0.1593,0.4593,0.8407,0.5407
554,-0.1115,0.7091,0.1593,0.4519,0.8407,0.5481
555,-0.0882,0.7091,0.2000,0.4407,0.8000,0.5593
556,0.0995,0.7091,0.1963,0.4037,0.8037,0.5963
557,-0.0327,0.7091,0.2111,0.4037,0.7889,0.5963
558,0.0132,0.7091,0.2111,0.4370,0.7889,0.5630
559,0.0744,0.7090,0.2481,0.3889,0.7519,0.6111
560,-0.1051,0.7090,0.2296,0.4519,0.7704,0.5481
561,0.0846,0.7090,0.2407,0.3889,0.7593,0.6111
562,-0.0383,0.7090,0.1926,0.4370,0.8074,0.5630
563,-0.1247,0.7090,0.1852,0.3852,0.8148,0.6148
564,0.1084,0.7090,0.1889,0.4259,0.8111,0.5741
565,-0.0238,0.7090,0.1741,0.4222,0.8259,0.5778
566,-0.0248,0.7090,0.2185,0.4889,0.7815,0.5111
567,0.1894,0.7090,0.2259,0.4333,0.7741,0.5667
568,0.0151,0.7090,0.2148,0.4556,0.7852,0.5444
569,-0.0771,0.7090,0.1852,0.4148,0.8148,0.5852
570,-0.0504,0.7090,0.2037,0.4259,0.7963,0.5741
571,0.0517,0.7090,0.1963,0.4074,0.8037,0.5926
572,-0.0482,0.7090,0.1852,0.4074,0.8148,0.5926
573,-0.0915,0.7090,0.1778,0.4185,0.8222,0.5815
574,-0.0319,0.7090,0.1926,0.4259,0.8074,0.5741
575,0.0699,0.7090,0.2185,0.3741,0.7815,0.6259
576,-0.0826,0.7090,0.1889,0.4593,0.8111,0.5407
577,-0.0257,0.7090,0.1815,0.3963,0.8185,0.6037
578,-0.0357,0.7090,0.2111,0.4111,0.7889,0.5889
579,-0.0194,0.7090,0.1593,0.4185,0.8407,0.5815
580,-0.3082,0.7090,0.1148,0.4074,0.8852,0.5926
581,-0.0742,0.7090,0.2111,0.4741,0.7889,0.5259
582,-0.0437,0.7090,0.2148,0.4148,0.7852,0.5852
583,-0.0829,0.7090,0.1852,0.3778,0.8148,0.6222
584,0.0184,0.7090,0.2148,0.5000,0.7852,0.5000
585,-0.0475,0.7090,0.1963,0.4259,0.8037,0.5741
586,-0.0322,0.7090,0.1889,0.4222,0.8111,0.5778
587,0.0083,0.7090,0.1889,0.4000,0.8111,0.6000
588,0.0574,0.7090,0.2074,0.4111,0.7926,0.5889
589,-0.1071,0.7090,0.1630,0.3963,0.8370,0.6037
590,-0.1103,0.7090,0.1926,0.4667,0.8074,0.5333
591,0.0126,0.7090,0.2074,0.4148,0.7926,0.5852
592,-0.1349,0.7090,0.1556,0.4037,0.8444,0.5963
593,-0.0456,0.7090,0.1704,0.4148,0.8296,0.5852
594,-0.1034,0.7090,0.1963,0.4148,0.8037,0.5852
595,-0.0591,0.7090,0.1741,0.4519,0.8259,0.5481
596,-0.0535,0.7090,0.2000,0.4704,0.8000,0.5296
597,0.0421,0.7090,0.2037,0.4148,0.7963,0.5852
598,-0.0191,0.7090,0.1963,0.3778,0.8037,0.6222
599,-0.0244,0.7089,0.1852,0.4111,0.8148,0.5889
600,0.0331,0.7089,0.2185,0.4074,0.7815,0.5926
601,-0.0388,0.7089,0.1963,0.3889,0.8037,0.6111
602,-0.0383,0.7089,0.1926,0.4185,0.8074,0.5815
603,0.0859,0.7089,0.2556,0.4333,0.7444,0.5667
604,0.0423,0.7089,0.1667,0.3852,0.8333,0.6148
605,-0.1141,0.7089,0.1481,0.3889,0.8519,0.6111
606,-0.0203,0.7089,0.2074,0.4222,0.7926,0.5778
607,-0.0947,0.7089,0.1741,0.4519,0.8259,0.5481
608,0.1139,0.7089,0.2111,0.4407,0.7889,0.5593
609,-0.0322,0.7089,0.2000,0.4519,0.8000,0.5481
610,-0.1024,0.7089,0.1741,0.4333,0.8259,0.5667
611,-0.0523,0.7089,0.1926,0.4556,0.8074,0.5444
612,0.0765,0.7089,0.1926,0.3963,0.8074,0.6037
613,-0.0428,0.7089,0.1889,0.3704,0.8111,0.6296
614,0.0015,0.7089,0.2111,0.4593,0.7889,0.5407
615,-0.0171,0.7089,0.1889,0.4593,0.8111,0.5407
616,-0.0160,0.7089,0.2000,0.3741,0.8000,0.6259
617,-0.0424,0.7089,0.1852,0.4259,0.8148,0.5741
618,-0.0094,0.7089,0.1741,0.4370,0.8259,0.5630
619,-0.0594,0.7089,0.2074,0.4667,0.7926,0.5333
620,0.0802,0.7089,0.2111,0.4000,0.7889,0.6000
621,-0.0201,0.7089,0.2037,0.4111,0.7963,0.5889
622,-0.0852,0.7089,0.1778,0.4556,0.8222,0.5444
623,-0.0077,0.7089,0.2000,0.4481,0.8000,0.5519
624,0.0123,0.7089,0.2148,0.4000,0.7852,0.6000
625,-0.0249,0.7089,0.1815,0.3704,0.8185,0.6296
626,-0.0670,0.7089,0.1852,0.4185,0.8148,0.5815
627,-0.0701,0.7089,0.1963,0.4519,0.8037,0.5481
628,-0.0305,0.7089,0.1741,0.4370,0.8259,0.5630
629,0.1410,0.7089,0.2296,0.3963,0.7704,0.6037
630,-0.1423,0.7089,0.1778,0.4296,0.8222,0.5704
631,-0.0473,0.7089,0.1889,0.4370,0.8111,0.5630
632,-0.0460,0.7089,0.1926,0.4259,0.8074,0.5741
633,0.0381,0.7089,0.1926,0.4444,0.8074,0.5556
634,0.1048,0.7089,0.2111,0.4556,0.7889,0.5444
635,-0.0405,0.7089,0.2000,0.4148,0.8000,0.5852
636,0.0672,0.7089,0.2296,0.3667,0.7704,0.6333
637,-0.1119,0.7089,0.1889,0.4407,0.8111,0.5593
638,0.0218,0.7089,0.2111,0.4222,0.7889,0.5778
639,0.0575,0.7089,0.2222,0.4481,0.7778,0.5519
640,-0.0149,0.7089,0.1852,0.3963,0.8148,0.6037
641,-0.0043,0.7089,0.2074,0.4000,0.7926,0.6000
642,-0.0440,0.7089,0.1667,0.3889,0.8333,0.6111
643,-0.0251,0.7089,0.1852,0.4222,0.8148,0.5778
644,-0.0518,0.7089,0.1704,0.3815,0.8296,0.6185
645,0.1398,0.7089,0.2333,0.4000,0.7667,0.6000
646,-0.1210,0.7089,0.1815,0.4630,0.8185,0.5370
647,0.0299,0.7089,0.2000,0.3963,0.8000,0.6037
648,-0.1798,0.7089,0.1519,0.4111,0.8481,0.5889
649,0.0573,0.7089,0.2111,0.4481,0.7889,0.5519
650,0.0443,0.7089,0.1926,0.4333,0.8074,0.5667
651,-0.0351,0.7089,0.1778,0.4074,0.8222,0.5926
652,-0.0249,0.7089,0.2111,0.4370,0.7889,0.5630
653,0.0446,0.7089,0.1963,0.4481,0.8037,0.5519
654,-0.0442,0.7089,0.1778,0.4148,0.8222,0.5852
655,-0.0253,0.7089,0.1519,0.4481,0.8481,0.5519
656,-0.0080,0.7089,0.2000,0.4333,0.8000,0.5667
657,0.1195,0.7089,0.2519,0.4259,0.7481,0.5741
658,-0.1745,0.7089,0.1667,0.4630,0.8333,0.5370
659,0.0822,0.7089,0.1963,0.3815,0.8037,0.6185
660,-0.0779,0.7089,0.1556,0.4333,0.8444,0.5667
661,0.0153,0.7089,0.2037,0.4333,0.7963,0.5667
662,0.0021,0.7089,0.2000,0.4333,0.8000,0.5667
663,-0.0375,0.7089,0.1963,0.3963,0.8037,0.6037
664,0.0629,0.7089,0.2370,0.4185,0.7630,0.5815
665,0.0816,0.7089,0.1815,0.3667,0.8185,0.6333
666,0.0344,0.7089,0.1889,0.4296,0.8111,0.5704
667,-0.1475,0.7089,0.1630,0.4296,0.8370,0.5704
668,0.1229,0.7089,0.2185,0.4481,0.7815,0.5519
669,0.0966,0.7089,0.2259,0.4593,0.7741,0.5407
670,-0.1068,0.7089,0.1704,0.4185,0.8296,0.5815
671,0.0960,0.7089,0.2148,0.4407,0.7852,0.5593
672,-0.0155,0.7089,0.1852,0.4444,0.8148,0.5556
673,-0.0831,0.7089,0.1704,0.4556,0.8296,0.5444
674,-0.0051,0.7089,0.2074,0.4444,0.7926,0.5556
675,0.0052,0.7089,0.2185,0.4185,0.7815,0.5815
676,0.1402,0.7089,0.2333,0.4074,0.7667,0.5926
677,-0.0817,0.7089,0.1556,0.4407,0.8444,0.5593
678,-0.0439,0.7089,0.1889,0.3778,0.8111,0.6222
679,-0.1026,0.7089,0.1889,0.4704,0.8111,0.5296
680,-0.1098,0.7089,0.1667,0.4000,0.8333,0.6000
681,-0.0105,0.7089,0.1852,0.4630,0.8148,0.5370
682,0.0080,0.7089,0.2037,0.4148,0.7963,0.5852
683,0.1032,0.7089,0.2407,0.4667,0.7593,0.5333
684,-0.0086,0.7089,0.1593,0.4407,0.8407,0.5593
685,-0.1433,0.7089,0.1519,0.3963,0.8481,0.6037
686,0.1458,0.7089,0.2667,0.3963,0.7333,0.6037
687,0.1000,0.7089,0.2148,0.4370,0.7852,0.5630
688,0.0735,0.7089,0.2296,0.4074,0.7704,0.5926
689,-0.0839,0.7089,0.1889,0.3963,0.8111,0.6037
690,-0.1011,0.7089,0.1926,0.4407,0.8074,0.5593
691,0.0106,0.7089,0.1852,0.4333,0.8148,0.5667
692,-0.0128,0.7089,0.2185,0.4296,0.7815,0.5704
693,0.0124,0.7089,0.2259,0.3963,0.7741,0.6037
694,-0.0821,0.7089,0.1556,0.4444,0.8444,0.5556
695,0.0138,0.7089,0.2000,0.4148,0.8000,0.5852
696,0.1198,0.7089,0.2222,0.4778,0.7778,0.5222
697,-0.0292,0.7089,0.2037,0.4222,0.7963,0.5778
698,0.0476,0.7089,0.1667,0.4185,0.8333,0.5815
699,0.0501,0.7089,0.1852,0.4296,0.8148,0.5704
700,0.0409,0.7089,0.1963,0.4185,0.8037,0.5815
701,-0.0435,0.7089,0.1815,0.4111,0.8185,0.5889
702,0.0618,0.7089,0.2259,0.4222,0.7741,0.5778
703,-0.1668,0.7089,0.1370,0.3741,0.8630,0.6259
704,0.0324,0.7089,0.2333,0.4148,0.7667,0.5852
705,0.0310,0.7089,0.2111,0.4000,0.7889,0.6000
706,-0.1218,0.7089,0.1815,0.4148,0.8185,0.5852
707,0.0361,0.7089,0.1704,0.4370,0.8296,0.5630
708,0.0317,0.7089,0.1852,0.4444,0.8148,0.5556
709,-0.0822,0.7089,0.2000,0.4185,0.8000,0.5815
710,0.0525,0.7089,0.2185,0.4704,0.7815,0.5296
711,0.0056,0.7089,0.2037,0.4259,0.7963,0.5741
712,-0.0388,0.7089,0.1741,0.4296,0.8259,0.5704
713,0.0015,0.7089,0.2111,0.4407,0.7889,0.5593
714,-0.0134,0.7089,0.1926,0.4185,0.8074,0.5815
715,-0.1121,0.7089,0.1815,0.4481,0.8185,0.5519
716,0.1007,0.7089,0.2259,0.4333,0.7741,0.5667
717,0.0619,0.7089,0.2259,0.3963,0.7741,0.6037
718,0.0154,0.7089,0.2074,0.4148,0.7926,0.5852
719,0.0498,0.7089,0.1889,0.4000,0.8111,0.6000
720,-0.1563,0.7089,0.1926,0.4037,0.8074,0.5963
721,-0.0529,0.7089,0.1889,0.4481,0.8111,0.5519
722,0.0804,0.7089,0.1852,0.4259,0.8148,0.5741
723,-0.0759,0.7089,0.1852,0.4704,0.8148,0.5296
724,0.0217,0.7089,0.2000,0.4296,0.8000,0.5704
725,-0.0360,0.7089,0.2037,0.4148,0.7963,0.5852
726,-0.1400,0.7089,0.1630,0.4259,0.8370,0.5741
727,0.0174,0.7089,0.2037,0.3852,0.7963,0.6148
728,0.1266,0.7089,0.2296,0.4111,0.7704,0.5889
729,0.0042,0.7089,0.1815,0.3926,0.8185,0.6074
730,0.0117,0.7089,0.2000,0.4370,0.8000,0.5630
731,0.0683,0.7089,0.2000,0.4296,0.8000,0.5704
732,-0.1121,0.7089,0.1556,0.4593,0.8444,0.5407
733,-0.0026,0.7089,0.1889,0.4111,0.8111,0.5889
734,-0.1236,0.7089,0.1667,0.4000,0.8333,0.6000
735,-0.0811,0.7089,0.1852,0.4222,0.8148,0.5778
736,-0.0506,0.7089,0.1889,0.4185,0.8111,0.5815
737,0.0470,0.7089,0.1778,0.4222,0.8222,0.5778
738,-0.1452,0.7089,0.2037,0.4407,0.7963,0.5593
739,0.0780,0.7089,0.2037,0.4333,0.7963,0.5667
740,0.0103,0.7089,0.1815,0.4074,0.8185,0.5926
741,0.1247,0.7089,0.2037,0.3926,0.7963,0.6074
742,-0.1867,0.7089,0.1778,0.4185,0.8222,0.5815
743,-0.1612,0.7089,0.2037,0.4370,0.7963,0.5630
744,-0.0305,0.7089,0.1889,0.4148,0.8111,0.5852
745,0.0433,0.7089,0.2000,0.4519,0.8000,0.5481
746,-0.0981,0.7089,0.1667,0.4000,0.8333,0.6000
747,0.0833,0.7089,0.2111,0.4148,0.7889,0.5852
748,0.1239,0.7089,0.1963,0.4333,0.8037,0.5667
749,0.0929,0.7089,0.2000,0.4481,0.8000,0.5519
750,-0.0158,0.7089,0.1852,0.4037,0.8148,0.5963
751,0.0279,0.7089,0.2037,0.4481,0.7963,0.5519
752,-0.0202,0.7089,0.1889,0.4444,0.8111,0.5556
753,0.1490,0.7089,0.2259,0.4185,0.7741,0.5815
754,-0.1020,0.7089,0.1926,0.4296,0.8074,0.5704
755,0.1007,0.7089,0.2148,0.4185,0.7852,0.5815
756,-0.0506,0.7089,0.1852,0.4741,0.8148,0.5259
757,-0.0670,0.7089,0.2000,0.4296,0.8000,0.5704
758,0.0150,0.7089,0.2296,0.4222,0.7704,0.5778
759,-0.1448,0.7089,0.1852,0.4333,0.8148,0.5667
760,-0.0228,0.7089,0.2074,0.4185,0.7926,0.5815
761,-0.0541,0.7089,0.2296,0.4148,0.7704,0.5852
762,0.0376,0.7089,0.1741,0.4222,0.8259,0.5778
763,-0.1831,0.7089,0.1815,0.4444,0.8185,0.5556
764,0.0311,0.7089,0.1815,0.4222,0.8185,0.5778
765,-0.1246,0.7089,0.1556,0.4148,0.8444,0.5852
766,-0.0196,0.7089,0.2148,0.4000,0.7852,0.6000
767,-0.0612,0.7089,0.2222,0.4111,0.7778,0.5889
768,-0.1191,0.7089,0.1593,0.4000,0.8407,0.6000
769,0.0844,0.7089,0.2000,0.4111,0.8000,0.5889
770,-0.0412,0.7089,0.1704,0.4519,0.8296,0.5481
771,-0.1357,0.7089,0.1741,0.4556,0.8259,0.5444
772,0.0130,0.7089,0.2074,0.4296,0.7926,0.5704
773,0.0071,0.7089,0.1630,0.4148,0.8370,0.5852
774,-0.0632,0.7089,0.1556,0.3815,0.8444,0.6185
775,0.0323,0.7089,0.1778,0.4111,0.8222,0.5889
776,-0.0004,0.7089,0.2037,0.4185,0.7963,0.5815
777,0.0087,0.7089,0.2111,0.4481,0.7889,0.5519
778,-0.1453,0.7089,0.1593,0.3963,0.8407,0.6037
779,-0.1398,0.7089,0.1852,0.3889,0.8148,0.6111
780,0.0148,0.7089,0.2000,0.4370,0.8000,0.5630
781,0.1021,0.7089,0.2333,0.4185,0.7667,0.5815
782,-0.0117,0.7089,0.1815,0.4704,0.8185,0.5296
783,0.0066,0.7089,0.1889,0.3926,0.8111,0.6074
784,-0.1310,0.7089,0.1556,0.4444,0.8444,0.5556
785,0.0762,0.7089,0.1815,0.4185,0.8185,0.5815
786,-0.0377,0.7089,0.1815,0.4037,0.8185,0.5963
787,0.0470,0.7089,0.1926,0.4407,0.8074,0.5593
788,-0.0388,0.7089,0.2000,0.3778,0.8000,0.6222
789,0.0279,0.7089,0.1852,0.4481,0.8148,0.5519
790,-0.0895,0.7089,0.1741,0.4259,0.8259,0.5741
791,-0.0395,0.7089,0.1778,0.4481,0.8222,0.5519
792,0.0467,0.7089,0.2037,0.4111,0.7963,0.5889
793,-0.0142,0.7089,0.1704,0.4556,0.8296,0.5444
794,-0.1162,0.7089,0.1852,0.4556,0.8148,0.5444
795,-0.1926,0.7089,0.1704,0.4259,0.8296,0.5741
796,0.0853,0.7089,0.2111,0.4111,0.7889,0.5889
797,0.0403,0.7089,0.2074,0.4148,0.7926,0.5852
798,0.0184,0.7089,0.2074,0.4000,0.7926,0.6000
799,-0.1380,0.7089,0.1815,0.3704,0.8185,0.6296
800,-0.0127,0.7089,0.1741,0.4444,0.8259,0.5556
801,0.0505,0.7089,0.1630,0.4259,0.8370,0.5741
802,-0.1351,0.7089,0.1593,0.4852,0.8407,0.5148
803,0.0078,0.7089,0.2037,0.4407,0.7963,0.5593
804,-0.0996,0.7089,0.1630,0.4481,0.8370,0.5519
805,0.0594,0.7089,0.1852,0.4296,0.8148,0.5704
806,-0.0067,0.7089,0.1704,0.4778,0.8296,0.5222
807,0.0746,0.7089,0.2000,0.4444,0.8000,0.5556
808,-0.0272,0.7089,0.1889,0.4667,0.8111,0.5333
809,-0.1078,0.7089,0.1852,0.4407,0.8148,0.5593
810,0.0306,0.7089,0.2148,0.4037,0.7852,0.5963
811,-0.1072,0.7089,0.1630,0.4222,0.8370,0.5778
812,-0.1254,0.7089,0.1630,0.4222,0.8370,0.5778
813,-0.0815,0.7089,0.1963,0.4444,0.8037,0.5556
814,-0.0843,0.7089,0.1852,0.3778,0.8148,0.6222
815,0.0221,0.7089,0.1889,0.4296,0.8111,0.5704
816,0.0532,0.7089,0.2037,0.3852,0.7963,0.6148
817,0.0159,0.7089,0.1963,0.4222,0.8037,0.5778
818,-0.0053,0.7089,0.1963,0.4000,0.8037,0.6000
819,0.0892,0.7089,0.2074,0.3778,0.7926,0.6222
820,0.0364,0.7089,0.1704,0.4259,0.8296,0.5741
821,-0.1885,0.7089,0.1926,0.3963,0.8074,0.6037
822,0.0266,0.7089,0.1741,0.4222,0.8259,0.5778
823,-0.0684,0.7089,0.1630,0.4556,0.8370,0.5444
824,-0.0313,0.7089,0.2074,0.4630,0.7926,0.5370
825,-0.0723,0.7089,0.1963,0.4296,0.8037,0.5704
826,-0.1227,0.7089,0.1444,0.3556,0.8556,0.6444
827,-0.0883,0.7089,0.1667,0.4185,0.8333,0.5815
828,-0.0086,0.7089,0.2000,0.3704,0.8000,0.6296
829,0.0793,0.7089,0.2111,0.4222,0.7889,0.5778
830,0.0471,0.7089,0.1778,0.4185,0.8222,0.5815
831,-0.0838,0.7089,0.1704,0.4222,0.8296,0.5778
832,-0.1810,0.7089,0.1370,0.4519,0.8630,0.5481
833,-0.0914,0.7089,0.1741,0.4148,0.8259,0.5852
834,0.0158,0.7089,0.1852,0.4370,0.8148,0.5630
835,-0.0910,0.7089,0.1741,0.3741,0.8259,0.6259
836,0.0720,0.7089,0.2037,0.4519,0.7963,0.5481
837,0.1117,0.7089,0.2519,0.4222,0.7481,0.5778
838,-0.0600,0.7089,0.1926,0.3852,0.8074,0.6148
839,-0.0091,0.7089,0.1852,0.3852,0.8148,0.6148
840,-0.0229,0.7089,0.1889,0.4185,0.8111,0.5815
841,-0.0361,0.7089,0.1963,0.4185,0.8037,0.5815
842,0.0235,0.7089,0.2148,0.4704,0.7852,0.5296
843,-0.0566,0.7089,0.1519,0.4481,0.8481,0.5519
844,-0.0387,0.7089,0.1852,0.4333,0.8148,0.5667
845,-0.1032,0.7089,0.1778,0.4593,0.8222,0.5407
846,-0.1081,0.7089,0.1852,0.4111,0.8148,0.5889
847,-0.0169,0.7089,0.1667,0.4111,0.8333,0.5889
848,-0.1705,0.7089,0.1815,0.4667,0.8185,0.5333
849,0.0818,0.7089,0.2111,0.4259,0.7889,0.5741
850,0.0794,0.7089,0.2259,0.4407,0.7741,0.5593
851,0.0246,0.7089,0.2222,0.3889,0.7778,0.6111
852,0.0675,0.7089,0.2333,0.4222,0.7667,0.5778
853,-0.0240,0.7089,0.1815,0.4148,0.8185,0.5852
854,-0.0816,0.7089,0.1704,0.3889,0.8296,0.6111
855,0.0256,0.7089,0.2148,0.4000,0.7852,0.6000
856,0.0272,0.7089,0.1704,0.3519,0.8296,0.6481
857,0.0784,0.7089,0.2222,0.3889,0.7778,0.6111
858,0.0003,0.7089,0.1889,0.4185,0.8111,0.5815
859,-0.1377,0.7089,0.1519,0.4111,0.8481,0.5889
860,0.1311,0.7089,0.2519,0.4593,0.7481,0.5407
861,0.0763,0.7089,0.2407,0.4185,0.7593,0.5815
862,0.0448,0.7089,0.2259,0.4296,0.7741,0.5704
863,-0.0242,0.7089,0.2074,0.3926,0.7926,0.6074
864,-0.0914,0.7089,0.1963,0.4852,0.8037,0.5148
865,-0.0055,0.7089,0.1852,0.4037,0.8148,0.5963
866,0.0033,0.7089,0.1519,0.4185,0.8481,0.5815
867,0.0917,0.7089,0.2074,0.4333,0.7926,0.5667
868,0.0111,0.7089,0.1556,0.4296,0.8444,0.5704
869,-0.1379,0.7089,0.1815,0.4370,0.8185,0.5630
870,-0.0035,0.7089,0.2148,0.4185,0.7852,0.5815
871,0.0076,0.7089,0.2259,0.3963,0.7741,0.6037
872,-0.0029,0.7089,0.2222,0.4037,0.7778,0.5963
873,0.0538,0.7089,0.2000,0.4148,0.8000,0.5852
874,0.1402,0.7089,0.2111,0.4296,0.7889,0.5704
875,0.1211,0.7089,0.2074,0.4333,0.7926,0.5667
876,0.0401,0.7089,0.2037,0.4185,0.7963,0.5815
877,0.1530,0.7089,0.2111,0.4963,0.7889,0.5037
878,0.0560,0.7089,0.2148,0.4370,0.7852,0.5630
879,-0.0929,0.7089,0.2037,0.4333,0.7963,0.5667
880,0.0764,0.7089,0.2185,0.4296,0.7815,0.5704
881,0.0421,0.7089,0.1926,0.4074,0.8074,0.5926
882,-0.0726,0.7089,0.1370,0.4074,0.8630,0.5926
883,0.0990,0.7089,0.1963,0.4148,0.8037,0.5852
884,-0.1897,0.7089,0.2037,0.4148,0.7963,0.5852
885,-0.1435,0.7089,0.1889,0.4222,0.8111,0.5778
886,-0.1458,0.7089,0.1556,0.4296,0.8444,0.5704
887,0.0871,0.7089,0.2074,0.4593,0.7926,0.5407
888,-0.0130,0.7089,0.1593,0.4185,0.8407,0.5815
889,-0.2174,0.7089,0.1593,0.3852,0.8407,0.6148
890,-0.0433,0.7089,0.1926,0.4407,0.8074,0.5593
891,-0.0116,0.7089,0.2111,0.4370,0.7889,0.5630
892,-0.0688,0.7089,0.1556,0.4556,0.8444,0.5444
893,-0.0060,0.7089,0.1963,0.4481,0.8037,0.5519
894,-0.0318,0.7089,0.1852,0.4037,0.8148,0.5963
895,-0.0124,0.7089,0.1889,0.4556,0.8111,0.5444
896,-0.0751,0.7089,0.1852,0.4370,0.8148,0.5630
897,0.0423,0.7089,0.1889,0.4407,0.8111,0.5593
898,0.0446,0.7089,0.2148,0.4296,0.7852,0.5704
899,-0.0760,0.7089,0.1741,0.4444,0.8259,0.5556
900,-0.0480,0.7089,0.1889,0.3926,0.8111,0.6074
901,0.0455,0.7089,0.2185,0.4222,0.7815,0.5778
902,-0.1527,0.7089,0.1741,0.4259,0.8259,0.5741
903,0.0773,0.7089,0.2185,0.4074,0.7815,0.5926
904,-0.0715,0.7089,0.1963,0.4296,0.8037,0.5704
905,0.0042,0.7089,0.2000,0.4037,0.8000,0.5963
906,0.1229,0.7089,0.2481,0.4407,0.7519,0.5593
907,0.0187,0.7089,0.1889,0.4370,0.8111,0.5630
908,0.0037,0.7089,0.1704,0.3926,0.8296,0.6074
909,0.0673,0.7089,0.2074,0.4259,0.7926,0.5741
910,-0.1291,0.7089,0.1667,0.3630,0.8333,0.6370
911,-0.0625,0.7089,0.1630,0.4741,0.8370,0.5259
912,-0.0466,0.7089,0.1852,0.4519,0.8148,0.5481
913,0.1153,0.7089,0.2185,0.4444,0.7815,0.5556
914,0.0613,0.7089,0.1963,0.3852,0.8037,0.6148
915,-0.0847,0.7089,0.2111,0.4259,0.7889,0.5741
916,-0.1098,0.7089,0.1667,0.3778,0.8333,0.6222
917,-0.0120,0.7089,0.1889,0.3963,0.8111,0.6037
918,0.0357,0.7089,0.1741,0.4000,0.8259,0.6000
919,-0.0491,0.7089,0.1704,0.4000,0.8296,0.6000
920,0.0299,0.7089,0.2111,0.4333,0.7889,0.5667
921,-0.0001,0.7089,0.2296,0.4259,0.7704,0.5741
922,0.0960,0.7089,0.1926,0.4222,0.8074,0.5778
923,-0.0046,0.7089,0.1852,0.4519,0.8148,0.5481
924,-0.0858,0.7089,0.1481,0.4370,0.8519,0.5630
925,-0.0847,0.7089,0.1889,0.4593,0.8111,0.5407
926,0.0409,0.7089,0.2037,0.4519,0.7963,0.5481
927,0.0319,0.7089,0.1815,0.4778,0.8185,0.5222
928,0.0949,0.7089,0.1741,0.3778,0.8259,0.6222
929,-0.0537,0.7089,0.1556,0.4111,0.8444,0.5889
930,0.0146,0.7089,0.1852,0.4333,0.8148,0.5667
931,-0.0229,0.7089,0.1852,0.4407,0.8148,0.5593
932,-0.0079,0.7089,0.2222,0.4407,0.7778,0.5593
933,-0.0993,0.7089,0.1815,0.4037,0.8185,0.5963
934,0.0432,0.7089,0.2630,0.4148,0.7370,0.5852
935,0.0002,0.7089,0.1815,0.4370,0.8185,0.5630
936,0.0851,0.7089,0.1889,0.4148,0.8111,0.5852
937,-0.1091,0.7089,0.1926,0.4630,0.8074,0.5370
938,-0.0660,0.7089,0.1815,0.4222,0.8185,0.5778
939,0.0870,0.7089,0.2333,0.4259,0.7667,0.5741
940,-0.1419,0.7089,0.1630,0.3815,0.8370,0.6185
941,0.0060,0.7089,0.1815,0.4185,0.8185,0.5815
942,-0.0237,0.7089,0.2148,0.4148,0.7852,0.5852
943,0.0450,0.7089,0.1963,0.4370,0.8037,0.5630
944,-0.0003,0.7089,0.1704,0.4259,0.8296,0.5741
945,0.0009,0.7089,0.2037,0.4259,0.7963,0.5741
946,0.0238,0.7089,0.1889,0.4074,0.8111,0.5926
947,0.0997,0.7089,0.2259,0.4519,0.7741,0.5481
948,-0.0483,0.7089,0.2185,0.4407,0.7815,0.5593
949,0.0746,0.7089,0.1815,0.4296,0.8185,0.5704
950,0.0077,0.7089,0.1926,0.3926,0.8074,0.6074
951,-0.0010,0.7089,0.1889,0.4074,0.8111,0.5926
952,-0.0715,0.7089,0.1963,0.3593,0.8037,0.6407
953,-0.0811,0.7089,0.1741,0.4333,0.8259,0.5667
954,-0.0202,0.7089,0.2111,0.4370,0.7889,0.5630
955,-0.1383,0.7089,0.1815,0.4296,0.8185,0.5704
956,-0.1258,0.7089,0.1519,0.4259,0.8481,0.5741
957,0.0403,0.7089,0.2037,0.4185,0.7963,0.5815
958,-0.1292,0.7089,0.1889,0.3852,0.8111,0.6148
959,-0.0032,0.7089,0.2000,0.4111,0.8000,0.5889
960,-0.0610,0.7089,0.2222,0.4481,0.7778,0.5519
961,-0.1105,0.7089,0.1481,0.4037,0.8519,0.5963
962,0.0297,0.7089,0.1630,0.4481,0.8370,0.5519
963,-0.0181,0.7089,0.1926,0.4111,0.8074,0.5889
964,-0.0995,0.7089,0.2000,0.3963,0.8000,0.6037
965,0.0857,0.7089,0.2259,0.4333,0.7741,0.5667
966,0.0709,0.7089,0.2148,0.4481,0.7852,0.5519
967,-0.1196,0.7089,0.1778,0.4519,0.8222,0.5481
968,-0.1051,0.7089,0.1481,0.3630,0.8519,0.6370
969,0.0083,0.7089,0.2296,0.4000,0.7704,0.6000
970,0.0391,0.7089,0.1926,0.4333,0.8074,0.5667
971,0.1021,0.7089,0.2370,0.3926,0.7630,0.6074
972,-0.0459,0.7089,0.1704,0.4481,0.8296,0.5519
973,0.0419,0.7089,0.2185,0.4741,0.7815,0.5259
974,0.0719,0.7089,0.2333,0.3704,0.7667,0.6296
975,0.0415,0.7089,0.1852,0.4519,0.8148,0.5481
976,0.0191,0.7089,0.2370,0.4296,0.7630,0.5704
977,0.1203,0.7089,0.2296,0.3926,0.7704,0.6074
978,0.1467,0.7089,0.2593,0.4222,0.7407,0.5778
979,-0.0140,0.7089,0.1963,0.4259,0.8037,0.5741
980,0.0029,0.7089,0.2074,0.3963,0.7926,0.6037
981,-0.0027,0.7089,0.1926,0.4519,0.8074,0.5481
982,0.1270,0.7089,0.2000,0.3741,0.8000,0.6259
983,-0.1093,0.7089,0.1815,0.3889,0.8185,0.6111
984,0.1281,0.7089,0.1852,0.4667,0.8148,0.5333
985,0.0575,0.7089,0.2185,0.4074,0.7815,0.5926
986,0.0270,0.7089,0.2037,0.3667,0.7963,0.6333
987,-0.1633,0.7089,0.1963,0.4667,0.8037,0.5333
988,-0.0721,0.7089,0.1741,0.4222,0.8259,0.5778
989,0.0247,0.7089,0.2111,0.3852,0.7889,0.6148
990,-0.0412,0.7089,0.1778,0.4222,0.8222,0.5778
991,0.0378,0.7089,0.1815,0.3778,0.8185,0.6222
992,0.0628,0.7089,0.2037,0.3815,0.7963,0.6185
993,-0.0047,0.7089,0.1852,0.4111,0.8148,0.5889
994,-0.0958,0.7089,0.1741,0.3889,0.8259,0.6111
995,0.0167,0.7089,0.2259,0.4111,0.7741,0.5889
996,0.0196,0.7089,0.1593,0.3630,0.8407,0.6370
997,-0.0511,0.7089,0.1741,0.4111,0.8259,0.5889
998,-0.0636,0.7089,0.2000,0.4370,0.8000,0.5630
999,-0.0337,0.7089,0.1852,0.4296,0.8148,0.5704
