0,-0.1204,104.0304,0.0778,0.0852,0.9222,0.9148,3.45278000831604,9.999999747378752e-05
1,0.0354,103.6018,0.1296,0.1296,0.8704,0.8704,3.2969021797180176,9.999999747378752e-05
2,0.1724,103.2992,0.2519,0.2519,0.7481,0.7481,3.1598961353302,9.999999747378752e-05
3,0.3058,103.1516,0.3111,0.3185,0.6889,0.6815,3.0264220237731934,9.999999747378752e-05
4,0.4321,103.0026,0.3778,0.3815,0.6222,0.6185,2.9001710414886475,9.999999747378752e-05
5,0.5635,102.8319,0.4667,0.4667,0.5333,0.5333,2.768730878829956,9.999999747378752e-05
6,0.6947,102.6682,0.5111,0.5111,0.4889,0.4889,2.63747501373291,9.999999747378752e-05
7,0.8253,102.5370,0.5556,0.5630,0.4444,0.4370,2.506859540939331,9.999999747378752e-05
8,0.9536,102.4265,0.5963,0.6037,0.4037,0.3963,2.3785688877105713,9.999999747378752e-05
9,1.0807,102.1218,0.6333,0.6259,0.3667,0.3741,2.251434326171875,9.999999747378752e-05
10,1.2014,101.8619,0.6741,0.6741,0.3259,0.3259,2.130666494369507,9.999999747378752e-05
11,1.3185,101.5756,0.6889,0.6852,0.3111,0.3148,2.013557195663452,9.999999747378752e-05
12,1.4244,101.3893,0.6926,0.6926,0.3074,0.3074,1.9076521396636963,9.999999747378752e-05
13,1.5203,101.2605,0.7000,0.7037,0.3000,0.2963,1.8117661476135254,9.999999747378752e-05
14,1.6123,101.0263,0.7333,0.7296,0.2667,0.2704,1.7196857929229736,9.999999747378752e-05
15,1.6943,100.8428,0.7519,0.7519,0.2481,0.2481,1.6377418041229248,9.999999747378752e-05
16,1.7701,100.7518,0.7630,0.7630,0.2370,0.2370,1.5618613958358765,9.999999747378752e-05
17,1.8391,100.6697,0.7630,0.7667,0.2370,0.2333,1.4928797483444214,9.999999747378752e-05
18,1.9029,100.6166,0.7815,0.7778,0.2185,0.2222,1.4291024208068848,9.999999747378752e-05
19,1.9635,100.4656,0.7926,0.7963,0.2074,0.2037,1.3684993982315063,9.999999747378752e-05
20,2.0143,100.1267,0.8037,0.8074,0.1963,0.1926,1.3176664113998413,9.999999747378752e-05
21,2.0619,99.8702,0.8148,0.8111,0.1852,0.1889,1.2700181007385254,9.999999747378752e-05
22,2.1073,99.8472,0.8111,0.8185,0.1889,0.1815,1.2246042490005493,9.999999747378752e-05
23,2.1413,99.7395,0.8222,0.8222,0.1778,0.1778,1.1906062364578247,9.999999747378752e-05
24,2.1731,99.4810,0.8222,0.8185,0.1778,0.1815,1.158750295639038,9.999999747378752e-05
25,2.2055,99.2423,0.8259,0.8259,0.1741,0.1741,1.1263689994812012,9.999999747378752e-05
26,2.2336,98.8284,0.8296,0.8259,0.1704,0.1741,1.0982028245925903,9.999999747378752e-05
27,2.2590,98.8234,0.8296,0.8296,0.1704,0.1704,1.0728145837783813,9.999999747378752e-05
28,2.2808,98.8723,0.8222,0.8333,0.1778,0.1667,1.0509898662567139,9.999999747378752e-05
29,2.3024,98.8634,0.8333,0.8333,0.1667,0.1667,1.029423475265503,9.999999747378752e-05
30,2.3245,99.0941,0.8296,0.8333,0.1704,0.1667,1.0073460340499878,9.999999747378752e-05
31,2.3460,99.0589,0.8333,0.8370,0.1667,0.1630,0.985785186290741,9.999999747378752e-05
32,2.3595,99.0270,0.8370,0.8333,0.1630,0.1667,0.9723061919212341,9.999999747378752e-05
33,2.3762,99.0277,0.8370,0.8370,0.1630,0.1630,0.9556105732917786,9.999999747378752e-05
34,2.3872,98.7996,0.8333,0.8370,0.1667,0.1630,0.9445977210998535,9.999999747378752e-05
35,2.4082,98.6175,0.8370,0.8333,0.1630,0.1667,0.923618495464325,9.999999747378752e-05
36,2.4142,98.7384,0.8370,0.8370,0.1630,0.1630,0.9176004528999329,9.999999747378752e-05
37,2.4264,98.6869,0.8333,0.8333,0.1667,0.1667,0.9053664207458496,9.999999747378752e-05
38,2.4457,98.6479,0.8333,0.8333,0.1667,0.1667,0.8860841393470764,9.999999747378752e-05
39,2.4469,98.4914,0.8333,0.8333,0.1667,0.1667,0.8848780393600464,9.999999747378752e-05
40,2.4622,98.3129,0.8370,0.8370,0.1630,0.1630,0.8695646524429321,9.999999747378752e-05
41,2.4707,98.2542,0.8333,0.8333,0.1667,0.1667,0.8610754609107971,9.999999747378752e-05
42,2.4787,98.1765,0.8333,0.8370,0.1667,0.1630,0.8530932068824768,9.999999747378752e-05
43,2.4874,98.3420,0.8370,0.8370,0.1630,0.1630,0.8444110155105591,9.999999747378752e-05
44,2.4986,98.2943,0.8370,0.8370,0.1630,0.1630,0.8331395387649536,9.999999747378752e-05
45,2.5038,98.3769,0.8296,0.8370,0.1704,0.1630,0.8279902935028076,9.999999747378752e-05
46,2.5096,98.5070,0.8370,0.8370,0.1630,0.1630,0.8222241997718811,9.999999747378752e-05
47,2.5124,98.6465,0.8370,0.8370,0.1630,0.1630,0.8193439841270447,9.999999747378752e-05
48,2.5296,98.9312,0.8444,0.8370,0.1556,0.1630,0.8022698163986206,9.999999747378752e-05
49,2.5297,98.8739,0.8370,0.8370,0.1630,0.1630,0.802160382270813,9.999999747378752e-05
50,2.5408,99.1162,0.8407,0.8370,0.1593,0.1630,0.7910772562026978,9.999999747378752e-05
51,2.5418,99.2490,0.8481,0.8370,0.1519,0.1630,0.7900662422180176,9.999999747378752e-05
52,2.5480,99.4463,0.8333,0.8370,0.1667,0.1630,0.783918023109436,9.999999747378752e-05
53,2.5518,99.5204,0.8370,0.8370,0.1630,0.1630,0.7801244258880615,9.999999747378752e-05
54,2.5587,99.7844,0.8370,0.8407,0.1630,0.1593,0.7731631994247437,9.999999747378752e-05
55,2.5650,99.9656,0.8407,0.8370,0.1593,0.1630,0.766944169998169,9.999999747378752e-05
56,2.5652,99.9055,0.8370,0.8370,0.1630,0.1630,0.7667387127876282,9.999999747378752e-05
57,2.5748,99.9191,0.8407,0.8370,0.1593,0.1630,0.7570900917053223,9.999999747378752e-05
58,2.5753,100.1688,0.8444,0.8370,0.1556,0.1630,0.7566838264465332,9.999999747378752e-05
59,2.5694,100.2493,0.8407,0.8407,0.1593,0.1593,0.7625085711479187,9.999999747378752e-05
60,2.5868,100.4394,0.8481,0.8370,0.1519,0.1630,0.745127260684967,9.999999747378752e-05
61,2.5804,100.5654,0.8444,0.8407,0.1556,0.1593,0.7515822052955627,9.999999747378752e-05
62,2.5781,100.9459,0.8407,0.8481,0.1593,0.1519,0.7539149522781372,9.999999747378752e-05
63,2.5839,101.1067,0.8444,0.8444,0.1556,0.1556,0.7481338977813721,9.999999747378752e-05
64,2.5917,101.3291,0.8370,0.8407,0.1630,0.1593,0.7403832077980042,9.999999747378752e-05
65,2.5954,101.4886,0.8481,0.8407,0.1519,0.1593,0.7367169857025146,9.999999747378752e-05
66,2.6000,101.6182,0.8407,0.8444,0.1593,0.1556,0.7320425510406494,9.999999747378752e-05
67,2.6072,101.7234,0.8444,0.8444,0.1556,0.1556,0.7249003648757935,9.999999747378752e-05
68,2.6084,101.8464,0.8556,0.8481,0.1444,0.1519,0.7236674427986145,9.999999747378752e-05
69,2.6057,101.9855,0.8519,0.8519,0.1481,0.1481,0.7264175415039062,9.999999747378752e-05
70,2.6093,102.1175,0.8519,0.8444,0.1481,0.1556,0.7227985262870789,9.999999747378752e-05
71,2.6184,102.1921,0.8481,0.8444,0.1519,0.1556,0.7137616872787476,9.999999747378752e-05
72,2.6158,102.2025,0.8556,0.8519,0.1444,0.1481,0.7163850665092468,9.999999747378752e-05
73,2.6163,102.2386,0.8481,0.8481,0.1519,0.1519,0.7158374786376953,9.999999747378752e-05
74,2.6178,102.3997,0.8519,0.8481,0.1481,0.1519,0.7143281698226929,9.999999747378752e-05
75,2.6247,102.5498,0.8556,0.8481,0.1444,0.1519,0.7074416279792786,9.999999747378752e-05
76,2.6187,102.7425,0.8556,0.8481,0.1444,0.1519,0.7134690880775452,9.999999747378752e-05
77,2.6312,102.9859,0.8556,0.8519,0.1444,0.1481,0.700985312461853,9.999999747378752e-05
78,2.6236,103.1716,0.8556,0.8556,0.1444,0.1444,0.7086498737335205,9.999999747378752e-05
79,2.6271,103.3537,0.8519,0.8556,0.1481,0.1444,0.7051571011543274,9.999999747378752e-05
80,2.6267,103.2717,0.8481,0.8519,0.1519,0.1481,0.7055290341377258,9.999999747378752e-05
81,2.6310,103.4993,0.8667,0.8556,0.1333,0.1444,0.7013172507286072,9.999999747378752e-05
82,2.6322,103.6171,0.8593,0.8519,0.1407,0.1481,0.7000930905342102,9.999999747378752e-05
83,2.6319,103.7434,0.8556,0.8519,0.1444,0.1481,0.7003652453422546,9.999999747378752e-05
84,2.6429,103.9680,0.8556,0.8593,0.1444,0.1407,0.6893830299377441,9.999999747378752e-05
85,2.6356,104.1531,0.8630,0.8556,0.1370,0.1444,0.6967495083808899,9.999999747378752e-05
86,2.6345,104.3616,0.8593,0.8556,0.1407,0.1444,0.6979056596755981,9.999999747378752e-05
87,2.6439,104.5276,0.8593,0.8556,0.1407,0.1444,0.6884493827819824,9.999999747378752e-05
88,2.6398,104.7205,0.8593,0.8556,0.1407,0.1444,0.692621648311615,9.999999747378752e-05
89,2.6455,104.7842,0.8593,0.8556,0.1407,0.1444,0.6869542002677917,9.999999747378752e-05
90,2.6420,104.8668,0.8630,0.8556,0.1370,0.1444,0.6904501914978027,9.999999747378752e-05
91,2.6424,104.9482,0.8481,0.8630,0.1519,0.1370,0.6899840831756592,9.999999747378752e-05
92,2.6441,105.0898,0.8630,0.8556,0.1370,0.1444,0.688301682472229,9.999999747378752e-05
93,2.6474,105.3234,0.8519,0.8630,0.1481,0.1370,0.6850174069404602,9.999999747378752e-05
94,2.6521,105.5298,0.8593,0.8593,0.1407,0.1407,0.6803588271141052,9.999999747378752e-05
95,2.6442,105.5846,0.8667,0.8593,0.1333,0.1407,0.6883282661437988,9.999999747378752e-05
96,2.6478,105.7945,0.8630,0.8667,0.1370,0.1333,0.6846892833709717,9.999999747378752e-05
97,2.6512,105.8917,0.8593,0.8556,0.1407,0.1444,0.6813179850578308,9.999999747378752e-05
98,2.6461,106.1176,0.8481,0.8593,0.1519,0.1407,0.6864662766456604,9.999999747378752e-05
99,2.6511,106.2545,0.8667,0.8630,0.1333,0.1370,0.6814873814582825,9.999999747378752e-05
100,2.6550,106.4557,0.8556,0.8630,0.1444,0.1370,0.6775383949279785,9.999999747378752e-05
101,2.6523,106.6396,0.8667,0.8593,0.1333,0.1407,0.6803038120269775,9.999999747378752e-05
102,2.6533,106.8374,0.8556,0.8593,0.1444,0.1407,0.6793187260627747,9.999999747378752e-05
103,2.6563,107.0581,0.8630,0.8593,0.1370,0.1407,0.6763676404953003,9.999999747378752e-05
104,2.6516,107.1369,0.8630,0.8630,0.1370,0.1370,0.6810346841812134,9.999999747378752e-05
105,2.6574,107.3048,0.8593,0.8667,0.1407,0.1333,0.6752762198448181,9.999999747378752e-05
106,2.6668,107.3960,0.8704,0.8593,0.1296,0.1407,0.6658772230148315,9.999999747378752e-05
107,2.6582,107.5563,0.8630,0.8630,0.1370,0.1370,0.674517810344696,9.999999747378752e-05
108,2.6700,107.6906,0.8630,0.8630,0.1370,0.1370,0.662703275680542,9.999999747378752e-05
109,2.6589,107.8142,0.8593,0.8630,0.1407,0.1370,0.673814058303833,9.999999747378752e-05
110,2.6560,107.9495,0.8630,0.8667,0.1370,0.1333,0.6767420768737793,9.999999747378752e-05
111,2.6669,108.1115,0.8667,0.8630,0.1333,0.1370,0.6658400297164917,9.999999747378752e-05
112,2.6513,108.2378,0.8630,0.8630,0.1370,0.1370,0.6814464926719666,9.999999747378752e-05
113,2.6656,108.3614,0.8667,0.8667,0.1333,0.1333,0.667164146900177,9.999999747378752e-05
114,2.6605,108.5004,0.8593,0.8667,0.1407,0.1333,0.6723231077194214,9.999999747378752e-05
115,2.6637,108.6002,0.8741,0.8630,0.1259,0.1370,0.6690885424613953,9.999999747378752e-05
116,2.6602,108.6938,0.8667,0.8630,0.1333,0.1370,0.6726042628288269,9.999999747378752e-05
117,2.6648,108.8318,0.8556,0.8630,0.1444,0.1370,0.6680601239204407,9.999999747378752e-05
118,2.6634,108.9279,0.8630,0.8630,0.1370,0.1370,0.6693837642669678,9.999999747378752e-05
119,2.6599,109.0732,0.8593,0.8630,0.1407,0.1370,0.6729716062545776,9.999999747378752e-05
120,2.6572,109.1055,0.8667,0.8593,0.1333,0.1407,0.6756651997566223,9.999999747378752e-05
121,2.6670,109.2561,0.8667,0.8630,0.1333,0.1370,0.6658644676208496,9.999999747378752e-05
122,2.6655,109.3428,0.8667,0.8630,0.1333,0.1370,0.6673960089683533,9.999999747378752e-05
123,2.6658,109.4481,0.8593,0.8667,0.1407,0.1333,0.667034924030304,9.999999747378752e-05
124,2.6653,109.4877,0.8667,0.8630,0.1333,0.1370,0.6675401329994202,9.999999747378752e-05
125,2.6694,109.6381,0.8704,0.8667,0.1296,0.1333,0.6635036468505859,9.999999747378752e-05
126,2.6725,109.7586,0.8704,0.8667,0.1296,0.1333,0.6604518890380859,9.999999747378752e-05
127,2.6726,109.8988,0.8630,0.8630,0.1370,0.1370,0.6603558659553528,9.999999747378752e-05
128,2.6692,110.0081,0.8704,0.8630,0.1296,0.1370,0.6637309193611145,9.999999747378752e-05
129,2.6635,110.0688,0.8630,0.8630,0.1370,0.1370,0.6694321036338806,9.999999747378752e-05
130,2.6794,110.1298,0.8667,0.8630,0.1333,0.1370,0.6534988880157471,9.999999747378752e-05
131,2.6712,110.2604,0.8667,0.8630,0.1333,0.1370,0.6617870330810547,9.999999747378752e-05
132,2.6689,110.3078,0.8593,0.8667,0.1407,0.1333,0.6640521287918091,9.999999747378752e-05
133,2.6667,110.4222,0.8667,0.8630,0.1333,0.1370,0.6662414073944092,9.999999747378752e-05
134,2.6772,110.6046,0.8630,0.8704,0.1370,0.1296,0.6557433009147644,9.999999747378752e-05
135,2.6740,110.7378,0.8741,0.8630,0.1259,0.1370,0.6590504050254822,9.999999747378752e-05
136,2.6757,110.8453,0.8741,0.8667,0.1259,0.1333,0.6572756767272949,9.999999747378752e-05
137,2.6679,110.9589,0.8667,0.8630,0.1333,0.1370,0.6651676893234253,9.999999747378752e-05
138,2.6788,111.0546,0.8667,0.8667,0.1333,0.1333,0.6542223691940308,9.999999747378752e-05
139,2.6783,111.1640,0.8630,0.8667,0.1370,0.1333,0.6546953916549683,9.999999747378752e-05
140,2.6684,111.2052,0.8630,0.8630,0.1370,0.1370,0.6646498441696167,9.999999747378752e-05
141,2.6772,111.2610,0.8667,0.8630,0.1333,0.1370,0.6558621525764465,9.999999747378752e-05
142,2.6862,111.2875,0.8741,0.8630,0.1259,0.1370,0.6468169689178467,9.999999747378752e-05
143,2.6668,111.3250,0.8630,0.8630,0.1370,0.1370,0.6662846207618713,9.999999747378752e-05
144,2.6703,111.4301,0.8667,0.8630,0.1333,0.1370,0.6627686023712158,9.999999747378752e-05
145,2.6774,111.5414,0.8630,0.8630,0.1370,0.1370,0.6556609869003296,9.999999747378752e-05
146,2.6773,111.6061,0.8630,0.8630,0.1370,0.1370,0.6558305025100708,9.999999747378752e-05
147,2.6829,111.7217,0.8704,0.8667,0.1296,0.1333,0.6502334475517273,9.999999747378752e-05
148,2.6742,111.8151,0.8704,0.8667,0.1296,0.1333,0.6589106321334839,9.999999747378752e-05
149,2.6769,111.9171,0.8741,0.8630,0.1259,0.1370,0.6562661528587341,9.999999747378752e-05
150,2.6726,111.9829,0.8667,0.8630,0.1333,0.1370,0.6604843735694885,9.999999747378752e-05
151,2.6755,112.0529,0.8667,0.8630,0.1333,0.1370,0.6575981378555298,9.999999747378752e-05
152,2.6761,112.1214,0.8667,0.8667,0.1333,0.1333,0.6570854783058167,9.999999747378752e-05
153,2.6808,112.1460,0.8741,0.8667,0.1259,0.1333,0.6523372530937195,9.999999747378752e-05
154,2.6771,112.1879,0.8704,0.8630,0.1296,0.1370,0.656038224697113,9.999999747378752e-05
155,2.6808,112.2498,0.8667,0.8630,0.1333,0.1370,0.6523972153663635,9.999999747378752e-05
156,2.6692,112.3017,0.8741,0.8630,0.1259,0.1370,0.6639552116394043,9.999999747378752e-05
157,2.6800,112.4072,0.8667,0.8741,0.1333,0.1259,0.6531471610069275,9.999999747378752e-05
158,2.6879,112.4604,0.8704,0.8630,0.1296,0.1370,0.6453030705451965,9.999999747378752e-05
159,2.6717,112.5203,0.8630,0.8704,0.1370,0.1296,0.661471962928772,9.999999747378752e-05
160,2.6827,112.5873,0.8704,0.8667,0.1296,0.1333,0.65045565366745,9.999999747378752e-05
161,2.6858,112.6722,0.8741,0.8630,0.1259,0.1370,0.6474284529685974,9.999999747378752e-05
162,2.6838,112.7004,0.8741,0.8667,0.1259,0.1333,0.6493658423423767,9.999999747378752e-05
163,2.6807,112.7831,0.8741,0.8667,0.1259,0.1333,0.6525185108184814,9.999999747378752e-05
164,2.6814,112.8558,0.8741,0.8667,0.1259,0.1333,0.6518285274505615,9.999999747378752e-05
165,2.6856,112.9082,0.8704,0.8667,0.1296,0.1333,0.6476268768310547,9.999999747378752e-05
166,2.6816,112.9166,0.8704,0.8704,0.1296,0.1296,0.6516507863998413,9.999999747378752e-05
167,2.6834,112.9852,0.8704,0.8630,0.1296,0.1370,0.6498045921325684,9.999999747378752e-05
168,2.6820,113.0638,0.8741,0.8704,0.1259,0.1296,0.6512134075164795,9.999999747378752e-05
169,2.6794,113.1173,0.8630,0.8667,0.1370,0.1333,0.6537989974021912,9.999999747378752e-05
170,2.6827,113.1968,0.8741,0.8630,0.1259,0.1370,0.6505087018013,9.999999747378752e-05
171,2.6879,113.2409,0.8778,0.8667,0.1222,0.1333,0.6453039646148682,9.999999747378752e-05
172,2.6802,113.2757,0.8667,0.8704,0.1333,0.1296,0.6530258059501648,9.999999747378752e-05
173,2.6817,113.3376,0.8667,0.8630,0.1333,0.1370,0.6515964865684509,9.999999747378752e-05
174,2.6820,113.3643,0.8667,0.8741,0.1333,0.1259,0.6512367725372314,9.999999747378752e-05
175,2.6856,113.4203,0.8741,0.8704,0.1259,0.1296,0.647711455821991,9.999999747378752e-05
176,2.6815,113.4720,0.8704,0.8704,0.1296,0.1296,0.6517541408538818,9.999999747378752e-05
177,2.6882,113.5044,0.8704,0.8741,0.1296,0.1259,0.64512699842453,9.999999747378752e-05
178,2.6914,113.5492,0.8741,0.8667,0.1259,0.1333,0.6419176459312439,9.999999747378752e-05
179,2.6857,113.5981,0.8667,0.8667,0.1333,0.1333,0.6475650072097778,9.999999747378752e-05
180,2.6824,113.6393,0.8778,0.8741,0.1222,0.1259,0.6508987545967102,9.999999747378752e-05
181,2.6825,113.6987,0.8704,0.8704,0.1296,0.1296,0.6508418917655945,9.999999747378752e-05
182,2.6979,113.7084,0.8778,0.8741,0.1222,0.1259,0.6354228258132935,9.999999747378752e-05
183,2.6832,113.7197,0.8630,0.8667,0.1370,0.1333,0.6501314043998718,9.999999747378752e-05
184,2.6825,113.7612,0.8630,0.8741,0.1370,0.1259,0.6508380770683289,9.999999747378752e-05
185,2.6890,113.8136,0.8704,0.8704,0.1296,0.1296,0.6442667245864868,9.999999747378752e-05
186,2.6800,113.8323,0.8704,0.8704,0.1296,0.1296,0.6532905697822571,9.999999747378752e-05
187,2.6839,113.8642,0.8667,0.8667,0.1333,0.1333,0.649406909942627,9.999999747378752e-05
188,2.6891,113.9303,0.8741,0.8667,0.1259,0.1333,0.6442101001739502,9.999999747378752e-05
189,2.6866,113.9692,0.8704,0.8704,0.1296,0.1296,0.6466848850250244,9.999999747378752e-05
190,2.6858,114.0097,0.8741,0.8667,0.1259,0.1333,0.6475306153297424,9.999999747378752e-05
191,2.6798,114.0639,0.8667,0.8741,0.1333,0.1259,0.6535542607307434,9.999999747378752e-05
192,2.6906,114.1218,0.8667,0.8704,0.1333,0.1296,0.6426945328712463,9.999999747378752e-05
193,2.6805,114.1497,0.8667,0.8741,0.1333,0.1259,0.6528326869010925,9.999999747378752e-05
194,2.6855,114.1952,0.8741,0.8741,0.1259,0.1259,0.6478840708732605,9.999999747378752e-05
195,2.6804,114.2402,0.8667,0.8704,0.1333,0.1296,0.6529767513275146,9.999999747378752e-05
196,2.6862,114.2755,0.8704,0.8704,0.1296,0.1296,0.647151529788971,9.999999747378752e-05
197,2.6881,114.3206,0.8778,0.8704,0.1222,0.1296,0.6452224850654602,9.999999747378752e-05
198,2.6948,114.3390,0.8667,0.8704,0.1333,0.1296,0.6385855078697205,9.999999747378752e-05
199,2.6978,114.3541,0.8778,0.8704,0.1222,0.1296,0.6355675458908081,9.999999747378752e-05
200,2.6808,114.3790,0.8704,0.8741,0.1296,0.1259,0.6525510549545288,9.999999747378752e-05
201,2.6913,114.4142,0.8704,0.8741,0.1296,0.1259,0.6420894265174866,9.999999747378752e-05
202,2.6900,114.4724,0.8704,0.8704,0.1296,0.1296,0.6433431506156921,9.999999747378752e-05
203,2.6754,114.5189,0.8741,0.8704,0.1259,0.1296,0.657934844493866,9.999999747378752e-05
204,2.6878,114.5670,0.8741,0.8741,0.1259,0.1259,0.6455941796302795,9.999999747378752e-05
205,2.6786,114.5796,0.8741,0.8667,0.1259,0.1333,0.654741108417511,9.999999747378752e-05
206,2.6947,114.6040,0.8667,0.8741,0.1333,0.1259,0.6386732459068298,9.999999747378752e-05
207,2.6889,114.6345,0.8667,0.8704,0.1333,0.1296,0.6444671154022217,9.999999747378752e-05
208,2.6954,114.6729,0.8741,0.8741,0.1259,0.1259,0.6380379796028137,9.999999747378752e-05
209,2.6917,114.7055,0.8704,0.8704,0.1296,0.1296,0.6416743397712708,9.999999747378752e-05
210,2.6847,114.7125,0.8630,0.8704,0.1370,0.1296,0.6487014889717102,9.999999747378752e-05
211,2.6895,114.7622,0.8704,0.8704,0.1296,0.1296,0.6438873410224915,9.999999747378752e-05
212,2.6843,114.7809,0.8667,0.8704,0.1333,0.1296,0.6491114497184753,9.999999747378752e-05
213,2.6920,114.8022,0.8778,0.8667,0.1222,0.1333,0.6414309144020081,9.999999747378752e-05
214,2.6915,114.8354,0.8741,0.8741,0.1259,0.1259,0.6418885588645935,9.999999747378752e-05
215,2.6819,114.8533,0.8630,0.8704,0.1370,0.1296,0.6515421867370605,9.999999747378752e-05
216,2.6898,114.8919,0.8704,0.8741,0.1296,0.1259,0.6436395049095154,9.999999747378752e-05
217,2.6961,114.9080,0.8778,0.8704,0.1222,0.1296,0.6373255848884583,9.999999747378752e-05
218,2.6785,114.9422,0.8667,0.8704,0.1333,0.1296,0.6549361944198608,9.999999747378752e-05
219,2.6881,114.9942,0.8741,0.8741,0.1259,0.1259,0.6453641057014465,9.999999747378752e-05
220,2.6883,115.0070,0.8704,0.8741,0.1296,0.1259,0.645095705986023,9.999999747378752e-05
221,2.6854,115.0442,0.8704,0.8704,0.1296,0.1296,0.6479955315589905,9.999999747378752e-05
222,2.6941,115.0735,0.8741,0.8741,0.1259,0.1259,0.6393681168556213,9.999999747378752e-05
223,2.6926,115.0993,0.8667,0.8704,0.1333,0.1296,0.640843391418457,9.999999747378752e-05
224,2.6889,115.1228,0.8667,0.8667,0.1333,0.1333,0.644538938999176,9.999999747378752e-05
225,2.6895,115.1625,0.8667,0.8704,0.1333,0.1296,0.6439275145530701,9.999999747378752e-05
226,2.6854,115.1815,0.8778,0.8704,0.1222,0.1296,0.648045539855957,9.999999747378752e-05
227,2.6911,115.2088,0.8667,0.8778,0.1333,0.1222,0.6423157453536987,9.999999747378752e-05
228,2.6878,115.2449,0.8778,0.8741,0.1222,0.1259,0.6456761956214905,9.999999747378752e-05
229,2.6860,115.2708,0.8704,0.8667,0.1296,0.1333,0.6474214792251587,9.999999747378752e-05
230,2.6922,115.3004,0.8778,0.8778,0.1222,0.1222,0.6412708759307861,9.999999747378752e-05
231,2.6854,115.3111,0.8778,0.8741,0.1222,0.1259,0.648082435131073,9.999999747378752e-05
232,2.6931,115.3372,0.8778,0.8741,0.1222,0.1259,0.6404086947441101,9.999999747378752e-05
233,2.6869,115.3697,0.8704,0.8741,0.1296,0.1259,0.6465403437614441,9.999999747378752e-05
234,2.6922,115.3983,0.8741,0.8741,0.1259,0.1259,0.6413160562515259,9.999999747378752e-05
235,2.6902,115.4233,0.8704,0.8778,0.1296,0.1222,0.6432656049728394,9.999999747378752e-05
236,2.6968,115.4353,0.8630,0.8741,0.1370,0.1259,0.6366773247718811,9.999999747378752e-05
237,2.6985,115.4579,0.8741,0.8667,0.1259,0.1333,0.6349583268165588,9.999999747378752e-05
238,2.6745,115.4651,0.8815,0.8741,0.1185,0.1259,0.6590131521224976,9.999999747378752e-05
239,2.6884,115.4861,0.8741,0.8704,0.1259,0.1296,0.6451215744018555,9.999999747378752e-05
240,2.6953,115.5151,0.8741,0.8704,0.1259,0.1296,0.6381949782371521,9.999999747378752e-05
241,2.6897,115.5445,0.8667,0.8704,0.1333,0.1296,0.6437843441963196,9.999999747378752e-05
242,2.6898,115.5668,0.8815,0.8741,0.1185,0.1259,0.6437070965766907,9.999999747378752e-05
243,2.6869,115.5839,0.8741,0.8778,0.1259,0.1222,0.6465914249420166,9.999999747378752e-05
244,2.6886,115.6010,0.8704,0.8741,0.1296,0.1259,0.6448726654052734,9.999999747378752e-05
245,2.6871,115.6157,0.8778,0.8704,0.1222,0.1296,0.646409273147583,9.999999747378752e-05
246,2.6965,115.6318,0.8667,0.8815,0.1333,0.1185,0.6370179057121277,9.999999747378752e-05
247,2.6835,115.6467,0.8741,0.8741,0.1259,0.1259,0.6499992609024048,9.999999747378752e-05
248,2.6969,115.6558,0.8778,0.8741,0.1222,0.1259,0.6365563869476318,9.999999747378752e-05
249,2.6864,115.6690,0.8741,0.8667,0.1259,0.1333,0.6470920443534851,9.999999747378752e-05
250,2.6902,115.6858,0.8704,0.8741,0.1296,0.1259,0.6432687640190125,9.999999747378752e-05
251,2.6943,115.6987,0.8741,0.8741,0.1259,0.1259,0.6392110586166382,9.999999747378752e-05
252,2.6898,115.7201,0.8778,0.8741,0.1222,0.1259,0.6436944007873535,9.999999747378752e-05
253,2.6973,115.7482,0.8815,0.8704,0.1185,0.1296,0.636236310005188,9.999999747378752e-05
254,2.6851,115.7621,0.8778,0.8778,0.1222,0.1222,0.64839106798172,9.999999747378752e-05
255,2.6937,115.7749,0.8741,0.8741,0.1259,0.1259,0.639817476272583,9.999999747378752e-05
256,2.6958,115.7860,0.8741,0.8741,0.1259,0.1259,0.6376993656158447,9.999999747378752e-05
257,2.6968,115.8038,0.8815,0.8741,0.1185,0.1259,0.6367190480232239,9.999999747378752e-05
258,2.6951,115.8239,0.8778,0.8741,0.1222,0.1259,0.638372004032135,9.999999747378752e-05
259,2.6984,115.8340,0.8741,0.8778,0.1259,0.1222,0.6351257562637329,9.999999747378752e-05
260,2.6923,115.8498,0.8815,0.8741,0.1185,0.1259,0.6411788463592529,9.999999747378752e-05
261,2.6902,115.8651,0.8704,0.8741,0.1296,0.1259,0.6433285474777222,9.999999747378752e-05
262,2.6885,115.8772,0.8667,0.8741,0.1333,0.1259,0.6449792981147766,9.999999747378752e-05
263,2.7044,115.8944,0.8704,0.8741,0.1296,0.1259,0.6291142702102661,9.999999747378752e-05
264,2.6835,115.9104,0.8741,0.8704,0.1259,0.1296,0.6500459313392639,9.999999747378752e-05
265,2.6911,115.9250,0.8778,0.8741,0.1222,0.1259,0.6423714756965637,9.999999747378752e-05
266,2.6875,115.9391,0.8741,0.8741,0.1259,0.1259,0.6460376381874084,9.999999747378752e-05
267,2.6893,115.9564,0.8778,0.8741,0.1222,0.1259,0.6441748142242432,9.999999747378752e-05
268,2.6844,115.9669,0.8667,0.8704,0.1333,0.1296,0.6491221189498901,9.999999747378752e-05
269,2.6883,115.9830,0.8778,0.8667,0.1222,0.1333,0.6451830863952637,9.999999747378752e-05
270,2.6933,115.9950,0.8741,0.8778,0.1259,0.1222,0.6402764916419983,9.999999747378752e-05
271,2.6817,116.0068,0.8704,0.8741,0.1296,0.1259,0.65185546875,9.999999747378752e-05
272,2.6862,116.0191,0.8778,0.8741,0.1222,0.1259,0.6473113894462585,9.999999747378752e-05
273,2.6767,116.0359,0.8741,0.8704,0.1259,0.1296,0.6568592190742493,9.999999747378752e-05
274,2.6959,116.0538,0.8741,0.8741,0.1259,0.1259,0.6376422047615051,9.999999747378752e-05
275,2.6864,116.0663,0.8741,0.8704,0.1259,0.1296,0.6471503376960754,9.999999747378752e-05
276,2.6881,116.0762,0.8704,0.8815,0.1296,0.1185,0.6454132795333862,9.999999747378752e-05
277,2.6971,116.0793,0.8815,0.8815,0.1185,0.1185,0.6364060640335083,9.999999747378752e-05
278,2.6979,116.0952,0.8778,0.8741,0.1222,0.1259,0.6356581449508667,9.999999747378752e-05
279,2.6946,116.1078,0.8704,0.8778,0.1296,0.1222,0.6389563083648682,9.999999747378752e-05
280,2.6799,116.1169,0.8667,0.8778,0.1333,0.1222,0.65360426902771,9.999999747378752e-05
281,2.6958,116.1294,0.8778,0.8741,0.1222,0.1259,0.6376959085464478,9.999999747378752e-05
282,2.6887,116.1358,0.8630,0.8741,0.1370,0.1259,0.6448200345039368,9.999999747378752e-05
283,2.6866,116.1430,0.8778,0.8778,0.1222,0.1222,0.6469079256057739,9.999999747378752e-05
284,2.6971,116.1514,0.8741,0.8741,0.1259,0.1259,0.6364516615867615,9.999999747378752e-05
285,2.6902,116.1627,0.8778,0.8778,0.1222,0.1222,0.6433172225952148,9.999999747378752e-05
286,2.6879,116.1728,0.8815,0.8741,0.1185,0.1259,0.6456535458564758,9.999999747378752e-05
287,2.6966,116.1875,0.8741,0.8741,0.1259,0.1259,0.6369171738624573,9.999999747378752e-05
288,2.6835,116.2007,0.8704,0.8704,0.1296,0.1296,0.6500394344329834,9.999999747378752e-05
289,2.6922,116.2094,0.8778,0.8741,0.1222,0.1259,0.6413885951042175,9.999999747378752e-05
290,2.6914,116.2206,0.8704,0.8778,0.1296,0.1222,0.6421518325805664,9.999999747378752e-05
291,2.6802,116.2268,0.8741,0.8741,0.1259,0.1259,0.6533664464950562,9.999999747378752e-05
292,2.6934,116.2354,0.8741,0.8778,0.1259,0.1222,0.6401441097259521,9.999999747378752e-05
293,2.6890,116.2490,0.8778,0.8741,0.1222,0.1259,0.6445492506027222,9.999999747378752e-05
294,2.6886,116.2560,0.8778,0.8778,0.1222,0.1222,0.6449049711227417,9.999999747378752e-05
295,2.7022,116.2666,0.8704,0.8741,0.1296,0.1259,0.6313923001289368,9.999999747378752e-05
296,2.6931,116.2750,0.8741,0.8704,0.1259,0.1296,0.6404114365577698,9.999999747378752e-05
297,2.6899,116.2825,0.8778,0.8778,0.1222,0.1222,0.6436552405357361,9.999999747378752e-05
298,2.6919,116.2936,0.8704,0.8741,0.1296,0.1259,0.6416763663291931,9.999999747378752e-05
299,2.6921,116.2964,0.8704,0.8778,0.1296,0.1222,0.6414152383804321,9.999999747378752e-05
300,2.6895,116.3066,0.8741,0.8741,0.1259,0.1259,0.6440410614013672,9.999999747378752e-05
301,2.6965,116.3128,0.8778,0.8704,0.1222,0.1296,0.6370214819908142,9.999999747378752e-05
302,2.6984,116.3234,0.8741,0.8741,0.1259,0.1259,0.6351423263549805,9.999999747378752e-05
303,2.6869,116.3305,0.8741,0.8741,0.1259,0.1259,0.6466851234436035,9.999999747378752e-05
304,2.6989,116.3406,0.8778,0.8741,0.1222,0.1259,0.6346297264099121,9.999999747378752e-05
305,2.6899,116.3471,0.8741,0.8815,0.1259,0.1185,0.6436273455619812,9.999999747378752e-05
306,2.6891,116.3528,0.8741,0.8704,0.1259,0.1296,0.6444960236549377,9.999999747378752e-05
307,2.6926,116.3643,0.8741,0.8741,0.1259,0.1259,0.6409591436386108,9.999999747378752e-05
308,2.6919,116.3738,0.8741,0.8704,0.1259,0.1296,0.6416642069816589,9.999999747378752e-05
309,2.6883,116.3780,0.8741,0.8741,0.1259,0.1259,0.6452615857124329,9.999999747378752e-05
310,2.6921,116.3830,0.8704,0.8667,0.1296,0.1333,0.6414402723312378,9.999999747378752e-05
311,2.6952,116.3888,0.8741,0.8778,0.1259,0.1222,0.6383700370788574,9.999999747378752e-05
312,2.6938,116.3981,0.8667,0.8704,0.1333,0.1296,0.6397413015365601,9.999999747378752e-05
313,2.6891,116.4049,0.8778,0.8778,0.1222,0.1222,0.6444991827011108,9.999999747378752e-05
314,2.6993,116.4102,0.8852,0.8704,0.1148,0.1296,0.6343165636062622,9.999999747378752e-05
315,2.7056,116.4136,0.8778,0.8741,0.1222,0.1259,0.6280023455619812,9.999999747378752e-05
316,2.6999,116.4191,0.8741,0.8741,0.1259,0.1259,0.6336992979049683,9.999999747378752e-05
317,2.6954,116.4279,0.8667,0.8778,0.1333,0.1222,0.6381670236587524,9.999999747378752e-05
318,2.6868,116.4351,0.8741,0.8778,0.1259,0.1222,0.6467987895011902,9.999999747378752e-05
319,2.6869,116.4415,0.8741,0.8741,0.1259,0.1259,0.646660566329956,9.999999747378752e-05
320,2.6960,116.4477,0.8778,0.8778,0.1222,0.1222,0.6375996470451355,9.999999747378752e-05
321,2.6870,116.4530,0.8778,0.8741,0.1222,0.1259,0.646583616733551,9.999999747378752e-05
322,2.6951,116.4614,0.8778,0.8704,0.1222,0.1296,0.6385241746902466,9.999999747378752e-05
323,2.6919,116.4681,0.8741,0.8741,0.1259,0.1259,0.6416262984275818,9.999999747378752e-05
324,2.6906,116.4718,0.8704,0.8741,0.1296,0.1259,0.6429669857025146,9.999999747378752e-05
325,2.6859,116.4771,0.8704,0.8778,0.1296,0.1222,0.6476481556892395,9.999999747378752e-05
326,2.7015,116.4840,0.8815,0.8741,0.1185,0.1259,0.632124125957489,9.999999747378752e-05
327,2.6992,116.4902,0.8667,0.8704,0.1333,0.1296,0.6343430876731873,9.999999747378752e-05
328,2.6846,116.4945,0.8741,0.8741,0.1259,0.1259,0.6489548087120056,9.999999747378752e-05
329,2.6838,116.5004,0.8741,0.8741,0.1259,0.1259,0.6498030424118042,9.999999747378752e-05
330,2.6981,116.5053,0.8704,0.8741,0.1296,0.1259,0.6354414820671082,9.999999747378752e-05
331,2.6913,116.5099,0.8667,0.8741,0.1333,0.1259,0.6423261165618896,9.999999747378752e-05
332,2.6984,116.5145,0.8667,0.8741,0.1333,0.1259,0.6351362466812134,9.999999747378752e-05
333,2.7015,116.5196,0.8852,0.8704,0.1148,0.1296,0.6321170926094055,9.999999747378752e-05
334,2.6886,116.5224,0.8704,0.8741,0.1296,0.1259,0.6449458003044128,9.999999747378752e-05
335,2.6910,116.5295,0.8704,0.8741,0.1296,0.1259,0.6425807476043701,9.999999747378752e-05
336,2.6993,116.5360,0.8815,0.8741,0.1185,0.1259,0.6342887282371521,9.999999747378752e-05
337,2.6892,116.5408,0.8667,0.8741,0.1333,0.1259,0.6444058418273926,9.999999747378752e-05
338,2.6914,116.5486,0.8778,0.8741,0.1222,0.1259,0.6422209143638611,9.999999747378752e-05
339,2.6888,116.5560,0.8704,0.8778,0.1296,0.1222,0.6447580456733704,9.999999747378752e-05
340,2.6870,116.5577,0.8704,0.8741,0.1296,0.1259,0.6465891003608704,9.999999747378752e-05
341,2.7021,116.5635,0.8815,0.8704,0.1185,0.1296,0.6314679980278015,9.999999747378752e-05
342,2.6806,116.5665,0.8741,0.8741,0.1259,0.1259,0.6530219912528992,9.999999747378752e-05
343,2.7011,116.5721,0.8778,0.8741,0.1222,0.1259,0.6325328350067139,9.999999747378752e-05
344,2.6885,116.5792,0.8741,0.8704,0.1259,0.1296,0.6450389623641968,9.999999747378752e-05
345,2.6968,116.5858,0.8778,0.8704,0.1222,0.1296,0.6368238925933838,9.999999747378752e-05
346,2.6943,116.5908,0.8741,0.8778,0.1259,0.1222,0.6392816305160522,9.999999747378752e-05
347,2.6892,116.5939,0.8741,0.8741,0.1259,0.1259,0.6444018483161926,9.999999747378752e-05
348,2.6863,116.5976,0.8815,0.8741,0.1185,0.1259,0.647300660610199,9.999999747378752e-05
349,2.6975,116.6021,0.8778,0.8741,0.1222,0.1259,0.636046826839447,9.999999747378752e-05
350,2.6921,116.6052,0.8815,0.8778,0.1185,0.1222,0.6414986848831177,9.999999747378752e-05
351,2.6839,116.6084,0.8778,0.8704,0.1222,0.1296,0.649677038192749,9.999999747378752e-05
352,2.6911,116.6137,0.8778,0.8778,0.1222,0.1222,0.6425150632858276,9.999999747378752e-05
353,2.6883,116.6172,0.8704,0.8704,0.1296,0.1296,0.6452462673187256,9.999999747378752e-05
354,2.6935,116.6217,0.8667,0.8741,0.1333,0.1259,0.6400843858718872,9.999999747378752e-05
355,2.6891,116.6242,0.8815,0.8704,0.1185,0.1296,0.6444541811943054,9.999999747378752e-05
356,2.6944,116.6266,0.8741,0.8741,0.1259,0.1259,0.6391850113868713,9.999999747378752e-05
357,2.6916,116.6335,0.8704,0.8704,0.1296,0.1296,0.6419596076011658,9.999999747378752e-05
358,2.6907,116.6394,0.8778,0.8741,0.1222,0.1259,0.6429393887519836,9.999999747378752e-05
359,2.6928,116.6410,0.8741,0.8741,0.1259,0.1259,0.6407842040061951,9.999999747378752e-05
360,2.6891,116.6417,0.8741,0.8741,0.1259,0.1259,0.6445305347442627,9.999999747378752e-05
361,2.6969,116.6434,0.8778,0.8704,0.1222,0.1296,0.6366803050041199,9.999999747378752e-05
362,2.6956,116.6449,0.8741,0.8741,0.1259,0.1259,0.6380293369293213,9.999999747378752e-05
363,2.7000,116.6496,0.8704,0.8778,0.1296,0.1222,0.6335919499397278,9.999999747378752e-05
364,2.6841,116.6515,0.8815,0.8778,0.1185,0.1222,0.6494474411010742,9.999999747378752e-05
365,2.7013,116.6561,0.8778,0.8741,0.1222,0.1259,0.6322829127311707,9.999999747378752e-05
366,2.6876,116.6593,0.8704,0.8778,0.1296,0.1222,0.6460311412811279,9.999999747378752e-05
367,2.6919,116.6628,0.8741,0.8815,0.1259,0.1185,0.6416967511177063,9.999999747378752e-05
368,2.6886,116.6648,0.8778,0.8741,0.1222,0.1259,0.6449460387229919,9.999999747378752e-05
369,2.7023,116.6680,0.8704,0.8741,0.1296,0.1259,0.6312843561172485,9.999999747378752e-05
370,2.6845,116.6715,0.8667,0.8741,0.1333,0.1259,0.6491121053695679,9.999999747378752e-05
371,2.6942,116.6747,0.8630,0.8778,0.1370,0.1222,0.6394174695014954,9.999999747378752e-05
372,2.6946,116.6775,0.8778,0.8778,0.1222,0.1222,0.6389737725257874,9.999999747378752e-05
373,2.6979,116.6802,0.8778,0.8741,0.1222,0.1259,0.6356779336929321,9.999999747378752e-05
374,2.6959,116.6838,0.8852,0.8741,0.1148,0.1259,0.6376701593399048,9.999999747378752e-05
375,2.6971,116.6872,0.8778,0.8778,0.1222,0.1222,0.6364670991897583,9.999999747378752e-05
376,2.6928,116.6900,0.8815,0.8741,0.1185,0.1259,0.6408302783966064,9.999999747378752e-05
377,2.6973,116.6934,0.8778,0.8741,0.1222,0.1259,0.6362557411193848,9.999999747378752e-05
378,2.6971,116.6950,0.8704,0.8815,0.1296,0.1185,0.6365267038345337,9.999999747378752e-05
379,2.6943,116.6976,0.8704,0.8704,0.1296,0.1296,0.6393246650695801,9.999999747378752e-05
380,2.7021,116.6988,0.8741,0.8704,0.1259,0.1296,0.6314611434936523,9.999999747378752e-05
381,2.6855,116.7008,0.8704,0.8778,0.1296,0.1222,0.6480953097343445,9.999999747378752e-05
382,2.6876,116.7036,0.8667,0.8778,0.1333,0.1222,0.6460439562797546,9.999999747378752e-05
383,2.6934,116.7074,0.8741,0.8778,0.1259,0.1222,0.6401504874229431,9.999999747378752e-05
384,2.7014,116.7108,0.8741,0.8741,0.1259,0.1259,0.632171630859375,9.999999747378752e-05
385,2.6914,116.7123,0.8704,0.8741,0.1296,0.1259,0.6422045826911926,9.999999747378752e-05
386,2.6981,116.7153,0.8815,0.8704,0.1185,0.1296,0.6355138421058655,9.999999747378752e-05
387,2.6959,116.7168,0.8815,0.8704,0.1185,0.1296,0.6377456784248352,9.999999747378752e-05
388,2.6986,116.7182,0.8741,0.8741,0.1259,0.1259,0.6349791884422302,9.999999747378752e-05
389,2.6891,116.7199,0.8741,0.8778,0.1259,0.1222,0.6444778442382812,9.999999747378752e-05
390,2.6899,116.7226,0.8741,0.8704,0.1259,0.1296,0.6436905264854431,9.999999747378752e-05
391,2.6905,116.7249,0.8704,0.8667,0.1296,0.1333,0.6430972218513489,9.999999747378752e-05
392,2.6933,116.7259,0.8852,0.8815,0.1148,0.1185,0.6402693390846252,9.999999747378752e-05
393,2.6949,116.7280,0.8778,0.8778,0.1222,0.1222,0.6386889219284058,9.999999747378752e-05
394,2.6937,116.7292,0.8704,0.8704,0.1296,0.1296,0.6399394273757935,9.999999747378752e-05
395,2.6999,116.7312,0.8741,0.8704,0.1259,0.1296,0.6337340474128723,9.999999747378752e-05
396,2.6932,116.7337,0.8815,0.8741,0.1185,0.1259,0.6403866410255432,9.999999747378752e-05
397,2.6927,116.7377,0.8741,0.8741,0.1259,0.1259,0.6409134268760681,9.999999747378752e-05
398,2.6826,116.7405,0.8667,0.8741,0.1333,0.1259,0.6509964466094971,9.999999747378752e-05
399,2.6977,116.7437,0.8630,0.8741,0.1370,0.1259,0.6358742713928223,9.999999747378752e-05
400,2.6963,116.7457,0.8704,0.8741,0.1296,0.1259,0.6373112797737122,9.999999747378752e-05
401,2.7000,116.7482,0.8778,0.8778,0.1222,0.1222,0.633554220199585,9.999999747378752e-05
402,2.6898,116.7505,0.8778,0.8741,0.1222,0.1259,0.6437827348709106,9.999999747378752e-05
403,2.6877,116.7524,0.8741,0.8741,0.1259,0.1259,0.6458779573440552,9.999999747378752e-05
404,2.6946,116.7537,0.8704,0.8741,0.1296,0.1259,0.6389965415000916,9.999999747378752e-05
405,2.6911,116.7560,0.8704,0.8741,0.1296,0.1259,0.6425015330314636,9.999999747378752e-05
406,2.6894,116.7586,0.8704,0.8741,0.1296,0.1259,0.6442522406578064,9.999999747378752e-05
407,2.6899,116.7595,0.8778,0.8741,0.1222,0.1259,0.6437273025512695,9.999999747378752e-05
408,2.6942,116.7621,0.8704,0.8741,0.1296,0.1259,0.6393795609474182,9.999999747378752e-05
409,2.7017,116.7634,0.8778,0.8704,0.1222,0.1296,0.6318974494934082,9.999999747378752e-05
410,2.6982,116.7643,0.8778,0.8778,0.1222,0.1222,0.6354527473449707,9.999999747378752e-05
411,2.6972,116.7657,0.8778,0.8815,0.1222,0.1185,0.6363639235496521,9.999999747378752e-05
412,2.6870,116.7676,0.8704,0.8741,0.1296,0.1259,0.6466448307037354,9.999999747378752e-05
413,2.6965,116.7693,0.8778,0.8741,0.1222,0.1259,0.6371422410011292,9.999999747378752e-05
414,2.7013,116.7703,0.8741,0.8741,0.1259,0.1259,0.6323445439338684,9.999999747378752e-05
415,2.6906,116.7718,0.8704,0.8741,0.1296,0.1259,0.6430195569992065,9.999999747378752e-05
416,2.6946,116.7733,0.8815,0.8704,0.1185,0.1296,0.6389971375465393,9.999999747378752e-05
417,2.7018,116.7742,0.8704,0.8704,0.1296,0.1296,0.6318140625953674,9.999999747378752e-05
418,2.6911,116.7753,0.8852,0.8704,0.1148,0.1296,0.6424854397773743,9.999999747378752e-05
419,2.6955,116.7771,0.8815,0.8667,0.1185,0.1333,0.6380614638328552,9.999999747378752e-05
420,2.6825,116.7793,0.8704,0.8741,0.1296,0.1259,0.6510710716247559,9.999999747378752e-05
421,2.6914,116.7799,0.8852,0.8741,0.1148,0.1259,0.6421574950218201,9.999999747378752e-05
422,2.6981,116.7814,0.8704,0.8741,0.1296,0.1259,0.6354678869247437,9.999999747378752e-05
423,2.6965,116.7832,0.8778,0.8741,0.1222,0.1259,0.6371209025382996,9.999999747378752e-05
424,2.6973,116.7839,0.8741,0.8741,0.1259,0.1259,0.636346697807312,9.999999747378752e-05
425,2.6984,116.7850,0.8815,0.8778,0.1185,0.1222,0.6352081298828125,9.999999747378752e-05
426,2.6918,116.7859,0.8741,0.8815,0.1259,0.1185,0.6418372988700867,9.999999747378752e-05
427,2.7016,116.7876,0.8778,0.8741,0.1222,0.1259,0.6319915652275085,9.999999747378752e-05
428,2.6965,116.7894,0.8815,0.8778,0.1185,0.1222,0.637156069278717,9.999999747378752e-05
429,2.6910,116.7905,0.8741,0.8741,0.1259,0.1259,0.6426218748092651,9.999999747378752e-05
430,2.6924,116.7923,0.8741,0.8741,0.1259,0.1259,0.6412540674209595,9.999999747378752e-05
431,2.6978,116.7927,0.8741,0.8704,0.1259,0.1296,0.6358117461204529,9.999999747378752e-05
432,2.6924,116.7936,0.8778,0.8778,0.1222,0.1222,0.6412147879600525,9.999999747378752e-05
433,2.6815,116.7951,0.8778,0.8741,0.1222,0.1259,0.6521429419517517,9.999999747378752e-05
434,2.6913,116.7960,0.8778,0.8741,0.1222,0.1259,0.6423057913780212,9.999999747378752e-05
435,2.6860,116.7970,0.8741,0.8741,0.1259,0.1259,0.6475664377212524,9.999999747378752e-05
436,2.7066,116.7985,0.8778,0.8778,0.1222,0.1222,0.6269705891609192,9.999999747378752e-05
437,2.6881,116.8001,0.8704,0.8667,0.1296,0.1333,0.6455504298210144,9.999999747378752e-05
438,2.7038,116.8006,0.8778,0.8704,0.1222,0.1296,0.629814624786377,9.999999747378752e-05
439,2.6988,116.8015,0.8778,0.8815,0.1222,0.1185,0.6347638368606567,9.999999747378752e-05
440,2.6904,116.8027,0.8741,0.8741,0.1259,0.1259,0.6432401537895203,9.999999747378752e-05
441,2.6949,116.8036,0.8778,0.8704,0.1222,0.1296,0.6387103199958801,9.999999747378752e-05
442,2.6940,116.8053,0.8815,0.8704,0.1185,0.1296,0.6396504044532776,9.999999747378752e-05
443,2.6897,116.8058,0.8815,0.8704,0.1185,0.1296,0.6439340710639954,9.999999747378752e-05
444,2.6984,116.8064,0.8778,0.8741,0.1222,0.1259,0.6352514624595642,9.999999747378752e-05
445,2.6854,116.8071,0.8741,0.8741,0.1259,0.1259,0.6482009291648865,9.999999747378752e-05
446,2.6991,116.8083,0.8741,0.8741,0.1259,0.1259,0.6345289349555969,9.999999747378752e-05
447,2.6947,116.8103,0.8704,0.8778,0.1296,0.1222,0.6389077305793762,9.999999747378752e-05
448,2.6952,116.8110,0.8815,0.8778,0.1185,0.1222,0.6384373903274536,9.999999747378752e-05
449,2.6844,116.8115,0.8778,0.8741,0.1222,0.1259,0.6491769552230835,9.999999747378752e-05
450,2.6968,116.8119,0.8778,0.8741,0.1222,0.1259,0.6368432641029358,9.999999747378752e-05
451,2.6837,116.8134,0.8704,0.8741,0.1296,0.1259,0.6499138474464417,9.999999747378752e-05
452,2.6913,116.8145,0.8704,0.8778,0.1296,0.1222,0.6423255801200867,9.999999747378752e-05
453,2.7039,116.8154,0.8704,0.8741,0.1296,0.1259,0.6297150254249573,9.999999747378752e-05
454,2.6959,116.8165,0.8741,0.8778,0.1259,0.1222,0.6376741528511047,9.999999747378752e-05
455,2.6878,116.8172,0.8815,0.8778,0.1185,0.1222,0.645850658416748,9.999999747378752e-05
456,2.6906,116.8182,0.8704,0.8741,0.1296,0.1259,0.6430181264877319,9.999999747378752e-05
457,2.6960,116.8186,0.8741,0.8741,0.1259,0.1259,0.6376458406448364,9.999999747378752e-05
458,2.6857,116.8194,0.8815,0.8704,0.1185,0.1296,0.6479369401931763,9.999999747378752e-05
459,2.6871,116.8200,0.8778,0.8741,0.1222,0.1259,0.6465031504631042,9.999999747378752e-05
460,2.6913,116.8213,0.8778,0.8704,0.1222,0.1296,0.6423171162605286,9.999999747378752e-05
461,2.6893,116.8219,0.8741,0.8778,0.1259,0.1222,0.6443290114402771,9.999999747378752e-05
462,2.6878,116.8229,0.8704,0.8704,0.1296,0.1296,0.645806074142456,9.999999747378752e-05
463,2.6894,116.8237,0.8741,0.8704,0.1259,0.1296,0.6441903114318848,9.999999747378752e-05
464,2.7032,116.8248,0.8778,0.8815,0.1222,0.1185,0.630400538444519,9.999999747378752e-05
465,2.6914,116.8253,0.8704,0.8741,0.1296,0.1259,0.6422103047370911,9.999999747378752e-05
466,2.6968,116.8261,0.8704,0.8741,0.1296,0.1259,0.6368440985679626,9.999999747378752e-05
467,2.6818,116.8268,0.8778,0.8778,0.1222,0.1222,0.6518175601959229,9.999999747378752e-05
468,2.7034,116.8273,0.8815,0.8778,0.1185,0.1222,0.6302031874656677,9.999999747378752e-05
469,2.6967,116.8279,0.8778,0.8741,0.1222,0.1259,0.636885404586792,9.999999747378752e-05
470,2.7016,116.8284,0.8778,0.8741,0.1222,0.1259,0.6320421695709229,9.999999747378752e-05
471,2.6939,116.8289,0.8778,0.8778,0.1222,0.1222,0.6397258639335632,9.999999747378752e-05
472,2.6943,116.8296,0.8704,0.8741,0.1296,0.1259,0.6393598914146423,9.999999747378752e-05
473,2.6945,116.8301,0.8667,0.8778,0.1333,0.1222,0.6391237378120422,9.999999747378752e-05
474,2.6893,116.8309,0.8704,0.8815,0.1296,0.1185,0.6443511843681335,9.999999747378752e-05
475,2.6870,116.8316,0.8815,0.8741,0.1185,0.1259,0.6465761661529541,9.999999747378752e-05
476,2.6995,116.8322,0.8741,0.8778,0.1259,0.1222,0.6341137290000916,9.999999747378752e-05
477,2.6886,116.8330,0.8852,0.8815,0.1148,0.1185,0.6449824571609497,9.999999747378752e-05
478,2.6916,116.8332,0.8778,0.8778,0.1222,0.1222,0.641978919506073,9.999999747378752e-05
479,2.6915,116.8337,0.8778,0.8741,0.1222,0.1259,0.6420661807060242,9.999999747378752e-05
480,2.6900,116.8344,0.8778,0.8704,0.1222,0.1296,0.6435890197753906,9.999999747378752e-05
481,2.6841,116.8351,0.8778,0.8741,0.1222,0.1259,0.6494771242141724,9.999999747378752e-05
482,2.7032,116.8354,0.8741,0.8704,0.1259,0.1296,0.630420446395874,9.999999747378752e-05
483,2.7048,116.8356,0.8741,0.8741,0.1259,0.1259,0.6287646889686584,9.999999747378752e-05
484,2.6871,116.8361,0.8741,0.8741,0.1259,0.1259,0.6464710831642151,9.999999747378752e-05
485,2.6929,116.8362,0.8704,0.8778,0.1296,0.1222,0.6407223343849182,9.999999747378752e-05
486,2.6897,116.8367,0.8815,0.8778,0.1185,0.1222,0.6438843607902527,9.999999747378752e-05
487,2.6911,116.8372,0.8741,0.8704,0.1259,0.1296,0.6425341367721558,9.999999747378752e-05
488,2.6944,116.8380,0.8741,0.8741,0.1259,0.1259,0.6392339468002319,9.999999747378752e-05
489,2.6928,116.8386,0.8704,0.8667,0.1296,0.1333,0.6407846212387085,9.999999747378752e-05
490,2.6956,116.8391,0.8741,0.8741,0.1259,0.1259,0.6380541324615479,9.999999747378752e-05
491,2.6850,116.8397,0.8815,0.8741,0.1185,0.1259,0.6486333608627319,9.999999747378752e-05
492,2.6857,116.8400,0.8741,0.8704,0.1259,0.1296,0.647864818572998,9.999999747378752e-05
493,2.6912,116.8404,0.8815,0.8741,0.1185,0.1259,0.6424136161804199,9.999999747378752e-05
494,2.6944,116.8407,0.8704,0.8667,0.1296,0.1333,0.6392244696617126,9.999999747378752e-05
495,2.6905,116.8410,0.8704,0.8704,0.1296,0.1296,0.6430951952934265,9.999999747378752e-05
496,2.6849,116.8416,0.8778,0.8778,0.1222,0.1222,0.6486951112747192,9.999999747378752e-05
497,2.6913,116.8420,0.8778,0.8778,0.1222,0.1222,0.642345130443573,9.999999747378752e-05
498,2.6902,116.8426,0.8704,0.8741,0.1296,0.1259,0.6433720588684082,9.999999747378752e-05
499,2.6992,116.8429,0.8778,0.8704,0.1222,0.1296,0.634425163269043,9.999999747378752e-05
500,2.6919,116.8430,0.8815,0.8741,0.1185,0.1259,0.6417058706283569,9.999999747378752e-05
501,2.6991,116.8434,0.8778,0.8704,0.1222,0.1296,0.6345207095146179,9.999999747378752e-05
502,2.6908,116.8438,0.8630,0.8778,0.1370,0.1222,0.6427941918373108,9.999999747378752e-05
503,2.6811,116.8442,0.8704,0.8778,0.1296,0.1222,0.6525593400001526,9.999999747378752e-05
504,2.6927,116.8445,0.8741,0.8741,0.1259,0.1259,0.6409013867378235,9.999999747378752e-05
505,2.6890,116.8449,0.8778,0.8778,0.1222,0.1222,0.6445685625076294,9.999999747378752e-05
506,2.6994,116.8451,0.8741,0.8741,0.1259,0.1259,0.6341699957847595,9.999999747378752e-05
507,2.6874,116.8456,0.8741,0.8741,0.1259,0.1259,0.6462108492851257,9.999999747378752e-05
508,2.6880,116.8461,0.8704,0.8741,0.1296,0.1259,0.6455979943275452,9.999999747378752e-05
509,2.6823,116.8464,0.8741,0.8778,0.1259,0.1222,0.6513515114784241,9.999999747378752e-05
510,2.7069,116.8468,0.8741,0.8778,0.1259,0.1222,0.6266782283782959,9.999999747378752e-05
511,2.6925,116.8473,0.8741,0.8741,0.1259,0.1259,0.6410808563232422,9.999999747378752e-05
512,2.6923,116.8477,0.8815,0.8778,0.1185,0.1222,0.6413478851318359,9.999999747378752e-05
513,2.6887,116.8483,0.8778,0.8741,0.1222,0.1259,0.6449525356292725,9.999999747378752e-05
514,2.6951,116.8486,0.8741,0.8741,0.1259,0.1259,0.6384645700454712,9.999999747378752e-05
515,2.6916,116.8491,0.8741,0.8741,0.1259,0.1259,0.6420567035675049,9.999999747378752e-05
516,2.6921,116.8492,0.8815,0.8741,0.1185,0.1259,0.6415187120437622,9.999999747378752e-05
517,2.6969,116.8495,0.8741,0.8815,0.1259,0.1185,0.6367399096488953,9.999999747378752e-05
518,2.6877,116.8499,0.8778,0.8778,0.1222,0.1222,0.6459396481513977,9.999999747378752e-05
519,2.6908,116.8502,0.8778,0.8741,0.1222,0.1259,0.6428377032279968,9.999999747378752e-05
520,2.6939,116.8504,0.8852,0.8704,0.1148,0.1296,0.6397132873535156,9.999999747378752e-05
521,2.7028,116.8507,0.8815,0.8778,0.1185,0.1222,0.6307986378669739,9.999999747378752e-05
522,2.6848,116.8510,0.8741,0.8741,0.1259,0.1259,0.648792028427124,9.999999747378752e-05
523,2.6960,116.8512,0.8815,0.8741,0.1185,0.1259,0.6376007795333862,9.999999747378752e-05
524,2.7029,116.8515,0.8778,0.8778,0.1222,0.1222,0.6307090520858765,9.999999747378752e-05
525,2.6933,116.8517,0.8778,0.8778,0.1222,0.1222,0.640333890914917,9.999999747378752e-05
526,2.6876,116.8521,0.8778,0.8778,0.1222,0.1222,0.6460375785827637,9.999999747378752e-05
527,2.6980,116.8523,0.8741,0.8741,0.1259,0.1259,0.6356127858161926,9.999999747378752e-05
528,2.7000,116.8527,0.8778,0.8741,0.1222,0.1259,0.6335998177528381,9.999999747378752e-05
529,2.7017,116.8529,0.8778,0.8741,0.1222,0.1259,0.6319249272346497,9.999999747378752e-05
530,2.6964,116.8531,0.8741,0.8778,0.1259,0.1222,0.6371670961380005,9.999999747378752e-05
531,2.6835,116.8534,0.8704,0.8704,0.1296,0.1296,0.6500738859176636,9.999999747378752e-05
532,2.6911,116.8538,0.8852,0.8741,0.1148,0.1259,0.6425372958183289,9.999999747378752e-05
533,2.6982,116.8539,0.8778,0.8741,0.1222,0.1259,0.6354196071624756,9.999999747378752e-05
534,2.6853,116.8541,0.8667,0.8704,0.1333,0.1296,0.6483475565910339,9.999999747378752e-05
535,2.7036,116.8543,0.8815,0.8704,0.1185,0.1296,0.6299838423728943,9.999999747378752e-05
536,2.6930,116.8544,0.8704,0.8704,0.1296,0.1296,0.6405967473983765,9.999999747378752e-05
537,2.7029,116.8546,0.8815,0.8741,0.1185,0.1259,0.6306962370872498,9.999999747378752e-05
538,2.6917,116.8549,0.8778,0.8741,0.1222,0.1259,0.6419119238853455,9.999999747378752e-05
539,2.6870,116.8552,0.8704,0.8741,0.1296,0.1259,0.6465973258018494,9.999999747378752e-05
540,2.6995,116.8555,0.8704,0.8741,0.1296,0.1259,0.6340712904930115,9.999999747378752e-05
541,2.6958,116.8557,0.8704,0.8778,0.1296,0.1222,0.6378212571144104,9.999999747378752e-05
542,2.6900,116.8560,0.8741,0.8741,0.1259,0.1259,0.643631637096405,9.999999747378752e-05
543,2.6881,116.8562,0.8778,0.8667,0.1222,0.1333,0.6455369591712952,9.999999747378752e-05
544,2.6891,116.8564,0.8815,0.8741,0.1185,0.1259,0.6445357203483582,9.999999747378752e-05
545,2.6909,116.8566,0.8741,0.8741,0.1259,0.1259,0.6427484154701233,9.999999747378752e-05
546,2.6913,116.8568,0.8778,0.8741,0.1222,0.1259,0.6423226594924927,9.999999747378752e-05
547,2.6975,116.8571,0.8704,0.8778,0.1296,0.1222,0.6361111402511597,9.999999747378752e-05
548,2.7027,116.8572,0.8815,0.8778,0.1185,0.1222,0.6309194564819336,9.999999747378752e-05
549,2.6958,116.8574,0.8778,0.8778,0.1222,0.1222,0.6377801299095154,9.999999747378752e-05
550,2.6915,116.8576,0.8815,0.8778,0.1185,0.1222,0.6420732736587524,9.999999747378752e-05
551,2.6844,116.8579,0.8704,0.8778,0.1296,0.1222,0.6492319703102112,9.999999747378752e-05
552,2.6981,116.8580,0.8741,0.8741,0.1259,0.1259,0.6354875564575195,9.999999747378752e-05
553,2.7015,116.8583,0.8889,0.8741,0.1111,0.1259,0.6320799589157104,9.999999747378752e-05
554,2.6860,116.8586,0.8778,0.8741,0.1222,0.1259,0.6475808024406433,9.999999747378752e-05
555,2.6975,116.8589,0.8778,0.8741,0.1222,0.1259,0.6361162066459656,9.999999747378752e-05
556,2.6943,116.8591,0.8741,0.8741,0.1259,0.1259,0.6392693519592285,9.999999747378752e-05
557,2.6909,116.8591,0.8741,0.8741,0.1259,0.1259,0.6427119970321655,9.999999747378752e-05
558,2.6920,116.8592,0.8778,0.8741,0.1222,0.1259,0.6416255831718445,9.999999747378752e-05
559,2.6854,116.8594,0.8741,0.8704,0.1259,0.1296,0.6481643915176392,9.999999747378752e-05
560,2.6895,116.8596,0.8704,0.8778,0.1296,0.1222,0.6441068649291992,9.999999747378752e-05
561,2.6963,116.8597,0.8815,0.8741,0.1185,0.1259,0.6373589634895325,9.999999747378752e-05
562,2.6981,116.8599,0.8778,0.8741,0.1222,0.1259,0.6354696750640869,9.999999747378752e-05
563,2.6902,116.8600,0.8778,0.8704,0.1222,0.1296,0.6434475779533386,9.999999747378752e-05
564,2.6946,116.8602,0.8741,0.8778,0.1259,0.1222,0.638976514339447,9.999999747378752e-05
565,2.6904,116.8603,0.8778,0.8741,0.1222,0.1259,0.6431640386581421,9.999999747378752e-05
566,2.6912,116.8606,0.8704,0.8741,0.1296,0.1259,0.6424628496170044,9.999999747378752e-05
567,2.6887,116.8607,0.8778,0.8741,0.1222,0.1259,0.6448888182640076,9.999999747378752e-05
568,2.6961,116.8609,0.8741,0.8741,0.1259,0.1259,0.6375523209571838,9.999999747378752e-05
569,2.6969,116.8610,0.8815,0.8778,0.1185,0.1222,0.6366848945617676,9.999999747378752e-05
570,2.7019,116.8611,0.8778,0.8741,0.1222,0.1259,0.631706953048706,9.999999747378752e-05
571,2.6948,116.8612,0.8741,0.8704,0.1259,0.1296,0.6387662887573242,9.999999747378752e-05
572,2.6901,116.8613,0.8630,0.8741,0.1370,0.1259,0.643491804599762,9.999999747378752e-05
573,2.6878,116.8614,0.8704,0.8741,0.1296,0.1259,0.6458121538162231,9.999999747378752e-05
574,2.6966,116.8615,0.8741,0.8704,0.1259,0.1296,0.6370611786842346,9.999999747378752e-05
575,2.6885,116.8617,0.8741,0.8741,0.1259,0.1259,0.6451331377029419,9.999999747378752e-05
576,2.6925,116.8618,0.8741,0.8778,0.1259,0.1222,0.6410946249961853,9.999999747378752e-05
577,2.6866,116.8620,0.8741,0.8778,0.1259,0.1222,0.6469810605049133,9.999999747378752e-05
578,2.6910,116.8621,0.8778,0.8741,0.1222,0.1259,0.6426287889480591,9.999999747378752e-05
579,2.6824,116.8622,0.8741,0.8778,0.1259,0.1222,0.6512278318405151,9.999999747378752e-05
580,2.6925,116.8624,0.8741,0.8741,0.1259,0.1259,0.6411023139953613,9.999999747378752e-05
581,2.6966,116.8624,0.8741,0.8704,0.1259,0.1296,0.6370598673820496,9.999999747378752e-05
582,2.6986,116.8626,0.8815,0.8741,0.1185,0.1259,0.6350219249725342,9.999999747378752e-05
583,2.6992,116.8628,0.8852,0.8704,0.1148,0.1296,0.6344280242919922,9.999999747378752e-05
584,2.6793,116.8628,0.8741,0.8741,0.1259,0.1259,0.6543334126472473,9.999999747378752e-05
585,2.7005,116.8629,0.8741,0.8741,0.1259,0.1259,0.6330947279930115,9.999999747378752e-05
586,2.6872,116.8630,0.8778,0.8741,0.1222,0.1259,0.6464458107948303,9.999999747378752e-05
587,2.6895,116.8631,0.8778,0.8741,0.1222,0.1259,0.6441251635551453,9.999999747378752e-05
588,2.6908,116.8632,0.8778,0.8741,0.1222,0.1259,0.6428214907646179,9.999999747378752e-05
589,2.7046,116.8633,0.8852,0.8778,0.1148,0.1222,0.6290490031242371,9.999999747378752e-05
590,2.7051,116.8633,0.8704,0.8704,0.1296,0.1296,0.6285408139228821,9.999999747378752e-05
591,2.6883,116.8635,0.8741,0.8741,0.1259,0.1259,0.6453607082366943,9.999999747378752e-05
592,2.6899,116.8636,0.8741,0.8741,0.1259,0.1259,0.6437432765960693,9.999999747378752e-05
593,2.6881,116.8637,0.8741,0.8704,0.1259,0.1296,0.6455411314964294,9.999999747378752e-05
594,2.6949,116.8638,0.8778,0.8741,0.1222,0.1259,0.6387401223182678,9.999999747378752e-05
595,2.6889,116.8639,0.8815,0.8778,0.1185,0.1222,0.6447156667709351,9.999999747378752e-05
596,2.6867,116.8639,0.8741,0.8778,0.1259,0.1222,0.6469440460205078,9.999999747378752e-05
597,2.6899,116.8640,0.8741,0.8741,0.1259,0.1259,0.6437574625015259,9.999999747378752e-05
598,2.6863,116.8641,0.8778,0.8741,0.1222,0.1259,0.6473458409309387,9.999999747378752e-05
599,2.6916,116.8642,0.8815,0.8741,0.1185,0.1259,0.6420036554336548,9.999999747378752e-05
600,2.6996,116.8642,0.8778,0.8815,0.1222,0.1185,0.6340454816818237,9.999999747378752e-05
601,2.6923,116.8643,0.8778,0.8741,0.1222,0.1259,0.6412805914878845,9.999999747378752e-05
602,2.6964,116.8644,0.8704,0.8741,0.1296,0.1259,0.6372137069702148,9.999999747378752e-05
603,2.6865,116.8644,0.8778,0.8741,0.1222,0.1259,0.6470985412597656,9.999999747378752e-05
604,2.6886,116.8645,0.8704,0.8741,0.1296,0.1259,0.6450151801109314,9.999999747378752e-05
605,2.6940,116.8645,0.8815,0.8704,0.1185,0.1296,0.6396111249923706,9.999999747378752e-05
606,2.6925,116.8647,0.8852,0.8741,0.1148,0.1259,0.6410923600196838,9.999999747378752e-05
607,2.6937,116.8647,0.8778,0.8778,0.1222,0.1222,0.6399349570274353,9.999999747378752e-05
608,2.7025,116.8648,0.8741,0.8704,0.1259,0.1296,0.6311239004135132,9.999999747378752e-05
609,2.6860,116.8649,0.8704,0.8741,0.1296,0.1259,0.6475706100463867,9.999999747378752e-05
610,2.6899,116.8650,0.8815,0.8741,0.1185,0.1259,0.6437508463859558,9.999999747378752e-05
611,2.6975,116.8650,0.8741,0.8704,0.1259,0.1296,0.6361557245254517,9.999999747378752e-05
612,2.6899,116.8651,0.8704,0.8778,0.1296,0.1222,0.6437081694602966,9.999999747378752e-05
613,2.6879,116.8651,0.8741,0.8741,0.1259,0.1259,0.6457451581954956,9.999999747378752e-05
614,2.6869,116.8652,0.8741,0.8704,0.1259,0.1296,0.6466718316078186,9.999999747378752e-05
615,2.6995,116.8653,0.8778,0.8778,0.1222,0.1222,0.6341164112091064,9.999999747378752e-05
616,2.6888,116.8653,0.8741,0.8741,0.1259,0.1259,0.6448450088500977,9.999999747378752e-05
617,2.6927,116.8654,0.8704,0.8741,0.1296,0.1259,0.640944242477417,9.999999747378752e-05
618,2.6987,116.8654,0.8778,0.8704,0.1222,0.1296,0.6348828673362732,9.999999747378752e-05
619,2.6957,116.8655,0.8741,0.8741,0.1259,0.1259,0.6379188895225525,9.999999747378752e-05
620,2.6903,116.8655,0.8704,0.8741,0.1296,0.1259,0.6433162093162537,9.999999747378752e-05
621,2.6917,116.8656,0.8778,0.8741,0.1222,0.1259,0.641943097114563,9.999999747378752e-05
622,2.6886,116.8656,0.8778,0.8704,0.1222,0.1296,0.6450612545013428,9.999999747378752e-05
623,2.6924,116.8657,0.8741,0.8741,0.1259,0.1259,0.6412044763565063,9.999999747378752e-05
624,2.6988,116.8657,0.8778,0.8778,0.1222,0.1222,0.6348329782485962,9.999999747378752e-05
625,2.6990,116.8657,0.8778,0.8778,0.1222,0.1222,0.6345961689949036,9.999999747378752e-05
626,2.6996,116.8658,0.8704,0.8704,0.1296,0.1296,0.6340181827545166,9.999999747378752e-05
627,2.6957,116.8659,0.8741,0.8704,0.1259,0.1296,0.6378645896911621,9.999999747378752e-05
628,2.6886,116.8659,0.8741,0.8704,0.1259,0.1296,0.6449926495552063,9.999999747378752e-05
629,2.6970,116.8660,0.8815,0.8704,0.1185,0.1296,0.6366246938705444,9.999999747378752e-05
630,2.6933,116.8660,0.8815,0.8704,0.1185,0.1296,0.6402871012687683,9.999999747378752e-05
631,2.6847,116.8660,0.8704,0.8778,0.1296,0.1222,0.648960530757904,9.999999747378752e-05
632,2.6921,116.8661,0.8778,0.8778,0.1222,0.1222,0.641477108001709,9.999999747378752e-05
633,2.6841,116.8661,0.8778,0.8704,0.1222,0.1296,0.6495512127876282,9.999999747378752e-05
634,2.6848,116.8662,0.8704,0.8778,0.1296,0.1222,0.6488556861877441,9.999999747378752e-05
635,2.6880,116.8662,0.8741,0.8741,0.1259,0.1259,0.6456320285797119,9.999999747378752e-05
636,2.6973,116.8662,0.8778,0.8815,0.1222,0.1185,0.6363016963005066,9.999999747378752e-05
637,2.6899,116.8663,0.8778,0.8778,0.1222,0.1222,0.6437387466430664,9.999999747378752e-05
638,2.6991,116.8663,0.8741,0.8741,0.1259,0.1259,0.6345537900924683,9.999999747378752e-05
639,2.6918,116.8663,0.8741,0.8741,0.1259,0.1259,0.6418635249137878,9.999999747378752e-05
640,2.6909,116.8664,0.8778,0.8815,0.1222,0.1185,0.6427459716796875,9.999999747378752e-05
641,2.6879,116.8664,0.8741,0.8778,0.1259,0.1222,0.6457443237304688,9.999999747378752e-05
642,2.6904,116.8664,0.8741,0.8741,0.1259,0.1259,0.6432229280471802,9.999999747378752e-05
643,2.6969,116.8664,0.8778,0.8704,0.1222,0.1296,0.6367403864860535,9.999999747378752e-05
644,2.6944,116.8665,0.8741,0.8741,0.1259,0.1259,0.6392571330070496,9.999999747378752e-05
645,2.6931,116.8665,0.8778,0.8741,0.1222,0.1259,0.6405401825904846,9.999999747378752e-05
646,2.6999,116.8665,0.8741,0.8704,0.1259,0.1296,0.6336941719055176,9.999999747378752e-05
647,2.6932,116.8665,0.8704,0.8704,0.1296,0.1296,0.6403793692588806,9.999999747378752e-05
648,2.7013,116.8665,0.8741,0.8741,0.1259,0.1259,0.6322657465934753,9.999999747378752e-05
649,2.6922,116.8665,0.8667,0.8667,0.1333,0.1333,0.6413962244987488,9.999999747378752e-05
650,2.6965,116.8666,0.8704,0.8704,0.1296,0.1296,0.637098491191864,9.999999747378752e-05
651,2.6891,116.8666,0.8741,0.8741,0.1259,0.1259,0.6445146203041077,9.999999747378752e-05
652,2.6855,116.8666,0.8778,0.8741,0.1222,0.1259,0.6480836868286133,9.999999747378752e-05
653,2.6959,116.8666,0.8741,0.8704,0.1259,0.1296,0.6376827359199524,9.999999747378752e-05
654,2.7022,116.8666,0.8852,0.8704,0.1148,0.1296,0.6314093470573425,9.999999747378752e-05
655,2.6886,116.8667,0.8778,0.8741,0.1222,0.1259,0.6449967622756958,9.999999747378752e-05
656,2.6931,116.8667,0.8778,0.8778,0.1222,0.1222,0.6404996514320374,9.999999747378752e-05
657,2.6915,116.8667,0.8704,0.8704,0.1296,0.1296,0.6420696377754211,9.999999747378752e-05
658,2.6934,116.8667,0.8815,0.8741,0.1185,0.1259,0.6401991844177246,9.999999747378752e-05
659,2.6844,116.8667,0.8741,0.8741,0.1259,0.1259,0.6492180228233337,9.999999747378752e-05
660,2.6876,116.8667,0.8667,0.8741,0.1333,0.1259,0.6459882855415344,9.999999747378752e-05
661,2.6813,116.8667,0.8704,0.8741,0.1296,0.1259,0.6523318290710449,9.999999747378752e-05
662,2.6915,116.8668,0.8778,0.8741,0.1222,0.1259,0.6421324610710144,9.999999747378752e-05
663,2.7031,116.8668,0.8778,0.8778,0.1222,0.1222,0.6305519938468933,9.999999747378752e-05
664,2.7006,116.8668,0.8778,0.8741,0.1222,0.1259,0.6330419182777405,9.999999747378752e-05
665,2.6947,116.8668,0.8741,0.8778,0.1259,0.1222,0.6389216780662537,9.999999747378752e-05
666,2.6913,116.8668,0.8778,0.8778,0.1222,0.1222,0.642325758934021,9.999999747378752e-05
667,2.6931,116.8668,0.8778,0.8741,0.1222,0.1259,0.6405268907546997,9.999999747378752e-05
668,2.6949,116.8668,0.8852,0.8741,0.1148,0.1259,0.6387453675270081,9.999999747378752e-05
669,2.6951,116.8669,0.8815,0.8741,0.1185,0.1259,0.6385498046875,9.999999747378752e-05
670,2.7009,116.8669,0.8741,0.8741,0.1259,0.1259,0.6327311992645264,9.999999747378752e-05
671,2.6947,116.8669,0.8704,0.8741,0.1296,0.1259,0.6389463543891907,9.999999747378752e-05
672,2.6994,116.8669,0.8704,0.8741,0.1296,0.1259,0.6342356204986572,9.999999747378752e-05
673,2.6940,116.8669,0.8741,0.8741,0.1259,0.1259,0.6395875215530396,9.999999747378752e-05
674,2.7015,116.8669,0.8778,0.8741,0.1222,0.1259,0.6321500539779663,9.999999747378752e-05
675,2.7018,116.8669,0.8815,0.8704,0.1185,0.1296,0.6317814588546753,9.999999747378752e-05
676,2.7082,116.8669,0.8852,0.8741,0.1148,0.1259,0.6254523992538452,9.999999747378752e-05
677,2.6917,116.8669,0.8741,0.8704,0.1259,0.1296,0.6419447660446167,9.999999747378752e-05
678,2.6912,116.8670,0.8667,0.8741,0.1333,0.1259,0.6424010396003723,9.999999747378752e-05
679,2.6883,116.8670,0.8741,0.8741,0.1259,0.1259,0.6452991962432861,9.999999747378752e-05
680,2.6971,116.8670,0.8667,0.8778,0.1333,0.1222,0.6365491151809692,9.999999747378752e-05
681,2.6882,116.8670,0.8704,0.8741,0.1296,0.1259,0.645416796207428,9.999999747378752e-05
682,2.6894,116.8670,0.8704,0.8778,0.1296,0.1222,0.6442286968231201,9.999999747378752e-05
683,2.6894,116.8670,0.8741,0.8778,0.1259,0.1222,0.6442418098449707,9.999999747378752e-05
684,2.6978,116.8670,0.8778,0.8778,0.1222,0.1222,0.63584303855896,9.999999747378752e-05
685,2.7031,116.8670,0.8704,0.8741,0.1296,0.1259,0.6305074095726013,9.999999747378752e-05
686,2.6872,116.8670,0.8741,0.8741,0.1259,0.1259,0.6464163064956665,9.999999747378752e-05
687,2.6991,116.8670,0.8741,0.8741,0.1259,0.1259,0.6344847679138184,9.999999747378752e-05
688,2.6977,116.8671,0.8778,0.8778,0.1222,0.1222,0.6359173059463501,9.999999747378752e-05
689,2.6925,116.8671,0.8815,0.8741,0.1185,0.1259,0.641156017780304,9.999999747378752e-05
690,2.6821,116.8671,0.8704,0.8741,0.1296,0.1259,0.6515460014343262,9.999999747378752e-05
691,2.6991,116.8671,0.8778,0.8704,0.1222,0.1296,0.6344966888427734,9.999999747378752e-05
692,2.6949,116.8671,0.8778,0.8778,0.1222,0.1222,0.6386935710906982,9.999999747378752e-05
693,2.6840,116.8671,0.8741,0.8778,0.1259,0.1222,0.6496322154998779,9.999999747378752e-05
694,2.6950,116.8671,0.8667,0.8667,0.1333,0.1333,0.6385886073112488,9.999999747378752e-05
695,2.6939,116.8671,0.8778,0.8778,0.1222,0.1222,0.6397124528884888,9.999999747378752e-05
696,2.6916,116.8671,0.8667,0.8778,0.1333,0.1222,0.6419717073440552,9.999999747378752e-05
697,2.6986,116.8671,0.8704,0.8704,0.1296,0.1296,0.635056734085083,9.999999747378752e-05
698,2.6958,116.8671,0.8778,0.8778,0.1222,0.1222,0.6378627419471741,9.999999747378752e-05
699,2.6897,116.8671,0.8741,0.8741,0.1259,0.1259,0.6439171433448792,9.999999747378752e-05
700,2.6931,116.8671,0.8741,0.8778,0.1259,0.1222,0.6404811143875122,9.999999747378752e-05
701,2.6899,116.8671,0.8815,0.8704,0.1185,0.1296,0.6436673402786255,9.999999747378752e-05
702,2.6930,116.8671,0.8741,0.8741,0.1259,0.1259,0.6406396627426147,9.999999747378752e-05
703,2.6987,116.8671,0.8667,0.8741,0.1333,0.1259,0.6348780393600464,9.999999747378752e-05
704,2.6984,116.8671,0.8815,0.8778,0.1185,0.1222,0.6351865530014038,9.999999747378752e-05
705,2.6890,116.8671,0.8741,0.8778,0.1259,0.1222,0.6445684432983398,9.999999747378752e-05
706,2.6991,116.8671,0.8815,0.8741,0.1185,0.1259,0.6344969868659973,9.999999747378752e-05
707,2.6962,116.8671,0.8704,0.8704,0.1296,0.1296,0.6374147534370422,9.999999747378752e-05
708,2.6959,116.8671,0.8667,0.8741,0.1333,0.1259,0.6377116441726685,9.999999747378752e-05
709,2.6857,116.8671,0.8667,0.8741,0.1333,0.1259,0.6479008793830872,9.999999747378752e-05
710,2.6899,116.8671,0.8704,0.8778,0.1296,0.1222,0.6437439322471619,9.999999747378752e-05
711,2.6833,116.8672,0.8704,0.8704,0.1296,0.1296,0.6503131985664368,9.999999747378752e-05
712,2.6904,116.8672,0.8815,0.8704,0.1185,0.1296,0.6432046294212341,9.999999747378752e-05
713,2.6992,116.8672,0.8630,0.8704,0.1370,0.1296,0.6344621181488037,9.999999747378752e-05
714,2.6980,116.8672,0.8741,0.8778,0.1259,0.1222,0.6355931162834167,9.999999747378752e-05
715,2.6922,116.8672,0.8741,0.8741,0.1259,0.1259,0.6414282917976379,9.999999747378752e-05
716,2.6870,116.8672,0.8815,0.8704,0.1185,0.1296,0.6466575860977173,9.999999747378752e-05
717,2.6916,116.8672,0.8741,0.8704,0.1259,0.1296,0.642031192779541,9.999999747378752e-05
718,2.6846,116.8672,0.8741,0.8815,0.1259,0.1185,0.6490330696105957,9.999999747378752e-05
719,2.6934,116.8672,0.8741,0.8704,0.1259,0.1296,0.6402116417884827,9.999999747378752e-05
720,2.6922,116.8672,0.8778,0.8704,0.1222,0.1296,0.6414291262626648,9.999999747378752e-05
721,2.6916,116.8672,0.8630,0.8741,0.1370,0.1259,0.6420356035232544,9.999999747378752e-05
722,2.6878,116.8672,0.8741,0.8704,0.1259,0.1296,0.6457741856575012,9.999999747378752e-05
723,2.6884,116.8672,0.8741,0.8741,0.1259,0.1259,0.645250678062439,9.999999747378752e-05
724,2.6987,116.8672,0.8778,0.8741,0.1222,0.1259,0.6349090933799744,9.999999747378752e-05
725,2.6841,116.8672,0.8741,0.8778,0.1259,0.1222,0.649501383304596,9.999999747378752e-05
726,2.7014,116.8672,0.8741,0.8741,0.1259,0.1259,0.6322063207626343,9.999999747378752e-05
727,2.6853,116.8672,0.8852,0.8741,0.1148,0.1259,0.6482772827148438,9.999999747378752e-05
728,2.6859,116.8672,0.8704,0.8778,0.1296,0.1222,0.6476665139198303,9.999999747378752e-05
729,2.6883,116.8672,0.8778,0.8741,0.1222,0.1259,0.6453559398651123,9.999999747378752e-05
730,2.6948,116.8672,0.8741,0.8741,0.1259,0.1259,0.6388025283813477,9.999999747378752e-05
731,2.6933,116.8672,0.8704,0.8778,0.1296,0.1222,0.6403014063835144,9.999999747378752e-05
732,2.6941,116.8672,0.8778,0.8741,0.1222,0.1259,0.6394689679145813,9.999999747378752e-05
733,2.6965,116.8672,0.8741,0.8741,0.1259,0.1259,0.6371405124664307,9.999999747378752e-05
734,2.6922,116.8672,0.8741,0.8741,0.1259,0.1259,0.6413713097572327,9.999999747378752e-05
735,2.6933,116.8672,0.8778,0.8741,0.1222,0.1259,0.6402687430381775,9.999999747378752e-05
736,2.7035,116.8672,0.8704,0.8741,0.1296,0.1259,0.6301115155220032,9.999999747378752e-05
737,2.6926,116.8672,0.8815,0.8704,0.1185,0.1296,0.6410171389579773,9.999999747378752e-05
738,2.6917,116.8672,0.8815,0.8741,0.1185,0.1259,0.6419102549552917,9.999999747378752e-05
739,2.6843,116.8672,0.8741,0.8741,0.1259,0.1259,0.649293065071106,9.999999747378752e-05
740,2.7045,116.8672,0.8815,0.8704,0.1185,0.1296,0.6291635036468506,9.999999747378752e-05
741,2.6851,116.8672,0.8778,0.8815,0.1222,0.1185,0.6484842300415039,9.999999747378752e-05
742,2.6919,116.8672,0.8704,0.8741,0.1296,0.1259,0.6417174339294434,9.999999747378752e-05
743,2.6986,116.8672,0.8778,0.8778,0.1222,0.1222,0.6350587010383606,9.999999747378752e-05
744,2.6979,116.8672,0.8741,0.8704,0.1259,0.1296,0.6356982588768005,9.999999747378752e-05
745,2.6902,116.8672,0.8778,0.8741,0.1222,0.1259,0.6434414982795715,9.999999747378752e-05
746,2.6868,116.8672,0.8704,0.8778,0.1296,0.1222,0.6468613147735596,9.999999747378752e-05
747,2.6890,116.8672,0.8778,0.8741,0.1222,0.1259,0.644646942615509,9.999999747378752e-05
748,2.6909,116.8672,0.8704,0.8704,0.1296,0.1296,0.6427368521690369,9.999999747378752e-05
749,2.6810,116.8672,0.8815,0.8704,0.1185,0.1296,0.6525670289993286,9.999999747378752e-05
750,2.6935,116.8672,0.8741,0.8741,0.1259,0.1259,0.6401205658912659,9.999999747378752e-05
751,2.6932,116.8672,0.8704,0.8704,0.1296,0.1296,0.6404206156730652,9.999999747378752e-05
752,2.6882,116.8672,0.8778,0.8741,0.1222,0.1259,0.6454163789749146,9.999999747378752e-05
753,2.6959,116.8672,0.8741,0.8741,0.1259,0.1259,0.6376744508743286,9.999999747378752e-05
754,2.6879,116.8672,0.8778,0.8741,0.1222,0.1259,0.645720362663269,9.999999747378752e-05
755,2.6918,116.8672,0.8741,0.8741,0.1259,0.1259,0.6417984366416931,9.999999747378752e-05
756,2.6904,116.8672,0.8778,0.8741,0.1222,0.1259,0.643170952796936,9.999999747378752e-05
757,2.6972,116.8672,0.8778,0.8741,0.1222,0.1259,0.6364209055900574,9.999999747378752e-05
758,2.6928,116.8672,0.8778,0.8778,0.1222,0.1222,0.6408141255378723,9.999999747378752e-05
759,2.6900,116.8672,0.8704,0.8741,0.1296,0.1259,0.6436086893081665,9.999999747378752e-05
760,2.6886,116.8672,0.8778,0.8741,0.1222,0.1259,0.6450223922729492,9.999999747378752e-05
761,2.6836,116.8672,0.8704,0.8741,0.1296,0.1259,0.6500061750411987,9.999999747378752e-05
762,2.6919,116.8672,0.8815,0.8704,0.1185,0.1296,0.6417132616043091,9.999999747378752e-05
763,2.6908,116.8672,0.8778,0.8778,0.1222,0.1222,0.6428453326225281,9.999999747378752e-05
764,2.7000,116.8672,0.8741,0.8704,0.1259,0.1296,0.6336540579795837,9.999999747378752e-05
765,2.7065,116.8672,0.8741,0.8704,0.1259,0.1296,0.6271331310272217,9.999999747378752e-05
766,2.6977,116.8672,0.8778,0.8741,0.1222,0.1259,0.6359059810638428,9.999999747378752e-05
767,2.6882,116.8672,0.8741,0.8741,0.1259,0.1259,0.6454097628593445,9.999999747378752e-05
768,2.6890,116.8672,0.8778,0.8778,0.1222,0.1222,0.6445767283439636,9.999999747378752e-05
769,2.6945,116.8672,0.8704,0.8741,0.1296,0.1259,0.639155387878418,9.999999747378752e-05
770,2.6987,116.8672,0.8778,0.8741,0.1222,0.1259,0.6349074244499207,9.999999747378752e-05
771,2.6898,116.8672,0.8741,0.8741,0.1259,0.1259,0.6438094973564148,9.999999747378752e-05
772,2.6843,116.8672,0.8667,0.8741,0.1333,0.1259,0.6492894887924194,9.999999747378752e-05
773,2.7014,116.8672,0.8741,0.8741,0.1259,0.1259,0.6321825385093689,9.999999747378752e-05
774,2.6976,116.8672,0.8815,0.8741,0.1185,0.1259,0.6360286474227905,9.999999747378752e-05
775,2.6903,116.8672,0.8704,0.8704,0.1296,0.1296,0.643318235874176,9.999999747378752e-05
776,2.6876,116.8672,0.8667,0.8741,0.1333,0.1259,0.6460171341896057,9.999999747378752e-05
777,2.6961,116.8672,0.8778,0.8741,0.1222,0.1259,0.6375343203544617,9.999999747378752e-05
778,2.6906,116.8672,0.8704,0.8704,0.1296,0.1296,0.6430284976959229,9.999999747378752e-05
779,2.6855,116.8672,0.8704,0.8741,0.1296,0.1259,0.648084819316864,9.999999747378752e-05
780,2.6962,116.8672,0.8778,0.8741,0.1222,0.1259,0.6374201774597168,9.999999747378752e-05
781,2.6871,116.8672,0.8741,0.8741,0.1259,0.1259,0.6465539932250977,9.999999747378752e-05
782,2.6906,116.8672,0.8704,0.8704,0.1296,0.1296,0.6430346369743347,9.999999747378752e-05
783,2.6865,116.8672,0.8778,0.8704,0.1222,0.1296,0.6471523642539978,9.999999747378752e-05
784,2.6980,116.8673,0.8778,0.8778,0.1222,0.1222,0.6355748176574707,9.999999747378752e-05
785,2.6983,116.8672,0.8667,0.8741,0.1333,0.1259,0.6353031992912292,9.999999747378752e-05
786,2.6901,116.8672,0.8741,0.8741,0.1259,0.1259,0.6434799432754517,9.999999747378752e-05
787,2.6918,116.8672,0.8704,0.8704,0.1296,0.1296,0.6418625116348267,9.999999747378752e-05
788,2.6901,116.8672,0.8667,0.8704,0.1333,0.1296,0.6435580253601074,9.999999747378752e-05
789,2.7013,116.8672,0.8630,0.8741,0.1370,0.1259,0.6322715282440186,9.999999747378752e-05
790,2.6851,116.8672,0.8741,0.8704,0.1259,0.1296,0.6484764218330383,9.999999747378752e-05
791,2.7009,116.8672,0.8778,0.8741,0.1222,0.1259,0.6327278017997742,9.999999747378752e-05
792,2.6943,116.8672,0.8741,0.8778,0.1259,0.1222,0.6393526792526245,9.999999747378752e-05
793,2.6983,116.8672,0.8741,0.8741,0.1259,0.1259,0.6353265047073364,9.999999747378752e-05
794,2.6886,116.8673,0.8741,0.8741,0.1259,0.1259,0.6450473070144653,9.999999747378752e-05
795,2.6978,116.8672,0.8778,0.8704,0.1222,0.1296,0.6357724070549011,9.999999747378752e-05
796,2.6909,116.8672,0.8741,0.8741,0.1259,0.1259,0.6427059173583984,9.999999747378752e-05
797,2.6932,116.8672,0.8704,0.8741,0.1296,0.1259,0.6404251456260681,9.999999747378752e-05
798,2.6903,116.8673,0.8741,0.8778,0.1259,0.1222,0.6433425545692444,9.999999747378752e-05
799,2.6891,116.8673,0.8815,0.8704,0.1185,0.1296,0.6445250511169434,9.999999747378752e-05
800,2.6940,116.8672,0.8741,0.8815,0.1259,0.1185,0.6396042704582214,9.999999747378752e-05
801,2.6900,116.8672,0.8741,0.8704,0.1259,0.1296,0.6436567902565002,9.999999747378752e-05
802,2.7033,116.8673,0.8815,0.8741,0.1185,0.1259,0.6303250789642334,9.999999747378752e-05
803,2.6936,116.8673,0.8741,0.8704,0.1259,0.1296,0.6400628685951233,9.999999747378752e-05
804,2.6884,116.8673,0.8815,0.8778,0.1185,0.1222,0.645183265209198,9.999999747378752e-05
805,2.6892,116.8673,0.8815,0.8704,0.1185,0.1296,0.6444064974784851,9.999999747378752e-05
806,2.6998,116.8673,0.8704,0.8741,0.1296,0.1259,0.6338071227073669,9.999999747378752e-05
807,2.7024,116.8673,0.8852,0.8815,0.1148,0.1185,0.6311705112457275,9.999999747378752e-05
808,2.6871,116.8673,0.8778,0.8778,0.1222,0.1222,0.6465455293655396,9.999999747378752e-05
809,2.6848,116.8673,0.8704,0.8741,0.1296,0.1259,0.6488567590713501,9.999999747378752e-05
810,2.6933,116.8673,0.8667,0.8704,0.1333,0.1296,0.6403092741966248,9.999999747378752e-05
811,2.6941,116.8673,0.8741,0.8778,0.1259,0.1222,0.6394692659378052,9.999999747378752e-05
812,2.6958,116.8673,0.8778,0.8778,0.1222,0.1222,0.637801468372345,9.999999747378752e-05
813,2.6950,116.8673,0.8741,0.8741,0.1259,0.1259,0.6385758519172668,9.999999747378752e-05
814,2.6979,116.8673,0.8667,0.8741,0.1333,0.1259,0.6357100605964661,9.999999747378752e-05
815,2.7010,116.8673,0.8741,0.8778,0.1259,0.1222,0.6326001882553101,9.999999747378752e-05
816,2.6858,116.8673,0.8741,0.8778,0.1259,0.1222,0.6478106379508972,9.999999747378752e-05
817,2.6895,116.8673,0.8778,0.8704,0.1222,0.1296,0.6440765261650085,9.999999747378752e-05
818,2.6960,116.8673,0.8815,0.8741,0.1185,0.1259,0.6376600861549377,9.999999747378752e-05
819,2.6942,116.8673,0.8741,0.8741,0.1259,0.1259,0.6394496560096741,9.999999747378752e-05
820,2.7011,116.8673,0.8778,0.8704,0.1222,0.1296,0.6325128674507141,9.999999747378752e-05
821,2.6961,116.8673,0.8778,0.8741,0.1222,0.1259,0.6374801993370056,9.999999747378752e-05
822,2.6980,116.8673,0.8741,0.8778,0.1259,0.1222,0.6356401443481445,9.999999747378752e-05
823,2.6822,116.8673,0.8704,0.8778,0.1296,0.1222,0.651435136795044,9.999999747378752e-05
824,2.6909,116.8673,0.8778,0.8741,0.1222,0.1259,0.6427052021026611,9.999999747378752e-05
825,2.6816,116.8673,0.8778,0.8704,0.1222,0.1296,0.6519736647605896,9.999999747378752e-05
826,2.6925,116.8673,0.8778,0.8741,0.1222,0.1259,0.6411648392677307,9.999999747378752e-05
827,2.7044,116.8673,0.8704,0.8704,0.1296,0.1296,0.6291901469230652,9.999999747378752e-05
828,2.6993,116.8673,0.8778,0.8815,0.1222,0.1185,0.634333610534668,9.999999747378752e-05
829,2.6947,116.8673,0.8704,0.8741,0.1296,0.1259,0.6389173269271851,9.999999747378752e-05
830,2.6939,116.8673,0.8815,0.8741,0.1185,0.1259,0.6396914720535278,9.999999747378752e-05
831,2.6914,116.8673,0.8704,0.8778,0.1296,0.1222,0.6422315239906311,9.999999747378752e-05
832,2.6929,116.8673,0.8704,0.8704,0.1296,0.1296,0.640730082988739,9.999999747378752e-05
833,2.6920,116.8673,0.8741,0.8741,0.1259,0.1259,0.6416544914245605,9.999999747378752e-05
834,2.6869,116.8673,0.8778,0.8741,0.1222,0.1259,0.6467502117156982,9.999999747378752e-05
835,2.6881,116.8673,0.8778,0.8778,0.1222,0.1222,0.6455140709877014,9.999999747378752e-05
836,2.6976,116.8673,0.8704,0.8778,0.1296,0.1222,0.6360505819320679,9.999999747378752e-05
837,2.6917,116.8673,0.8815,0.8741,0.1185,0.1259,0.6419015526771545,9.999999747378752e-05
838,2.6933,116.8673,0.8778,0.8778,0.1222,0.1222,0.6403569579124451,9.999999747378752e-05
839,2.7002,116.8673,0.8815,0.8704,0.1185,0.1296,0.6334339380264282,9.999999747378752e-05
840,2.6945,116.8673,0.8889,0.8741,0.1111,0.1259,0.639106810092926,9.999999747378752e-05
841,2.6900,116.8673,0.8741,0.8741,0.1259,0.1259,0.6435893177986145,9.999999747378752e-05
842,2.7040,116.8673,0.8815,0.8741,0.1185,0.1259,0.629648745059967,9.999999747378752e-05
843,2.6987,116.8673,0.8815,0.8741,0.1185,0.1259,0.6349576115608215,9.999999747378752e-05
844,2.6978,116.8673,0.8778,0.8741,0.1222,0.1259,0.6358396410942078,9.999999747378752e-05
845,2.6950,116.8673,0.8741,0.8778,0.1259,0.1222,0.6386182308197021,9.999999747378752e-05
846,2.6935,116.8673,0.8704,0.8778,0.1296,0.1222,0.6401482820510864,9.999999747378752e-05
847,2.6873,116.8673,0.8667,0.8741,0.1333,0.1259,0.6462728977203369,9.999999747378752e-05
848,2.6931,116.8673,0.8778,0.8741,0.1222,0.1259,0.6404843330383301,9.999999747378752e-05
849,2.6882,116.8673,0.8741,0.8778,0.1259,0.1222,0.6454077363014221,9.999999747378752e-05
850,2.6957,116.8673,0.8741,0.8741,0.1259,0.1259,0.637949526309967,9.999999747378752e-05
851,2.7035,116.8673,0.8741,0.8815,0.1259,0.1185,0.6301321983337402,9.999999747378752e-05
852,2.6852,116.8673,0.8741,0.8741,0.1259,0.1259,0.6483774185180664,9.999999747378752e-05
853,2.6903,116.8673,0.8704,0.8704,0.1296,0.1296,0.6433526873588562,9.999999747378752e-05
854,2.6973,116.8673,0.8815,0.8704,0.1185,0.1296,0.6363402605056763,9.999999747378752e-05
855,2.7040,116.8673,0.8815,0.8704,0.1185,0.1296,0.6295753717422485,9.999999747378752e-05
856,2.6879,116.8673,0.8778,0.8741,0.1222,0.1259,0.6456978917121887,9.999999747378752e-05
857,2.6869,116.8673,0.8704,0.8741,0.1296,0.1259,0.6467573642730713,9.999999747378752e-05
858,2.6915,116.8673,0.8778,0.8741,0.1222,0.1259,0.6421127915382385,9.999999747378752e-05
859,2.6991,116.8673,0.8704,0.8815,0.1296,0.1185,0.6344687342643738,9.999999747378752e-05
860,2.6921,116.8673,0.8741,0.8741,0.1259,0.1259,0.6415547728538513,9.999999747378752e-05
861,2.6960,116.8673,0.8704,0.8741,0.1296,0.1259,0.6376110315322876,9.999999747378752e-05
862,2.6891,116.8673,0.8815,0.8741,0.1185,0.1259,0.6444689035415649,9.999999747378752e-05
863,2.6877,116.8673,0.8667,0.8778,0.1333,0.1222,0.6458652019500732,9.999999747378752e-05
864,2.6996,116.8673,0.8852,0.8704,0.1148,0.1296,0.6340462565422058,9.999999747378752e-05
865,2.6939,116.8673,0.8704,0.8778,0.1296,0.1222,0.6397578716278076,9.999999747378752e-05
866,2.6943,116.8673,0.8741,0.8741,0.1259,0.1259,0.6393239498138428,9.999999747378752e-05
867,2.6922,116.8673,0.8778,0.8741,0.1222,0.1259,0.6414300799369812,9.999999747378752e-05
868,2.6906,116.8673,0.8778,0.8741,0.1222,0.1259,0.6430047154426575,9.999999747378752e-05
869,2.6975,116.8673,0.8741,0.8741,0.1259,0.1259,0.6360665559768677,9.999999747378752e-05
870,2.6910,116.8673,0.8778,0.8741,0.1222,0.1259,0.6426478624343872,9.999999747378752e-05
871,2.6875,116.8673,0.8741,0.8741,0.1259,0.1259,0.6461387872695923,9.999999747378752e-05
872,2.6888,116.8673,0.8778,0.8778,0.1222,0.1222,0.6448128819465637,9.999999747378752e-05
873,2.6880,116.8673,0.8741,0.8704,0.1259,0.1296,0.6455796360969543,9.999999747378752e-05
874,2.6873,116.8673,0.8815,0.8778,0.1185,0.1222,0.6463335156440735,9.999999747378752e-05
875,2.6850,116.8673,0.8815,0.8704,0.1185,0.1296,0.6485952734947205,9.999999747378752e-05
876,2.7016,116.8673,0.8778,0.8704,0.1222,0.1296,0.6320556402206421,9.999999747378752e-05
877,2.6965,116.8673,0.8704,0.8741,0.1296,0.1259,0.637080729007721,9.999999747378752e-05
878,2.6981,116.8673,0.8667,0.8704,0.1333,0.1296,0.6355019211769104,9.999999747378752e-05
879,2.6885,116.8673,0.8741,0.8741,0.1259,0.1259,0.6451257467269897,9.999999747378752e-05
880,2.6928,116.8673,0.8778,0.8741,0.1222,0.1259,0.6408261656761169,9.999999747378752e-05
881,2.6921,116.8673,0.8741,0.8778,0.1259,0.1222,0.6414824724197388,9.999999747378752e-05
882,2.6835,116.8673,0.8704,0.8778,0.1296,0.1222,0.6500743627548218,9.999999747378752e-05
883,2.6997,116.8673,0.8778,0.8704,0.1222,0.1296,0.6339378356933594,9.999999747378752e-05
884,2.6878,116.8673,0.8778,0.8778,0.1222,0.1222,0.6458354592323303,9.999999747378752e-05
885,2.6873,116.8673,0.8741,0.8704,0.1259,0.1296,0.6463257670402527,9.999999747378752e-05
886,2.6966,116.8673,0.8778,0.8741,0.1222,0.1259,0.6370516419410706,9.999999747378752e-05
887,2.6969,116.8673,0.8778,0.8741,0.1222,0.1259,0.63672935962677,9.999999747378752e-05
888,2.6934,116.8673,0.8704,0.8704,0.1296,0.1296,0.6402058005332947,9.999999747378752e-05
889,2.6951,116.8673,0.8778,0.8741,0.1222,0.1259,0.6385164856910706,9.999999747378752e-05
890,2.6966,116.8673,0.8778,0.8741,0.1222,0.1259,0.637017011642456,9.999999747378752e-05
891,2.6985,116.8673,0.8741,0.8741,0.1259,0.1259,0.6350888013839722,9.999999747378752e-05
892,2.6911,116.8673,0.8667,0.8741,0.1333,0.1259,0.6425315737724304,9.999999747378752e-05
893,2.6952,116.8673,0.8741,0.8778,0.1259,0.1222,0.6383708715438843,9.999999747378752e-05
894,2.6996,116.8673,0.8741,0.8704,0.1259,0.1296,0.6339936256408691,9.999999747378752e-05
895,2.6891,116.8673,0.8778,0.8778,0.1222,0.1222,0.6445387005805969,9.999999747378752e-05
896,2.6858,116.8673,0.8667,0.8741,0.1333,0.1259,0.6477862596511841,9.999999747378752e-05
897,2.6925,116.8673,0.8778,0.8778,0.1222,0.1222,0.641082227230072,9.999999747378752e-05
898,2.6968,116.8673,0.8815,0.8704,0.1185,0.1296,0.6367995738983154,9.999999747378752e-05
899,2.6973,116.8673,0.8741,0.8815,0.1259,0.1185,0.6363329291343689,9.999999747378752e-05
900,2.6924,116.8673,0.8741,0.8704,0.1259,0.1296,0.6411725282669067,9.999999747378752e-05
901,2.6861,116.8673,0.8778,0.8778,0.1222,0.1222,0.6475544571876526,9.999999747378752e-05
902,2.6926,116.8673,0.8852,0.8778,0.1148,0.1222,0.6409941911697388,9.999999747378752e-05
903,2.6958,116.8673,0.8741,0.8741,0.1259,0.1259,0.6378391981124878,9.999999747378752e-05
904,2.6982,116.8673,0.8741,0.8778,0.1259,0.1222,0.6354354023933411,9.999999747378752e-05
905,2.6983,116.8673,0.8815,0.8778,0.1185,0.1222,0.6353556513786316,9.999999747378752e-05
906,2.6899,116.8673,0.8704,0.8741,0.1296,0.1259,0.6436681747436523,9.999999747378752e-05
907,2.6853,116.8673,0.8704,0.8778,0.1296,0.1222,0.6483235955238342,9.999999747378752e-05
908,2.6915,116.8673,0.8778,0.8815,0.1222,0.1185,0.6420941352844238,9.999999747378752e-05
909,2.6996,116.8673,0.8852,0.8815,0.1148,0.1185,0.6340442299842834,9.999999747378752e-05
910,2.6983,116.8673,0.8852,0.8778,0.1148,0.1222,0.6353505849838257,9.999999747378752e-05
911,2.6932,116.8673,0.8778,0.8778,0.1222,0.1222,0.6404301524162292,9.999999747378752e-05
912,2.6943,116.8673,0.8815,0.8741,0.1185,0.1259,0.6393166780471802,9.999999747378752e-05
913,2.6984,116.8673,0.8741,0.8741,0.1259,0.1259,0.635245144367218,9.999999747378752e-05
914,2.6877,116.8673,0.8778,0.8741,0.1222,0.1259,0.6459347605705261,9.999999747378752e-05
915,2.6895,116.8673,0.8704,0.8704,0.1296,0.1296,0.6440913677215576,9.999999747378752e-05
916,2.6911,116.8673,0.8741,0.8741,0.1259,0.1259,0.6425034999847412,9.999999747378752e-05
917,2.6906,116.8673,0.8741,0.8741,0.1259,0.1259,0.6430158019065857,9.999999747378752e-05
918,2.6949,116.8673,0.8815,0.8815,0.1185,0.1185,0.6387391686439514,9.999999747378752e-05
919,2.6971,116.8673,0.8741,0.8704,0.1259,0.1296,0.6365379095077515,9.999999747378752e-05
920,2.6915,116.8673,0.8815,0.8741,0.1185,0.1259,0.6421566605567932,9.999999747378752e-05
921,2.6856,116.8673,0.8741,0.8815,0.1259,0.1185,0.6479756236076355,9.999999747378752e-05
922,2.6959,116.8673,0.8741,0.8778,0.1259,0.1222,0.6377367973327637,9.999999747378752e-05
923,2.6892,116.8673,0.8741,0.8741,0.1259,0.1259,0.6443749070167542,9.999999747378752e-05
924,2.6915,116.8673,0.8852,0.8741,0.1148,0.1259,0.642132580280304,9.999999747378752e-05
925,2.7016,116.8673,0.8704,0.8778,0.1296,0.1222,0.6319959163665771,9.999999747378752e-05
926,2.6932,116.8673,0.8778,0.8741,0.1222,0.1259,0.6404217481613159,9.999999747378752e-05
927,2.6928,116.8673,0.8741,0.8778,0.1259,0.1222,0.6408458948135376,9.999999747378752e-05
928,2.6981,116.8673,0.8778,0.8704,0.1222,0.1296,0.6355107426643372,9.999999747378752e-05
929,2.6887,116.8673,0.8815,0.8704,0.1185,0.1296,0.6448819041252136,9.999999747378752e-05
930,2.7025,116.8673,0.8741,0.8741,0.1259,0.1259,0.6310734748840332,9.999999747378752e-05
931,2.6977,116.8673,0.8704,0.8741,0.1296,0.1259,0.6359543204307556,9.999999747378752e-05
932,2.6901,116.8673,0.8741,0.8741,0.1259,0.1259,0.6435546278953552,9.999999747378752e-05
933,2.6865,116.8673,0.8741,0.8741,0.1259,0.1259,0.6470757126808167,9.999999747378752e-05
934,2.6916,116.8673,0.8667,0.8741,0.1333,0.1259,0.6420531868934631,9.999999747378752e-05
935,2.6801,116.8673,0.8593,0.8704,0.1407,0.1296,0.653491199016571,9.999999747378752e-05
936,2.6948,116.8673,0.8778,0.8741,0.1222,0.1259,0.6387742757797241,9.999999747378752e-05
937,2.6966,116.8673,0.8778,0.8704,0.1222,0.1296,0.6369698643684387,9.999999747378752e-05
938,2.7015,116.8673,0.8778,0.8704,0.1222,0.1296,0.6321042776107788,9.999999747378752e-05
939,2.7024,116.8673,0.8815,0.8778,0.1185,0.1222,0.6312582492828369,9.999999747378752e-05
940,2.7016,116.8673,0.8741,0.8778,0.1259,0.1222,0.6320410966873169,9.999999747378752e-05
941,2.6988,116.8673,0.8778,0.8704,0.1222,0.1296,0.634765088558197,9.999999747378752e-05
942,2.6939,116.8673,0.8778,0.8741,0.1222,0.1259,0.6396821737289429,9.999999747378752e-05
943,2.6934,116.8673,0.8741,0.8741,0.1259,0.1259,0.6402602791786194,9.999999747378752e-05
944,2.6962,116.8673,0.8667,0.8741,0.1333,0.1259,0.637380063533783,9.999999747378752e-05
945,2.6935,116.8673,0.8778,0.8741,0.1222,0.1259,0.6400924324989319,9.999999747378752e-05
946,2.6968,116.8673,0.8778,0.8741,0.1222,0.1259,0.6368398666381836,9.999999747378752e-05
947,2.6939,116.8673,0.8778,0.8778,0.1222,0.1222,0.6397367715835571,9.999999747378752e-05
948,2.7037,116.8673,0.8778,0.8704,0.1222,0.1296,0.6298649907112122,9.999999747378752e-05
949,2.6900,116.8673,0.8741,0.8741,0.1259,0.1259,0.6436243653297424,9.999999747378752e-05
950,2.7019,116.8673,0.8741,0.8741,0.1259,0.1259,0.6317117214202881,9.999999747378752e-05
951,2.7007,116.8673,0.8815,0.8741,0.1185,0.1259,0.6328703761100769,9.999999747378752e-05
952,2.6907,116.8673,0.8741,0.8741,0.1259,0.1259,0.642941415309906,9.999999747378752e-05
953,2.6968,116.8673,0.8741,0.8741,0.1259,0.1259,0.6368461847305298,9.999999747378752e-05
954,2.6925,116.8673,0.8741,0.8741,0.1259,0.1259,0.6411622166633606,9.999999747378752e-05
955,2.6952,116.8673,0.8778,0.8741,0.1222,0.1259,0.6384183764457703,9.999999747378752e-05
956,2.6943,116.8673,0.8778,0.8778,0.1222,0.1222,0.6393580436706543,9.999999747378752e-05
957,2.6909,116.8673,0.8667,0.8778,0.1333,0.1222,0.6426753401756287,9.999999747378752e-05
958,2.7036,116.8673,0.8778,0.8778,0.1222,0.1222,0.6300132274627686,9.999999747378752e-05
959,2.6907,116.8673,0.8741,0.8704,0.1259,0.1296,0.6429505348205566,9.999999747378752e-05
960,2.6925,116.8673,0.8741,0.8741,0.1259,0.1259,0.641141414642334,9.999999747378752e-05
961,2.6791,116.8673,0.8741,0.8741,0.1259,0.1259,0.6545220613479614,9.999999747378752e-05
962,2.6981,116.8673,0.8778,0.8778,0.1222,0.1222,0.6355369091033936,9.999999747378752e-05
963,2.6899,116.8673,0.8741,0.8741,0.1259,0.1259,0.6437596678733826,9.999999747378752e-05
964,2.6978,116.8673,0.8815,0.8778,0.1185,0.1222,0.6357742547988892,9.999999747378752e-05
965,2.6914,116.8673,0.8741,0.8741,0.1259,0.1259,0.6421971321105957,9.999999747378752e-05
966,2.6872,116.8673,0.8667,0.8741,0.1333,0.1259,0.6463780999183655,9.999999747378752e-05
967,2.6856,116.8673,0.8778,0.8704,0.1222,0.1296,0.6479882001876831,9.999999747378752e-05
968,2.6936,116.8673,0.8778,0.8778,0.1222,0.1222,0.6400428414344788,9.999999747378752e-05
969,2.6874,116.8673,0.8741,0.8741,0.1259,0.1259,0.6462129950523376,9.999999747378752e-05
970,2.6783,116.8673,0.8704,0.8815,0.1296,0.1185,0.6553252935409546,9.999999747378752e-05
971,2.6927,116.8673,0.8852,0.8741,0.1148,0.1259,0.6409645080566406,9.999999747378752e-05
972,2.6921,116.8673,0.8667,0.8741,0.1333,0.1259,0.64146488904953,9.999999747378752e-05
973,2.6911,116.8673,0.8741,0.8741,0.1259,0.1259,0.6424961090087891,9.999999747378752e-05
974,2.6879,116.8673,0.8667,0.8778,0.1333,0.1222,0.6457021236419678,9.999999747378752e-05
975,2.6879,116.8673,0.8778,0.8704,0.1222,0.1296,0.6457107663154602,9.999999747378752e-05
976,2.6857,116.8673,0.8704,0.8815,0.1296,0.1185,0.6478952169418335,9.999999747378752e-05
977,2.6940,116.8673,0.8778,0.8704,0.1222,0.1296,0.6396450400352478,9.999999747378752e-05
978,2.6897,116.8673,0.8704,0.8741,0.1296,0.1259,0.6439256072044373,9.999999747378752e-05
979,2.6917,116.8673,0.8815,0.8741,0.1185,0.1259,0.6419568657875061,9.999999747378752e-05
980,2.6915,116.8673,0.8778,0.8778,0.1222,0.1222,0.642118513584137,9.999999747378752e-05
981,2.6887,116.8673,0.8778,0.8741,0.1222,0.1259,0.6449279189109802,9.999999747378752e-05
982,2.6909,116.8673,0.8815,0.8741,0.1185,0.1259,0.6427648067474365,9.999999747378752e-05
983,2.7009,116.8673,0.8741,0.8741,0.1259,0.1259,0.6326801180839539,9.999999747378752e-05
984,2.6921,116.8673,0.8815,0.8815,0.1185,0.1185,0.6415398120880127,9.999999747378752e-05
985,2.6888,116.8673,0.8778,0.8778,0.1222,0.1222,0.644798755645752,9.999999747378752e-05
986,2.6978,116.8673,0.8741,0.8741,0.1259,0.1259,0.6357717514038086,9.999999747378752e-05
987,2.6958,116.8673,0.8741,0.8741,0.1259,0.1259,0.6377933621406555,9.999999747378752e-05
988,2.6964,116.8673,0.8778,0.8741,0.1222,0.1259,0.6371936798095703,9.999999747378752e-05
989,2.6932,116.8673,0.8667,0.8741,0.1333,0.1259,0.6403921842575073,9.999999747378752e-05
990,2.6871,116.8673,0.8741,0.8741,0.1259,0.1259,0.646527886390686,9.999999747378752e-05
991,2.6847,116.8673,0.8778,0.8704,0.1222,0.1296,0.6488825082778931,9.999999747378752e-05
992,2.6893,116.8673,0.8778,0.8704,0.1222,0.1296,0.6442691683769226,9.999999747378752e-05
993,2.6931,116.8673,0.8778,0.8778,0.1222,0.1222,0.6404994130134583,9.999999747378752e-05
994,2.6879,116.8673,0.8667,0.8778,0.1333,0.1222,0.6457122564315796,9.999999747378752e-05
995,2.6935,116.8673,0.8667,0.8704,0.1333,0.1296,0.6400748491287231,9.999999747378752e-05
996,2.6892,116.8673,0.8741,0.8778,0.1259,0.1222,0.6443961262702942,9.999999747378752e-05
997,2.6864,116.8673,0.8704,0.8778,0.1296,0.1222,0.64717698097229,9.999999747378752e-05
998,2.6781,116.8673,0.8741,0.8741,0.1259,0.1259,0.655502438545227,9.999999747378752e-05
999,2.7013,116.8673,0.8815,0.8704,0.1185,0.1296,0.6322827935218811,9.999999747378752e-05
