0,0.2032,103.7287,0.2547,0.2574,0.7453,0.7426
1,0.3523,102.8992,0.3392,0.3346,0.6608,0.6654
2,0.4952,101.9996,0.4303,0.4270,0.5697,0.5730
3,0.6403,100.9551,0.5501,0.5547,0.4499,0.4453
4,0.7834,99.7800,0.6595,0.6562,0.3405,0.3438
5,0.9283,98.3677,0.7145,0.7204,0.2855,0.2796
6,1.0725,96.7505,0.7557,0.7610,0.2443,0.2390
7,1.2171,94.8255,0.7845,0.7832,0.2155,0.2168
8,1.3567,92.6662,0.8042,0.8042,0.1958,0.1958
9,1.4951,90.0960,0.8258,0.8245,0.1742,0.1755
10,1.6240,87.1805,0.8415,0.8382,0.1585,0.1618
11,1.7469,83.8177,0.8481,0.8494,0.1519,0.1506
12,1.8568,80.2587,0.8605,0.8651,0.1395,0.1349
13,1.9568,76.1551,0.8664,0.8730,0.1336,0.1270
14,2.0449,71.8486,0.8730,0.8723,0.1270,0.1277
15,2.1297,67.2888,0.8795,0.8808,0.1205,0.1192
16,2.2011,62.3781,0.8815,0.8867,0.1185,0.1133
17,2.2581,57.3030,0.8815,0.8867,0.1185,0.1133
18,2.3109,52.5186,0.8841,0.8893,0.1159,0.1107
19,2.3536,48.0766,0.8782,0.8952,0.1218,0.1048
20,2.3793,44.7506,0.8762,0.8959,0.1238,0.1041
21,2.4070,41.9396,0.8730,0.9011,0.1270,0.0989
22,2.4463,39.8417,0.8762,0.9031,0.1238,0.0969
23,2.4715,37.9790,0.8861,0.9077,0.1139,0.0923
24,2.5093,36.6250,0.8861,0.9162,0.1139,0.0838
25,2.5322,35.2511,0.8880,0.9136,0.1120,0.0864
26,2.5289,34.1438,0.8828,0.9168,0.1172,0.0832
27,2.5702,33.3453,0.8965,0.9175,0.1035,0.0825
28,2.5962,32.6040,0.8952,0.9208,0.1048,0.0792
29,2.6136,32.0104,0.8952,0.9188,0.1048,0.0812
30,2.6286,31.6017,0.9005,0.9201,0.0995,0.0799
31,2.6340,31.2450,0.8978,0.9312,0.1022,0.0688
32,2.6670,30.8685,0.9077,0.9267,0.0923,0.0733
33,2.6857,30.6260,0.9096,0.9293,0.0904,0.0707
34,2.7052,30.6942,0.9162,0.9299,0.0838,0.0701
35,2.7070,30.2802,0.9090,0.9306,0.0910,0.0694
36,2.7304,30.2319,0.9149,0.9391,0.0851,0.0609
37,2.7364,29.9648,0.9168,0.9358,0.0832,0.0642
38,2.7458,29.9824,0.9175,0.9424,0.0825,0.0576
39,2.7653,29.7741,0.9227,0.9404,0.0773,0.0596
40,2.7760,29.7312,0.9188,0.9456,0.0812,0.0544
41,2.7627,29.5703,0.9129,0.9450,0.0871,0.0550
42,2.8029,29.7409,0.9208,0.9489,0.0792,0.0511
43,2.8065,29.7278,0.9247,0.9476,0.0753,0.0524
44,2.8038,29.5910,0.9260,0.9489,0.0740,0.0511
45,2.8232,29.6341,0.9280,0.9470,0.0720,0.0530
46,2.8344,29.7653,0.9260,0.9509,0.0740,0.0491
47,2.8451,29.6309,0.9325,0.9548,0.0675,0.0452
48,2.8286,29.2756,0.9312,0.9561,0.0688,0.0439
49,2.8514,29.2023,0.9325,0.9568,0.0675,0.0432
50,2.8664,29.4551,0.9371,0.9555,0.0629,0.0445
51,2.8706,29.6989,0.9358,0.9548,0.0642,0.0452
52,2.8625,29.7908,0.9365,0.9594,0.0635,0.0406
53,2.8726,29.5899,0.9398,0.9574,0.0602,0.0426
54,2.8920,29.7257,0.9443,0.9587,0.0557,0.0413
55,2.8843,29.5439,0.9443,0.9607,0.0557,0.0393
56,2.8859,29.4051,0.9443,0.9587,0.0557,0.0413
57,2.8762,29.5546,0.9371,0.9587,0.0629,0.0413
58,2.8955,29.6591,0.9424,0.9614,0.0576,0.0386
59,2.9040,29.5373,0.9443,0.9601,0.0557,0.0399
60,2.8933,29.4362,0.9391,0.9594,0.0609,0.0406
61,2.9040,29.2864,0.9450,0.9633,0.0550,0.0367
62,2.9117,29.2200,0.9411,0.9620,0.0589,0.0380
63,2.9167,29.2042,0.9437,0.9659,0.0563,0.0341
64,2.9223,29.4536,0.9470,0.9614,0.0530,0.0386
65,2.9229,29.5063,0.9443,0.9627,0.0557,0.0373
66,2.9150,29.3547,0.9430,0.9627,0.0570,0.0373
67,2.9247,29.1482,0.9404,0.9633,0.0596,0.0367
68,2.9297,29.0523,0.9463,0.9627,0.0537,0.0373
69,2.9272,28.8204,0.9411,0.9666,0.0589,0.0334
70,2.9375,29.0724,0.9483,0.9653,0.0517,0.0347
71,2.9501,29.0198,0.9574,0.9679,0.0426,0.0321
72,2.9610,29.0211,0.9568,0.9659,0.0432,0.0341
73,2.9481,28.8688,0.9496,0.9653,0.0504,0.0347
74,2.9437,28.8373,0.9496,0.9666,0.0504,0.0334
75,2.9365,28.8697,0.9411,0.9653,0.0589,0.0347
76,2.9596,28.8052,0.9555,0.9686,0.0445,0.0314
77,2.9644,28.8877,0.9535,0.9659,0.0465,0.0341
78,2.9574,28.9003,0.9496,0.9686,0.0504,0.0314
79,2.9591,28.9789,0.9450,0.9692,0.0550,0.0308
80,2.9482,29.0133,0.9489,0.9718,0.0511,0.0282
81,2.9626,29.0987,0.9561,0.9699,0.0439,0.0301
82,2.9717,29.0203,0.9509,0.9673,0.0491,0.0327
83,2.9581,29.0399,0.9456,0.9679,0.0544,0.0321
84,2.9588,28.9910,0.9411,0.9705,0.0589,0.0295
85,2.9761,29.0377,0.9542,0.9686,0.0458,0.0314
86,2.9737,29.0226,0.9509,0.9712,0.0491,0.0288
87,2.9806,28.8878,0.9542,0.9686,0.0458,0.0314
88,2.9840,28.8035,0.9587,0.9745,0.0413,0.0255
89,2.9882,28.9241,0.9574,0.9692,0.0426,0.0308
90,2.9753,28.9555,0.9496,0.9718,0.0504,0.0282
91,2.9860,28.9292,0.9548,0.9705,0.0452,0.0295
92,2.9813,28.7566,0.9463,0.9679,0.0537,0.0321
93,2.9907,28.8172,0.9515,0.9718,0.0485,0.0282
94,2.9839,28.8006,0.9515,0.9718,0.0485,0.0282
95,2.9905,28.8698,0.9568,0.9751,0.0432,0.0249
96,2.9900,28.7398,0.9509,0.9738,0.0491,0.0262
97,2.9840,28.7569,0.9548,0.9738,0.0452,0.0262
98,2.9815,28.6872,0.9548,0.9705,0.0452,0.0295
99,2.9936,28.6561,0.9574,0.9705,0.0426,0.0295
100,2.9915,28.5805,0.9535,0.9705,0.0465,0.0295
101,2.9817,28.6306,0.9489,0.9751,0.0511,0.0249
102,3.0006,28.5541,0.9509,0.9771,0.0491,0.0229
103,2.9911,28.4814,0.9502,0.9718,0.0498,0.0282
104,2.9920,28.4145,0.9587,0.9751,0.0413,0.0249
105,2.9921,28.5394,0.9528,0.9738,0.0472,0.0262
106,2.9858,28.4307,0.9463,0.9738,0.0537,0.0262
107,3.0033,28.5228,0.9555,0.9771,0.0445,0.0229
108,3.0098,28.4358,0.9522,0.9705,0.0478,0.0295
109,2.9947,28.2724,0.9548,0.9731,0.0452,0.0269
110,3.0114,28.3141,0.9620,0.9738,0.0380,0.0262
111,3.0077,28.2937,0.9594,0.9771,0.0406,0.0229
112,2.9957,28.2471,0.9535,0.9751,0.0465,0.0249
113,3.0163,28.2738,0.9607,0.9738,0.0393,0.0262
114,3.0001,28.2983,0.9594,0.9731,0.0406,0.0269
115,3.0205,28.2028,0.9607,0.9764,0.0393,0.0236
116,3.0122,28.0932,0.9587,0.9745,0.0413,0.0255
117,3.0149,28.1462,0.9601,0.9751,0.0399,0.0249
118,3.0185,28.1960,0.9653,0.9751,0.0347,0.0249
119,3.0157,28.1319,0.9594,0.9758,0.0406,0.0242
120,3.0029,28.1819,0.9568,0.9731,0.0432,0.0269
121,3.0102,28.1909,0.9594,0.9777,0.0406,0.0223
122,3.0101,28.2014,0.9548,0.9725,0.0452,0.0275
123,3.0225,28.2270,0.9640,0.9758,0.0360,0.0242
124,3.0154,28.1115,0.9601,0.9758,0.0399,0.0242
125,3.0196,28.1125,0.9607,0.9758,0.0393,0.0242
126,3.0165,28.1088,0.9581,0.9784,0.0419,0.0216
127,3.0261,28.0541,0.9633,0.9745,0.0367,0.0255
128,3.0171,28.0408,0.9646,0.9731,0.0354,0.0269
129,3.0260,28.0816,0.9627,0.9771,0.0373,0.0229
130,3.0288,28.1009,0.9581,0.9731,0.0419,0.0269
131,3.0336,28.0612,0.9627,0.9738,0.0373,0.0262
132,3.0259,28.0079,0.9673,0.9790,0.0327,0.0210
133,3.0178,27.9643,0.9548,0.9745,0.0452,0.0255
134,3.0195,27.9586,0.9601,0.9745,0.0399,0.0255
135,3.0218,27.9307,0.9574,0.9764,0.0426,0.0236
136,3.0331,27.8646,0.9620,0.9738,0.0380,0.0262
137,3.0256,27.8920,0.9653,0.9797,0.0347,0.0203
138,3.0299,27.8913,0.9607,0.9771,0.0393,0.0229
139,3.0202,27.9304,0.9614,0.9758,0.0386,0.0242
140,3.0347,27.9100,0.9653,0.9738,0.0347,0.0262
141,3.0319,27.8978,0.9673,0.9764,0.0327,0.0236
142,3.0190,27.9493,0.9646,0.9771,0.0354,0.0229
143,3.0347,28.0208,0.9699,0.9738,0.0301,0.0262
144,3.0278,28.0723,0.9594,0.9758,0.0406,0.0242
145,3.0275,28.0411,0.9607,0.9771,0.0393,0.0229
146,3.0364,28.0551,0.9601,0.9771,0.0399,0.0229
147,3.0292,28.0017,0.9607,0.9764,0.0393,0.0236
148,3.0320,27.9851,0.9594,0.9764,0.0406,0.0236
149,3.0248,27.9717,0.9627,0.9790,0.0373,0.0210
150,3.0348,27.8859,0.9607,0.9764,0.0393,0.0236
151,3.0276,27.8500,0.9568,0.9771,0.0432,0.0229
152,3.0203,27.8380,0.9535,0.9751,0.0465,0.0249
153,3.0336,27.8212,0.9568,0.9764,0.0432,0.0236
154,3.0369,27.8024,0.9620,0.9777,0.0380,0.0223
155,3.0421,27.7990,0.9640,0.9751,0.0360,0.0249
156,3.0449,27.9118,0.9679,0.9751,0.0321,0.0249
157,3.0282,27.9178,0.9594,0.9804,0.0406,0.0196
158,3.0277,27.9650,0.9587,0.9804,0.0413,0.0196
159,3.0401,27.9460,0.9620,0.9771,0.0380,0.0229
160,3.0440,27.9155,0.9666,0.9784,0.0334,0.0216
161,3.0364,27.9417,0.9633,0.9804,0.0367,0.0196
162,3.0326,27.9062,0.9581,0.9797,0.0419,0.0203
163,3.0330,27.9099,0.9614,0.9804,0.0386,0.0196
164,3.0380,27.9248,0.9614,0.9758,0.0386,0.0242
165,3.0360,27.9121,0.9659,0.9790,0.0341,0.0210
166,3.0395,27.8541,0.9581,0.9784,0.0419,0.0216
167,3.0284,27.8278,0.9587,0.9764,0.0413,0.0236
168,3.0437,27.8782,0.9686,0.9771,0.0314,0.0229
169,3.0498,27.8733,0.9640,0.9771,0.0360,0.0229
170,3.0351,27.8705,0.9581,0.9790,0.0419,0.0210
171,3.0264,27.8436,0.9614,0.9751,0.0386,0.0249
172,3.0426,27.8631,0.9627,0.9777,0.0373,0.0223
173,3.0377,27.8796,0.9581,0.9777,0.0419,0.0223
174,3.0361,27.8830,0.9594,0.9790,0.0406,0.0210
175,3.0311,27.8535,0.9627,0.9784,0.0373,0.0216
176,3.0290,27.8285,0.9601,0.9764,0.0399,0.0236
177,3.0330,27.8076,0.9633,0.9790,0.0367,0.0210
178,3.0603,27.7947,0.9692,0.9751,0.0308,0.0249
179,3.0389,27.8028,0.9607,0.9790,0.0393,0.0210
180,3.0445,27.7808,0.9614,0.9790,0.0386,0.0210
181,3.0487,27.7683,0.9679,0.9817,0.0321,0.0183
182,3.0361,27.7570,0.9601,0.9764,0.0399,0.0236
183,3.0419,27.7604,0.9620,0.9784,0.0380,0.0216
184,3.0453,27.7315,0.9692,0.9777,0.0308,0.0223
185,3.0526,27.6777,0.9673,0.9810,0.0327,0.0190
186,3.0403,27.6764,0.9614,0.9830,0.0386,0.0170
187,3.0435,27.6646,0.9653,0.9784,0.0347,0.0216
188,3.0397,27.6725,0.9640,0.9777,0.0360,0.0223
189,3.0481,27.6990,0.9659,0.9790,0.0341,0.0210
190,3.0448,27.7179,0.9666,0.9804,0.0334,0.0196
191,3.0407,27.7245,0.9607,0.9764,0.0393,0.0236
192,3.0573,27.7156,0.9738,0.9790,0.0262,0.0210
193,3.0426,27.7090,0.9627,0.9804,0.0373,0.0196
194,3.0479,27.7013,0.9646,0.9810,0.0354,0.0190
195,3.0634,27.7021,0.9692,0.9790,0.0308,0.0210
196,3.0483,27.6846,0.9686,0.9790,0.0314,0.0210
197,3.0477,27.6814,0.9614,0.9810,0.0386,0.0190
198,3.0495,27.6818,0.9640,0.9797,0.0360,0.0203
199,3.0489,27.6670,0.9653,0.9790,0.0347,0.0210
200,3.0497,27.6353,0.9646,0.9797,0.0354,0.0203
201,3.0446,27.6386,0.9646,0.9764,0.0354,0.0236
202,3.0477,27.6470,0.9587,0.9804,0.0413,0.0196
203,3.0377,27.6281,0.9653,0.9784,0.0347,0.0216
204,3.0493,27.6393,0.9620,0.9790,0.0380,0.0210
205,3.0428,27.6182,0.9594,0.9797,0.0406,0.0203
206,3.0439,27.6184,0.9627,0.9817,0.0373,0.0183
207,3.0508,27.6487,0.9640,0.9784,0.0360,0.0216
208,3.0460,27.6622,0.9614,0.9745,0.0386,0.0255
209,3.0599,27.6419,0.9686,0.9810,0.0314,0.0190
210,3.0457,27.6341,0.9653,0.9764,0.0347,0.0236
211,3.0513,27.6644,0.9673,0.9797,0.0327,0.0203
212,3.0526,27.6452,0.9627,0.9823,0.0373,0.0177
213,3.0354,27.6250,0.9607,0.9777,0.0393,0.0223
214,3.0467,27.6153,0.9653,0.9797,0.0347,0.0203
215,3.0484,27.6031,0.9627,0.9804,0.0373,0.0196
216,3.0549,27.6084,0.9705,0.9797,0.0295,0.0203
217,3.0626,27.6294,0.9673,0.9810,0.0327,0.0190
218,3.0454,27.6293,0.9659,0.9764,0.0341,0.0236
219,3.0581,27.6210,0.9646,0.9797,0.0354,0.0203
220,3.0388,27.6105,0.9659,0.9758,0.0341,0.0242
221,3.0560,27.5858,0.9627,0.9790,0.0373,0.0210
222,3.0572,27.5840,0.9679,0.9797,0.0321,0.0203
223,3.0482,27.5930,0.9581,0.9804,0.0419,0.0196
224,3.0506,27.5835,0.9666,0.9804,0.0334,0.0196
225,3.0436,27.5798,0.9653,0.9797,0.0347,0.0203
226,3.0645,27.5821,0.9718,0.9797,0.0282,0.0203
227,3.0413,27.5769,0.9568,0.9810,0.0432,0.0190
228,3.0457,27.5858,0.9673,0.9823,0.0327,0.0177
229,3.0471,27.5732,0.9633,0.9797,0.0367,0.0203
230,3.0477,27.5619,0.9640,0.9790,0.0360,0.0210
231,3.0587,27.5400,0.9679,0.9836,0.0321,0.0164
232,3.0518,27.5279,0.9607,0.9810,0.0393,0.0190
233,3.0591,27.5004,0.9646,0.9777,0.0354,0.0223
234,3.0635,27.5005,0.9673,0.9810,0.0327,0.0190
235,3.0554,27.5003,0.9686,0.9777,0.0314,0.0223
236,3.0507,27.4853,0.9659,0.9823,0.0341,0.0177
237,3.0535,27.4786,0.9686,0.9797,0.0314,0.0203
238,3.0664,27.4959,0.9712,0.9790,0.0288,0.0210
239,3.0551,27.5055,0.9614,0.9804,0.0386,0.0196
240,3.0613,27.5039,0.9646,0.9790,0.0354,0.0210
241,3.0378,27.5280,0.9555,0.9784,0.0445,0.0216
242,3.0575,27.5355,0.9686,0.9823,0.0314,0.0177
243,3.0533,27.5421,0.9627,0.9804,0.0373,0.0196
244,3.0598,27.5337,0.9620,0.9790,0.0380,0.0210
245,3.0619,27.5518,0.9712,0.9804,0.0288,0.0196
246,3.0639,27.5590,0.9686,0.9790,0.0314,0.0210
247,3.0583,27.5510,0.9666,0.9797,0.0334,0.0203
248,3.0588,27.5450,0.9659,0.9790,0.0341,0.0210
249,3.0562,27.5446,0.9627,0.9817,0.0373,0.0183
250,3.0533,27.5442,0.9620,0.9830,0.0380,0.0170
251,3.0510,27.5378,0.9646,0.9804,0.0354,0.0196
252,3.0476,27.5444,0.9653,0.9804,0.0347,0.0196
253,3.0552,27.5349,0.9640,0.9784,0.0360,0.0216
254,3.0668,27.5311,0.9718,0.9817,0.0282,0.0183
255,3.0593,27.5312,0.9666,0.9777,0.0334,0.0223
256,3.0563,27.5266,0.9627,0.9797,0.0373,0.0203
257,3.0553,27.5256,0.9646,0.9797,0.0354,0.0203
258,3.0545,27.5249,0.9627,0.9810,0.0373,0.0190
259,3.0459,27.5135,0.9614,0.9823,0.0386,0.0177
260,3.0447,27.5125,0.9633,0.9797,0.0367,0.0203
261,3.0567,27.5126,0.9692,0.9823,0.0308,0.0177
262,3.0576,27.5195,0.9653,0.9823,0.0347,0.0177
263,3.0514,27.5290,0.9633,0.9836,0.0367,0.0164
264,3.0593,27.5344,0.9673,0.9790,0.0327,0.0210
265,3.0651,27.5417,0.9705,0.9771,0.0295,0.0229
266,3.0472,27.5436,0.9587,0.9797,0.0413,0.0203
267,3.0458,27.5309,0.9679,0.9810,0.0321,0.0190
268,3.0560,27.5275,0.9659,0.9810,0.0341,0.0190
269,3.0586,27.5336,0.9679,0.9817,0.0321,0.0183
270,3.0548,27.5377,0.9627,0.9823,0.0373,0.0177
271,3.0584,27.5391,0.9666,0.9804,0.0334,0.0196
272,3.0502,27.5282,0.9627,0.9804,0.0373,0.0196
273,3.0657,27.5226,0.9673,0.9823,0.0327,0.0177
274,3.0572,27.5175,0.9627,0.9810,0.0373,0.0190
275,3.0613,27.5166,0.9705,0.9804,0.0295,0.0196
276,3.0671,27.5032,0.9731,0.9797,0.0269,0.0203
277,3.0581,27.4969,0.9705,0.9797,0.0295,0.0203
278,3.0522,27.4950,0.9640,0.9784,0.0360,0.0216
279,3.0498,27.4917,0.9666,0.9810,0.0334,0.0190
280,3.0546,27.4862,0.9646,0.9797,0.0354,0.0203
281,3.0673,27.4761,0.9692,0.9777,0.0308,0.0223
282,3.0555,27.4751,0.9594,0.9817,0.0406,0.0183
283,3.0536,27.4750,0.9614,0.9810,0.0386,0.0190
284,3.0493,27.4749,0.9594,0.9797,0.0406,0.0203
285,3.0541,27.4594,0.9659,0.9797,0.0341,0.0203
286,3.0455,27.4599,0.9653,0.9797,0.0347,0.0203
287,3.0591,27.4543,0.9718,0.9797,0.0282,0.0203
288,3.0651,27.4621,0.9679,0.9830,0.0321,0.0170
289,3.0697,27.4517,0.9679,0.9784,0.0321,0.0216
290,3.0477,27.4563,0.9653,0.9771,0.0347,0.0229
291,3.0618,27.4562,0.9666,0.9790,0.0334,0.0210
292,3.0703,27.4528,0.9738,0.9784,0.0262,0.0216
293,3.0520,27.4526,0.9640,0.9804,0.0360,0.0196
294,3.0597,27.4562,0.9640,0.9823,0.0360,0.0177
295,3.0570,27.4583,0.9627,0.9823,0.0373,0.0177
296,3.0443,27.4550,0.9646,0.9823,0.0354,0.0177
297,3.0682,27.4569,0.9699,0.9810,0.0301,0.0190
298,3.0516,27.4600,0.9673,0.9784,0.0327,0.0216
299,3.0548,27.4595,0.9614,0.9784,0.0386,0.0216
300,3.0520,27.4558,0.9640,0.9797,0.0360,0.0203
301,3.0519,27.4584,0.9673,0.9817,0.0327,0.0183
302,3.0524,27.4566,0.9568,0.9817,0.0432,0.0183
303,3.0565,27.4538,0.9686,0.9817,0.0314,0.0183
304,3.0572,27.4526,0.9666,0.9804,0.0334,0.0196
305,3.0528,27.4533,0.9646,0.9830,0.0354,0.0170
306,3.0572,27.4559,0.9699,0.9804,0.0301,0.0196
307,3.0570,27.4551,0.9705,0.9790,0.0295,0.0210
308,3.0642,27.4536,0.9686,0.9823,0.0314,0.0177
309,3.0668,27.4578,0.9718,0.9797,0.0282,0.0203
310,3.0555,27.4563,0.9673,0.9817,0.0327,0.0183
311,3.0699,27.4533,0.9673,0.9810,0.0327,0.0190
312,3.0543,27.4573,0.9666,0.9830,0.0334,0.0170
313,3.0474,27.4602,0.9640,0.9804,0.0360,0.0196
314,3.0568,27.4547,0.9705,0.9830,0.0295,0.0170
315,3.0654,27.4520,0.9673,0.9804,0.0327,0.0196
316,3.0541,27.4485,0.9627,0.9797,0.0373,0.0203
317,3.0656,27.4456,0.9692,0.9804,0.0308,0.0196
318,3.0646,27.4470,0.9627,0.9790,0.0373,0.0210
319,3.0626,27.4451,0.9679,0.9771,0.0321,0.0229
320,3.0536,27.4408,0.9666,0.9758,0.0334,0.0242
321,3.0592,27.4431,0.9601,0.9817,0.0399,0.0183
322,3.0520,27.4393,0.9607,0.9830,0.0393,0.0170
323,3.0520,27.4389,0.9666,0.9804,0.0334,0.0196
324,3.0623,27.4386,0.9705,0.9836,0.0295,0.0164
325,3.0604,27.4416,0.9627,0.9836,0.0373,0.0164
326,3.0495,27.4423,0.9607,0.9790,0.0393,0.0210
327,3.0612,27.4410,0.9699,0.9784,0.0301,0.0216
328,3.0614,27.4443,0.9731,0.9784,0.0269,0.0216
329,3.0581,27.4439,0.9673,0.9843,0.0327,0.0157
330,3.0588,27.4392,0.9679,0.9797,0.0321,0.0203
331,3.0696,27.4359,0.9666,0.9849,0.0334,0.0151
332,3.0610,27.4377,0.9686,0.9817,0.0314,0.0183
333,3.0473,27.4382,0.9633,0.9810,0.0367,0.0190
334,3.0609,27.4364,0.9659,0.9810,0.0341,0.0190
335,3.0525,27.4370,0.9666,0.9810,0.0334,0.0190
336,3.0536,27.4370,0.9633,0.9810,0.0367,0.0190
337,3.0580,27.4411,0.9673,0.9797,0.0327,0.0203
338,3.0565,27.4408,0.9653,0.9817,0.0347,0.0183
339,3.0551,27.4413,0.9659,0.9771,0.0341,0.0229
340,3.0489,27.4409,0.9646,0.9810,0.0354,0.0190
341,3.0590,27.4394,0.9633,0.9810,0.0367,0.0190
342,3.0586,27.4409,0.9646,0.9817,0.0354,0.0183
343,3.0593,27.4412,0.9659,0.9804,0.0341,0.0196
344,3.0659,27.4435,0.9705,0.9777,0.0295,0.0223
345,3.0527,27.4431,0.9646,0.9830,0.0354,0.0170
346,3.0627,27.4409,0.9705,0.9784,0.0295,0.0216
347,3.0643,27.4396,0.9673,0.9797,0.0327,0.0203
348,3.0635,27.4371,0.9673,0.9804,0.0327,0.0196
349,3.0629,27.4384,0.9705,0.9810,0.0295,0.0190
350,3.0575,27.4364,0.9666,0.9804,0.0334,0.0196
351,3.0500,27.4363,0.9607,0.9810,0.0393,0.0190
352,3.0644,27.4351,0.9679,0.9810,0.0321,0.0190
353,3.0615,27.4352,0.9659,0.9830,0.0341,0.0170
354,3.0555,27.4295,0.9673,0.9790,0.0327,0.0210
355,3.0591,27.4307,0.9686,0.9804,0.0314,0.0196
356,3.0420,27.4310,0.9555,0.9804,0.0445,0.0196
357,3.0623,27.4328,0.9705,0.9810,0.0295,0.0190
358,3.0567,27.4316,0.9673,0.9810,0.0327,0.0190
359,3.0682,27.4305,0.9718,0.9817,0.0282,0.0183
360,3.0709,27.4302,0.9666,0.9784,0.0334,0.0216
361,3.0598,27.4297,0.9666,0.9817,0.0334,0.0183
362,3.0536,27.4253,0.9633,0.9797,0.0367,0.0203
363,3.0524,27.4267,0.9659,0.9804,0.0341,0.0196
364,3.0528,27.4215,0.9653,0.9817,0.0347,0.0183
365,3.0688,27.4205,0.9718,0.9830,0.0282,0.0170
366,3.0746,27.4188,0.9751,0.9830,0.0249,0.0170
367,3.0640,27.4186,0.9712,0.9817,0.0288,0.0183
368,3.0613,27.4192,0.9686,0.9784,0.0314,0.0216
369,3.0561,27.4197,0.9646,0.9810,0.0354,0.0190
370,3.0543,27.4161,0.9646,0.9810,0.0354,0.0190
371,3.0534,27.4156,0.9653,0.9797,0.0347,0.0203
372,3.0536,27.4168,0.9673,0.9817,0.0327,0.0183
373,3.0557,27.4172,0.9640,0.9817,0.0360,0.0183
374,3.0782,27.4175,0.9771,0.9817,0.0229,0.0183
375,3.0628,27.4183,0.9666,0.9790,0.0334,0.0210
376,3.0603,27.4194,0.9673,0.9836,0.0327,0.0164
377,3.0624,27.4202,0.9699,0.9810,0.0301,0.0190
378,3.0639,27.4206,0.9679,0.9823,0.0321,0.0177
379,3.0618,27.4180,0.9646,0.9836,0.0354,0.0164
380,3.0582,27.4180,0.9705,0.9830,0.0295,0.0170
381,3.0497,27.4193,0.9607,0.9817,0.0393,0.0183
382,3.0543,27.4183,0.9686,0.9849,0.0314,0.0151
383,3.0541,27.4183,0.9620,0.9804,0.0380,0.0196
384,3.0621,27.4191,0.9659,0.9823,0.0341,0.0177
385,3.0575,27.4194,0.9699,0.9777,0.0301,0.0223
386,3.0478,27.4197,0.9607,0.9836,0.0393,0.0164
387,3.0556,27.4212,0.9653,0.9810,0.0347,0.0190
388,3.0547,27.4209,0.9686,0.9804,0.0314,0.0196
389,3.0539,27.4201,0.9699,0.9823,0.0301,0.0177
390,3.0641,27.4211,0.9725,0.9797,0.0275,0.0203
391,3.0674,27.4232,0.9653,0.9817,0.0347,0.0183
392,3.0611,27.4223,0.9686,0.9804,0.0314,0.0196
393,3.0621,27.4222,0.9659,0.9817,0.0341,0.0183
394,3.0561,27.4222,0.9673,0.9823,0.0327,0.0177
395,3.0648,27.4218,0.9692,0.9790,0.0308,0.0210
396,3.0544,27.4212,0.9633,0.9823,0.0367,0.0177
397,3.0568,27.4203,0.9633,0.9804,0.0367,0.0196
398,3.0571,27.4189,0.9673,0.9817,0.0327,0.0183
399,3.0581,27.4190,0.9614,0.9797,0.0386,0.0203
400,3.0579,27.4191,0.9673,0.9777,0.0327,0.0223
401,3.0631,27.4190,0.9686,0.9804,0.0314,0.0196
402,3.0571,27.4191,0.9679,0.9823,0.0321,0.0177
403,3.0610,27.4179,0.9679,0.9797,0.0321,0.0203
404,3.0659,27.4168,0.9692,0.9817,0.0308,0.0183
405,3.0567,27.4156,0.9620,0.9817,0.0380,0.0183
406,3.0653,27.4155,0.9699,0.9804,0.0301,0.0196
407,3.0561,27.4137,0.9627,0.9823,0.0373,0.0177
408,3.0575,27.4144,0.9692,0.9804,0.0308,0.0196
409,3.0676,27.4140,0.9692,0.9804,0.0308,0.0196
410,3.0548,27.4139,0.9679,0.9830,0.0321,0.0170
411,3.0536,27.4123,0.9646,0.9817,0.0354,0.0183
412,3.0633,27.4120,0.9699,0.9797,0.0301,0.0203
413,3.0635,27.4131,0.9731,0.9790,0.0269,0.0210
414,3.0634,27.4133,0.9666,0.9836,0.0334,0.0164
415,3.0438,27.4125,0.9666,0.9810,0.0334,0.0190
416,3.0541,27.4127,0.9646,0.9817,0.0354,0.0183
417,3.0641,27.4133,0.9673,0.9810,0.0327,0.0190
418,3.0547,27.4131,0.9640,0.9830,0.0360,0.0170
419,3.0613,27.4120,0.9692,0.9817,0.0308,0.0183
420,3.0612,27.4121,0.9699,0.9790,0.0301,0.0210
421,3.0595,27.4110,0.9666,0.9823,0.0334,0.0177
422,3.0574,27.4109,0.9673,0.9804,0.0327,0.0196
423,3.0645,27.4107,0.9686,0.9836,0.0314,0.0164
424,3.0625,27.4100,0.9666,0.9823,0.0334,0.0177
425,3.0517,27.4102,0.9620,0.9810,0.0380,0.0190
426,3.0517,27.4106,0.9666,0.9817,0.0334,0.0183
427,3.0656,27.4107,0.9653,0.9804,0.0347,0.0196
428,3.0616,27.4102,0.9673,0.9823,0.0327,0.0177
429,3.0656,27.4099,0.9679,0.9830,0.0321,0.0170
430,3.0684,27.4093,0.9659,0.9810,0.0341,0.0190
431,3.0660,27.4091,0.9699,0.9817,0.0301,0.0183
432,3.0785,27.4086,0.9764,0.9849,0.0236,0.0151
433,3.0603,27.4080,0.9673,0.9843,0.0327,0.0157
434,3.0614,27.4087,0.9666,0.9817,0.0334,0.0183
435,3.0550,27.4082,0.9686,0.9830,0.0314,0.0170
436,3.0594,27.4087,0.9679,0.9804,0.0321,0.0196
437,3.0621,27.4083,0.9666,0.9836,0.0334,0.0164
438,3.0398,27.4079,0.9640,0.9810,0.0360,0.0190
439,3.0523,27.4074,0.9673,0.9823,0.0327,0.0177
440,3.0535,27.4069,0.9620,0.9836,0.0380,0.0164
441,3.0578,27.4065,0.9646,0.9790,0.0354,0.0210
442,3.0568,27.4070,0.9620,0.9790,0.0380,0.0210
443,3.0543,27.4065,0.9646,0.9810,0.0354,0.0190
444,3.0501,27.4064,0.9666,0.9823,0.0334,0.0177
445,3.0581,27.4060,0.9705,0.9777,0.0295,0.0223
446,3.0606,27.4060,0.9666,0.9804,0.0334,0.0196
447,3.0731,27.4059,0.9692,0.9823,0.0308,0.0177
448,3.0667,27.4060,0.9601,0.9771,0.0399,0.0229
449,3.0498,27.4061,0.9640,0.9823,0.0360,0.0177
450,3.0529,27.4058,0.9666,0.9804,0.0334,0.0196
451,3.0722,27.4060,0.9692,0.9817,0.0308,0.0183
452,3.0720,27.4059,0.9705,0.9810,0.0295,0.0190
453,3.0655,27.4060,0.9699,0.9830,0.0301,0.0170
454,3.0563,27.4057,0.9699,0.9830,0.0301,0.0170
455,3.0575,27.4052,0.9646,0.9836,0.0354,0.0164
456,3.0654,27.4054,0.9725,0.9797,0.0275,0.0203
457,3.0706,27.4050,0.9699,0.9836,0.0301,0.0164
458,3.0670,27.4045,0.9705,0.9810,0.0295,0.0190
459,3.0655,27.4042,0.9646,0.9830,0.0354,0.0170
460,3.0639,27.4039,0.9692,0.9823,0.0308,0.0177
461,3.0651,27.4035,0.9640,0.9810,0.0360,0.0190
462,3.0485,27.4030,0.9620,0.9817,0.0380,0.0183
463,3.0507,27.4034,0.9646,0.9830,0.0354,0.0170
464,3.0538,27.4041,0.9679,0.9804,0.0321,0.0196
465,3.0497,27.4045,0.9627,0.9797,0.0373,0.0203
466,3.0541,27.4051,0.9633,0.9804,0.0367,0.0196
467,3.0630,27.4056,0.9679,0.9804,0.0321,0.0196
468,3.0591,27.4057,0.9692,0.9804,0.0308,0.0196
469,3.0499,27.4055,0.9607,0.9810,0.0393,0.0190
470,3.0671,27.4058,0.9705,0.9790,0.0295,0.0210
471,3.0451,27.4053,0.9587,0.9810,0.0413,0.0190
472,3.0602,27.4051,0.9659,0.9823,0.0341,0.0177
473,3.0592,27.4051,0.9673,0.9817,0.0327,0.0183
474,3.0628,27.4053,0.9686,0.9830,0.0314,0.0170
475,3.0587,27.4053,0.9620,0.9790,0.0380,0.0210
476,3.0496,27.4051,0.9614,0.9830,0.0386,0.0170
477,3.0637,27.4052,0.9686,0.9823,0.0314,0.0177
478,3.0597,27.4046,0.9699,0.9810,0.0301,0.0190
479,3.0494,27.4047,0.9627,0.9790,0.0373,0.0210
480,3.0626,27.4049,0.9653,0.9823,0.0347,0.0177
481,3.0687,27.4050,0.9692,0.9797,0.0308,0.0203
482,3.0489,27.4054,0.9627,0.9817,0.0373,0.0183
483,3.0585,27.4053,0.9614,0.9777,0.0386,0.0223
484,3.0608,27.4056,0.9646,0.9817,0.0354,0.0183
485,3.0559,27.4058,0.9640,0.9771,0.0360,0.0229
486,3.0518,27.4057,0.9646,0.9784,0.0354,0.0216
487,3.0558,27.4060,0.9614,0.9823,0.0386,0.0177
488,3.0591,27.4056,0.9673,0.9843,0.0327,0.0157
489,3.0607,27.4053,0.9653,0.9804,0.0347,0.0196
490,3.0547,27.4050,0.9659,0.9797,0.0341,0.0203
491,3.0629,27.4054,0.9699,0.9817,0.0301,0.0183
492,3.0642,27.4052,0.9659,0.9797,0.0341,0.0203
493,3.0601,27.4053,0.9666,0.9797,0.0334,0.0203
494,3.0528,27.4056,0.9646,0.9817,0.0354,0.0183
495,3.0657,27.4056,0.9666,0.9804,0.0334,0.0196
496,3.0580,27.4052,0.9633,0.9790,0.0367,0.0210
497,3.0603,27.4053,0.9640,0.9797,0.0360,0.0203
498,3.0560,27.4051,0.9640,0.9804,0.0360,0.0196
499,3.0599,27.4053,0.9673,0.9790,0.0327,0.0210
500,3.0640,27.4056,0.9686,0.9817,0.0314,0.0183
501,3.0655,27.4059,0.9686,0.9771,0.0314,0.0229
502,3.0394,27.4059,0.9614,0.9804,0.0386,0.0196
503,3.0617,27.4059,0.9686,0.9823,0.0314,0.0177
504,3.0649,27.4059,0.9692,0.9810,0.0308,0.0190
505,3.0639,27.4063,0.9614,0.9804,0.0386,0.0196
506,3.0466,27.4061,0.9659,0.9810,0.0341,0.0190
507,3.0596,27.4060,0.9653,0.9830,0.0347,0.0170
508,3.0626,27.4057,0.9692,0.9817,0.0308,0.0183
509,3.0675,27.4055,0.9666,0.9790,0.0334,0.0210
510,3.0592,27.4056,0.9673,0.9790,0.0327,0.0210
511,3.0634,27.4055,0.9686,0.9797,0.0314,0.0203
512,3.0586,27.4056,0.9673,0.9836,0.0327,0.0164
513,3.0654,27.4054,0.9686,0.9784,0.0314,0.0216
514,3.0652,27.4055,0.9686,0.9790,0.0314,0.0210
515,3.0459,27.4053,0.9581,0.9810,0.0419,0.0190
516,3.0692,27.4053,0.9745,0.9804,0.0255,0.0196
517,3.0622,27.4049,0.9679,0.9790,0.0321,0.0210
518,3.0647,27.4048,0.9673,0.9790,0.0327,0.0210
519,3.0644,27.4044,0.9673,0.9823,0.0327,0.0177
520,3.0550,27.4040,0.9653,0.9790,0.0347,0.0210
521,3.0654,27.4039,0.9686,0.9823,0.0314,0.0177
522,3.0586,27.4038,0.9666,0.9790,0.0334,0.0210
523,3.0562,27.4035,0.9614,0.9790,0.0386,0.0210
524,3.0520,27.4035,0.9686,0.9836,0.0314,0.0164
525,3.0603,27.4034,0.9686,0.9817,0.0314,0.0183
526,3.0474,27.4037,0.9686,0.9823,0.0314,0.0177
527,3.0569,27.4040,0.9640,0.9836,0.0360,0.0164
528,3.0619,27.4039,0.9679,0.9856,0.0321,0.0144
529,3.0620,27.4038,0.9666,0.9810,0.0334,0.0190
530,3.0631,27.4038,0.9659,0.9797,0.0341,0.0203
531,3.0534,27.4038,0.9679,0.9797,0.0321,0.0203
532,3.0538,27.4038,0.9640,0.9823,0.0360,0.0177
533,3.0604,27.4037,0.9692,0.9817,0.0308,0.0183
534,3.0435,27.4037,0.9659,0.9830,0.0341,0.0170
535,3.0551,27.4037,0.9627,0.9810,0.0373,0.0190
536,3.0590,27.4036,0.9653,0.9830,0.0347,0.0170
537,3.0619,27.4038,0.9699,0.9790,0.0301,0.0210
538,3.0657,27.4038,0.9653,0.9804,0.0347,0.0196
539,3.0655,27.4039,0.9679,0.9823,0.0321,0.0177
540,3.0596,27.4039,0.9607,0.9817,0.0393,0.0183
541,3.0592,27.4038,0.9679,0.9830,0.0321,0.0170
542,3.0520,27.4040,0.9640,0.9810,0.0360,0.0190
543,3.0644,27.4042,0.9659,0.9804,0.0341,0.0196
544,3.0675,27.4044,0.9725,0.9817,0.0275,0.0183
545,3.0728,27.4046,0.9666,0.9810,0.0334,0.0190
546,3.0652,27.4045,0.9731,0.9823,0.0269,0.0177
547,3.0535,27.4044,0.9646,0.9836,0.0354,0.0164
548,3.0642,27.4045,0.9627,0.9823,0.0373,0.0177
549,3.0666,27.4043,0.9692,0.9830,0.0308,0.0170
550,3.0776,27.4042,0.9745,0.9817,0.0255,0.0183
551,3.0536,27.4043,0.9620,0.9810,0.0380,0.0190
552,3.0703,27.4045,0.9745,0.9810,0.0255,0.0190
553,3.0699,27.4046,0.9692,0.9810,0.0308,0.0190
554,3.0577,27.4045,0.9673,0.9790,0.0327,0.0210
555,3.0593,27.4044,0.9659,0.9804,0.0341,0.0196
556,3.0587,27.4042,0.9692,0.9784,0.0308,0.0216
557,3.0621,27.4043,0.9699,0.9784,0.0301,0.0216
558,3.0655,27.4042,0.9718,0.9817,0.0282,0.0183
559,3.0441,27.4041,0.9587,0.9817,0.0413,0.0183
560,3.0576,27.4041,0.9627,0.9797,0.0373,0.0203
561,3.0482,27.4040,0.9692,0.9804,0.0308,0.0196
562,3.0638,27.4040,0.9718,0.9817,0.0282,0.0183
563,3.0638,27.4040,0.9686,0.9823,0.0314,0.0177
564,3.0638,27.4039,0.9692,0.9810,0.0308,0.0190
565,3.0484,27.4039,0.9640,0.9810,0.0360,0.0190
566,3.0621,27.4038,0.9614,0.9830,0.0386,0.0170
567,3.0540,27.4037,0.9620,0.9797,0.0380,0.0203
568,3.0595,27.4037,0.9699,0.9830,0.0301,0.0170
569,3.0602,27.4037,0.9692,0.9804,0.0308,0.0196
570,3.0619,27.4037,0.9692,0.9790,0.0308,0.0210
571,3.0643,27.4037,0.9699,0.9836,0.0301,0.0164
572,3.0650,27.4037,0.9646,0.9804,0.0354,0.0196
573,3.0528,27.4036,0.9620,0.9810,0.0380,0.0190
574,3.0481,27.4035,0.9666,0.9804,0.0334,0.0196
575,3.0643,27.4036,0.9679,0.9810,0.0321,0.0190
576,3.0549,27.4035,0.9620,0.9817,0.0380,0.0183
577,3.0549,27.4035,0.9673,0.9810,0.0327,0.0190
578,3.0568,27.4035,0.9692,0.9797,0.0308,0.0203
579,3.0600,27.4035,0.9653,0.9804,0.0347,0.0196
580,3.0581,27.4036,0.9653,0.9810,0.0347,0.0190
581,3.0498,27.4035,0.9614,0.9797,0.0386,0.0203
582,3.0651,27.4034,0.9686,0.9823,0.0314,0.0177
583,3.0610,27.4035,0.9673,0.9797,0.0327,0.0203
584,3.0623,27.4035,0.9666,0.9836,0.0334,0.0164
585,3.0584,27.4034,0.9686,0.9810,0.0314,0.0190
586,3.0415,27.4035,0.9607,0.9804,0.0393,0.0196
587,3.0580,27.4035,0.9633,0.9830,0.0367,0.0170
588,3.0588,27.4034,0.9633,0.9771,0.0367,0.0229
589,3.0668,27.4035,0.9718,0.9810,0.0282,0.0190
590,3.0548,27.4036,0.9653,0.9797,0.0347,0.0203
591,3.0703,27.4036,0.9692,0.9810,0.0308,0.0190
592,3.0596,27.4036,0.9712,0.9836,0.0288,0.0164
593,3.0643,27.4037,0.9725,0.9823,0.0275,0.0177
594,3.0574,27.4036,0.9673,0.9810,0.0327,0.0190
595,3.0512,27.4036,0.9627,0.9817,0.0373,0.0183
596,3.0521,27.4036,0.9659,0.9830,0.0341,0.0170
597,3.0675,27.4037,0.9659,0.9810,0.0341,0.0190
598,3.0603,27.4037,0.9679,0.9810,0.0321,0.0190
599,3.0622,27.4037,0.9653,0.9830,0.0347,0.0170
600,3.0599,27.4037,0.9646,0.9823,0.0354,0.0177
601,3.0646,27.4038,0.9705,0.9804,0.0295,0.0196
602,3.0688,27.4038,0.9699,0.9823,0.0301,0.0177
603,3.0590,27.4038,0.9653,0.9797,0.0347,0.0203
604,3.0639,27.4037,0.9653,0.9797,0.0347,0.0203
605,3.0478,27.4037,0.9633,0.9804,0.0367,0.0196
606,3.0644,27.4037,0.9705,0.9797,0.0295,0.0203
607,3.0689,27.4037,0.9659,0.9790,0.0341,0.0210
608,3.0654,27.4036,0.9731,0.9804,0.0269,0.0196
609,3.0553,27.4036,0.9633,0.9823,0.0367,0.0177
610,3.0533,27.4037,0.9627,0.9817,0.0373,0.0183
611,3.0558,27.4037,0.9692,0.9797,0.0308,0.0203
612,3.0466,27.4037,0.9640,0.9797,0.0360,0.0203
613,3.0540,27.4037,0.9646,0.9784,0.0354,0.0216
614,3.0694,27.4037,0.9692,0.9849,0.0308,0.0151
615,3.0635,27.4037,0.9679,0.9817,0.0321,0.0183
616,3.0609,27.4037,0.9679,0.9823,0.0321,0.0177
617,3.0494,27.4036,0.9646,0.9817,0.0354,0.0183
618,3.0537,27.4037,0.9666,0.9797,0.0334,0.0203
619,3.0601,27.4037,0.9686,0.9797,0.0314,0.0203
620,3.0561,27.4036,0.9653,0.9797,0.0347,0.0203
621,3.0492,27.4036,0.9614,0.9836,0.0386,0.0164
622,3.0603,27.4036,0.9673,0.9843,0.0327,0.0157
623,3.0752,27.4037,0.9731,0.9797,0.0269,0.0203
624,3.0661,27.4037,0.9692,0.9784,0.0308,0.0216
625,3.0647,27.4037,0.9705,0.9810,0.0295,0.0190
626,3.0598,27.4037,0.9646,0.9810,0.0354,0.0190
627,3.0564,27.4037,0.9607,0.9804,0.0393,0.0196
628,3.0539,27.4038,0.9640,0.9797,0.0360,0.0203
629,3.0654,27.4038,0.9692,0.9830,0.0308,0.0170
630,3.0500,27.4038,0.9653,0.9804,0.0347,0.0196
631,3.0653,27.4038,0.9692,0.9797,0.0308,0.0203
632,3.0643,27.4037,0.9692,0.9856,0.0308,0.0144
633,3.0631,27.4037,0.9653,0.9810,0.0347,0.0190
634,3.0548,27.4038,0.9614,0.9830,0.0386,0.0170
635,3.0663,27.4037,0.9705,0.9830,0.0295,0.0170
636,3.0661,27.4038,0.9673,0.9810,0.0327,0.0190
637,3.0645,27.4038,0.9699,0.9817,0.0301,0.0183
638,3.0691,27.4038,0.9725,0.9797,0.0275,0.0203
639,3.0600,27.4038,0.9673,0.9784,0.0327,0.0216
640,3.0619,27.4038,0.9699,0.9790,0.0301,0.0210
641,3.0570,27.4038,0.9640,0.9804,0.0360,0.0196
642,3.0437,27.4038,0.9646,0.9804,0.0354,0.0196
643,3.0644,27.4038,0.9633,0.9810,0.0367,0.0190
644,3.0581,27.4038,0.9686,0.9810,0.0314,0.0190
645,3.0576,27.4038,0.9653,0.9790,0.0347,0.0210
646,3.0591,27.4038,0.9659,0.9823,0.0341,0.0177
647,3.0593,27.4038,0.9679,0.9784,0.0321,0.0216
648,3.0643,27.4038,0.9646,0.9797,0.0354,0.0203
649,3.0617,27.4038,0.9738,0.9777,0.0262,0.0223
650,3.0605,27.4038,0.9673,0.9823,0.0327,0.0177
651,3.0667,27.4038,0.9686,0.9777,0.0314,0.0223
652,3.0618,27.4038,0.9679,0.9797,0.0321,0.0203
653,3.0690,27.4038,0.9705,0.9823,0.0295,0.0177
654,3.0604,27.4038,0.9673,0.9817,0.0327,0.0183
655,3.0610,27.4038,0.9620,0.9810,0.0380,0.0190
656,3.0611,27.4038,0.9627,0.9810,0.0373,0.0190
657,3.0664,27.4037,0.9764,0.9810,0.0236,0.0190
658,3.0581,27.4037,0.9607,0.9810,0.0393,0.0190
659,3.0606,27.4038,0.9679,0.9810,0.0321,0.0190
660,3.0576,27.4037,0.9666,0.9810,0.0334,0.0190
661,3.0697,27.4038,0.9686,0.9817,0.0314,0.0183
662,3.0608,27.4038,0.9633,0.9810,0.0367,0.0190
663,3.0635,27.4038,0.9699,0.9804,0.0301,0.0196
664,3.0674,27.4038,0.9640,0.9804,0.0360,0.0196
665,3.0621,27.4038,0.9673,0.9790,0.0327,0.0210
666,3.0655,27.4038,0.9731,0.9810,0.0269,0.0190
667,3.0565,27.4038,0.9633,0.9804,0.0367,0.0196
668,3.0687,27.4038,0.9712,0.9804,0.0288,0.0196
669,3.0627,27.4038,0.9725,0.9810,0.0275,0.0190
670,3.0552,27.4038,0.9666,0.9790,0.0334,0.0210
671,3.0586,27.4038,0.9627,0.9830,0.0373,0.0170
672,3.0633,27.4038,0.9673,0.9797,0.0327,0.0203
673,3.0555,27.4038,0.9692,0.9797,0.0308,0.0203
674,3.0663,27.4038,0.9653,0.9823,0.0347,0.0177
675,3.0619,27.4038,0.9745,0.9804,0.0255,0.0196
676,3.0492,27.4038,0.9620,0.9830,0.0380,0.0170
677,3.0604,27.4038,0.9646,0.9836,0.0354,0.0164
678,3.0524,27.4038,0.9614,0.9777,0.0386,0.0223
679,3.0625,27.4038,0.9659,0.9790,0.0341,0.0210
680,3.0603,27.4038,0.9646,0.9777,0.0354,0.0223
681,3.0559,27.4038,0.9633,0.9823,0.0367,0.0177
682,3.0547,27.4038,0.9659,0.9823,0.0341,0.0177
683,3.0771,27.4038,0.9745,0.9804,0.0255,0.0196
684,3.0657,27.4038,0.9653,0.9797,0.0347,0.0203
685,3.0574,27.4038,0.9673,0.9830,0.0327,0.0170
686,3.0695,27.4038,0.9679,0.9810,0.0321,0.0190
687,3.0667,27.4038,0.9731,0.9830,0.0269,0.0170
688,3.0722,27.4038,0.9679,0.9810,0.0321,0.0190
689,3.0656,27.4038,0.9666,0.9804,0.0334,0.0196
690,3.0582,27.4038,0.9712,0.9817,0.0288,0.0183
691,3.0598,27.4038,0.9620,0.9817,0.0380,0.0183
692,3.0552,27.4038,0.9640,0.9810,0.0360,0.0190
693,3.0725,27.4038,0.9686,0.9790,0.0314,0.0210
694,3.0629,27.4038,0.9673,0.9830,0.0327,0.0170
695,3.0642,27.4038,0.9738,0.9804,0.0262,0.0196
696,3.0595,27.4038,0.9666,0.9804,0.0334,0.0196
697,3.0641,27.4038,0.9627,0.9797,0.0373,0.0203
698,3.0672,27.4038,0.9692,0.9810,0.0308,0.0190
699,3.0582,27.4038,0.9653,0.9804,0.0347,0.0196
700,3.0557,27.4038,0.9673,0.9790,0.0327,0.0210
701,3.0576,27.4038,0.9640,0.9817,0.0360,0.0183
702,3.0631,27.4038,0.9725,0.9817,0.0275,0.0183
703,3.0568,27.4038,0.9653,0.9804,0.0347,0.0196
704,3.0599,27.4038,0.9686,0.9810,0.0314,0.0190
705,3.0644,27.4038,0.9679,0.9830,0.0321,0.0170
706,3.0589,27.4038,0.9673,0.9843,0.0327,0.0157
707,3.0772,27.4038,0.9777,0.9810,0.0223,0.0190
708,3.0659,27.4038,0.9679,0.9830,0.0321,0.0170
709,3.0628,27.4038,0.9659,0.9823,0.0341,0.0177
710,3.0483,27.4038,0.9633,0.9810,0.0367,0.0190
711,3.0589,27.4038,0.9659,0.9823,0.0341,0.0177
712,3.0638,27.4038,0.9686,0.9810,0.0314,0.0190
713,3.0597,27.4038,0.9659,0.9830,0.0341,0.0170
714,3.0606,27.4038,0.9627,0.9817,0.0373,0.0183
715,3.0586,27.4038,0.9659,0.9810,0.0341,0.0190
716,3.0582,27.4038,0.9646,0.9804,0.0354,0.0196
717,3.0552,27.4039,0.9659,0.9830,0.0341,0.0170
718,3.0587,27.4039,0.9601,0.9797,0.0399,0.0203
719,3.0743,27.4039,0.9764,0.9771,0.0236,0.0229
720,3.0525,27.4039,0.9607,0.9836,0.0393,0.0164
721,3.0713,27.4038,0.9738,0.9797,0.0262,0.0203
722,3.0526,27.4038,0.9601,0.9797,0.0399,0.0203
723,3.0654,27.4038,0.9659,0.9804,0.0341,0.0196
724,3.0643,27.4038,0.9673,0.9797,0.0327,0.0203
725,3.0683,27.4039,0.9725,0.9843,0.0275,0.0157
726,3.0588,27.4039,0.9607,0.9810,0.0393,0.0190
727,3.0618,27.4038,0.9686,0.9810,0.0314,0.0190
728,3.0673,27.4039,0.9686,0.9804,0.0314,0.0196
729,3.0618,27.4039,0.9640,0.9836,0.0360,0.0164
730,3.0600,27.4039,0.9627,0.9810,0.0373,0.0190
731,3.0579,27.4038,0.9653,0.9823,0.0347,0.0177
732,3.0456,27.4039,0.9607,0.9810,0.0393,0.0190
733,3.0696,27.4039,0.9699,0.9823,0.0301,0.0177
734,3.0650,27.4038,0.9653,0.9830,0.0347,0.0170
735,3.0531,27.4038,0.9640,0.9817,0.0360,0.0183
736,3.0594,27.4038,0.9659,0.9790,0.0341,0.0210
737,3.0700,27.4039,0.9699,0.9823,0.0301,0.0177
738,3.0480,27.4038,0.9633,0.9817,0.0367,0.0183
739,3.0520,27.4039,0.9653,0.9836,0.0347,0.0164
740,3.0586,27.4039,0.9673,0.9810,0.0327,0.0190
741,3.0708,27.4038,0.9692,0.9830,0.0308,0.0170
742,3.0673,27.4039,0.9705,0.9817,0.0295,0.0183
743,3.0650,27.4039,0.9699,0.9810,0.0301,0.0190
744,3.0667,27.4039,0.9699,0.9830,0.0301,0.0170
745,3.0603,27.4038,0.9646,0.9777,0.0354,0.0223
746,3.0539,27.4039,0.9646,0.9810,0.0354,0.0190
747,3.0586,27.4038,0.9640,0.9817,0.0360,0.0183
748,3.0656,27.4038,0.9686,0.9856,0.0314,0.0144
749,3.0599,27.4039,0.9686,0.9784,0.0314,0.0216
750,3.0719,27.4039,0.9764,0.9836,0.0236,0.0164
751,3.0560,27.4038,0.9679,0.9810,0.0321,0.0190
752,3.0713,27.4039,0.9718,0.9817,0.0282,0.0183
753,3.0684,27.4039,0.9640,0.9830,0.0360,0.0170
754,3.0607,27.4039,0.9712,0.9810,0.0288,0.0190
755,3.0621,27.4038,0.9699,0.9804,0.0301,0.0196
756,3.0614,27.4038,0.9738,0.9830,0.0262,0.0170
757,3.0552,27.4039,0.9646,0.9810,0.0354,0.0190
758,3.0478,27.4038,0.9627,0.9790,0.0373,0.0210
759,3.0711,27.4039,0.9738,0.9804,0.0262,0.0196
760,3.0720,27.4038,0.9712,0.9823,0.0288,0.0177
761,3.0517,27.4038,0.9666,0.9830,0.0334,0.0170
762,3.0484,27.4039,0.9594,0.9810,0.0406,0.0190
763,3.0595,27.4039,0.9666,0.9810,0.0334,0.0190
764,3.0625,27.4039,0.9679,0.9823,0.0321,0.0177
765,3.0692,27.4039,0.9627,0.9817,0.0373,0.0183
766,3.0642,27.4039,0.9705,0.9797,0.0295,0.0203
767,3.0494,27.4038,0.9646,0.9817,0.0354,0.0183
768,3.0592,27.4039,0.9666,0.9810,0.0334,0.0190
769,3.0442,27.4039,0.9607,0.9790,0.0393,0.0210
770,3.0600,27.4039,0.9653,0.9843,0.0347,0.0157
771,3.0628,27.4039,0.9614,0.9797,0.0386,0.0203
772,3.0615,27.4039,0.9686,0.9797,0.0314,0.0203
773,3.0601,27.4039,0.9659,0.9764,0.0341,0.0236
774,3.0693,27.4039,0.9699,0.9830,0.0301,0.0170
775,3.0515,27.4039,0.9659,0.9790,0.0341,0.0210
776,3.0606,27.4039,0.9699,0.9830,0.0301,0.0170
777,3.0615,27.4039,0.9666,0.9784,0.0334,0.0216
778,3.0623,27.4039,0.9699,0.9823,0.0301,0.0177
779,3.0643,27.4039,0.9745,0.9843,0.0255,0.0157
780,3.0611,27.4039,0.9673,0.9830,0.0327,0.0170
781,3.0649,27.4039,0.9679,0.9830,0.0321,0.0170
782,3.0644,27.4039,0.9705,0.9817,0.0295,0.0183
783,3.0556,27.4039,0.9646,0.9790,0.0354,0.0210
784,3.0571,27.4039,0.9666,0.9797,0.0334,0.0203
785,3.0584,27.4039,0.9646,0.9830,0.0354,0.0170
786,3.0603,27.4039,0.9673,0.9804,0.0327,0.0196
787,3.0603,27.4039,0.9659,0.9836,0.0341,0.0164
788,3.0731,27.4039,0.9705,0.9797,0.0295,0.0203
789,3.0630,27.4039,0.9686,0.9817,0.0314,0.0183
790,3.0566,27.4039,0.9653,0.9790,0.0347,0.0210
791,3.0535,27.4039,0.9666,0.9804,0.0334,0.0196
792,3.0546,27.4039,0.9627,0.9817,0.0373,0.0183
793,3.0578,27.4039,0.9640,0.9790,0.0360,0.0210
794,3.0510,27.4039,0.9659,0.9823,0.0341,0.0177
795,3.0531,27.4039,0.9692,0.9810,0.0308,0.0190
796,3.0613,27.4038,0.9653,0.9836,0.0347,0.0164
797,3.0515,27.4039,0.9653,0.9810,0.0347,0.0190
798,3.0619,27.4039,0.9731,0.9790,0.0269,0.0210
799,3.0566,27.4039,0.9705,0.9810,0.0295,0.0190
800,3.0618,27.4039,0.9692,0.9797,0.0308,0.0203
801,3.0626,27.4039,0.9699,0.9830,0.0301,0.0170
802,3.0583,27.4039,0.9692,0.9804,0.0308,0.0196
803,3.0539,27.4039,0.9666,0.9830,0.0334,0.0170
804,3.0615,27.4039,0.9627,0.9790,0.0373,0.0210
805,3.0613,27.4039,0.9692,0.9804,0.0308,0.0196
806,3.0666,27.4039,0.9692,0.9790,0.0308,0.0210
807,3.0569,27.4039,0.9659,0.9836,0.0341,0.0164
808,3.0569,27.4039,0.9614,0.9810,0.0386,0.0190
809,3.0500,27.4039,0.9659,0.9797,0.0341,0.0203
810,3.0531,27.4039,0.9640,0.9817,0.0360,0.0183
811,3.0504,27.4038,0.9620,0.9849,0.0380,0.0151
812,3.0611,27.4039,0.9673,0.9843,0.0327,0.0157
813,3.0570,27.4039,0.9653,0.9810,0.0347,0.0190
814,3.0547,27.4039,0.9633,0.9790,0.0367,0.0210
815,3.0572,27.4039,0.9666,0.9804,0.0334,0.0196
816,3.0597,27.4039,0.9699,0.9830,0.0301,0.0170
817,3.0629,27.4039,0.9659,0.9797,0.0341,0.0203
818,3.0673,27.4039,0.9659,0.9823,0.0341,0.0177
819,3.0665,27.4039,0.9712,0.9804,0.0288,0.0196
820,3.0464,27.4039,0.9640,0.9817,0.0360,0.0183
821,3.0651,27.4039,0.9686,0.9810,0.0314,0.0190
822,3.0625,27.4039,0.9686,0.9810,0.0314,0.0190
823,3.0683,27.4039,0.9679,0.9810,0.0321,0.0190
824,3.0639,27.4039,0.9699,0.9797,0.0301,0.0203
825,3.0676,27.4039,0.9686,0.9817,0.0314,0.0183
826,3.0592,27.4038,0.9614,0.9810,0.0386,0.0190
827,3.0513,27.4039,0.9659,0.9810,0.0341,0.0190
828,3.0640,27.4039,0.9666,0.9804,0.0334,0.0196
829,3.0651,27.4039,0.9751,0.9817,0.0249,0.0183
830,3.0606,27.4039,0.9679,0.9790,0.0321,0.0210
831,3.0755,27.4039,0.9686,0.9823,0.0314,0.0177
832,3.0646,27.4039,0.9666,0.9790,0.0334,0.0210
833,3.0745,27.4039,0.9751,0.9830,0.0249,0.0170
834,3.0513,27.4039,0.9659,0.9849,0.0341,0.0151
835,3.0621,27.4039,0.9653,0.9817,0.0347,0.0183
836,3.0714,27.4039,0.9686,0.9823,0.0314,0.0177
837,3.0553,27.4039,0.9705,0.9823,0.0295,0.0177
838,3.0652,27.4039,0.9725,0.9823,0.0275,0.0177
839,3.0564,27.4039,0.9640,0.9823,0.0360,0.0177
840,3.0613,27.4039,0.9666,0.9823,0.0334,0.0177
841,3.0641,27.4039,0.9699,0.9810,0.0301,0.0190
842,3.0520,27.4039,0.9666,0.9817,0.0334,0.0183
843,3.0478,27.4039,0.9574,0.9817,0.0426,0.0183
844,3.0653,27.4039,0.9666,0.9797,0.0334,0.0203
845,3.0570,27.4039,0.9692,0.9836,0.0308,0.0164
846,3.0554,27.4039,0.9640,0.9804,0.0360,0.0196
847,3.0642,27.4039,0.9692,0.9790,0.0308,0.0210
848,3.0737,27.4039,0.9692,0.9830,0.0308,0.0170
849,3.0585,27.4039,0.9640,0.9810,0.0360,0.0190
850,3.0574,27.4039,0.9640,0.9797,0.0360,0.0203
851,3.0634,27.4039,0.9712,0.9817,0.0288,0.0183
852,3.0478,27.4039,0.9574,0.9790,0.0426,0.0210
853,3.0582,27.4039,0.9692,0.9790,0.0308,0.0210
854,3.0654,27.4039,0.9692,0.9804,0.0308,0.0196
855,3.0584,27.4039,0.9659,0.9810,0.0341,0.0190
856,3.0568,27.4039,0.9673,0.9790,0.0327,0.0210
857,3.0551,27.4039,0.9712,0.9823,0.0288,0.0177
858,3.0630,27.4039,0.9646,0.9817,0.0354,0.0183
859,3.0639,27.4039,0.9653,0.9810,0.0347,0.0190
860,3.0681,27.4039,0.9718,0.9817,0.0282,0.0183
861,3.0623,27.4039,0.9666,0.9804,0.0334,0.0196
862,3.0609,27.4039,0.9620,0.9790,0.0380,0.0210
863,3.0544,27.4039,0.9620,0.9764,0.0380,0.0236
864,3.0613,27.4039,0.9659,0.9810,0.0341,0.0190
865,3.0594,27.4039,0.9614,0.9804,0.0386,0.0196
866,3.0632,27.4039,0.9640,0.9797,0.0360,0.0203
867,3.0587,27.4039,0.9718,0.9817,0.0282,0.0183
868,3.0576,27.4039,0.9614,0.9777,0.0386,0.0223
869,3.0599,27.4039,0.9699,0.9797,0.0301,0.0203
870,3.0683,27.4038,0.9692,0.9790,0.0308,0.0210
871,3.0512,27.4039,0.9640,0.9804,0.0360,0.0196
872,3.0658,27.4039,0.9692,0.9823,0.0308,0.0177
873,3.0568,27.4039,0.9692,0.9804,0.0308,0.0196
874,3.0659,27.4039,0.9679,0.9823,0.0321,0.0177
875,3.0703,27.4039,0.9738,0.9777,0.0262,0.0223
876,3.0652,27.4039,0.9659,0.9797,0.0341,0.0203
877,3.0679,27.4039,0.9666,0.9810,0.0334,0.0190
878,3.0674,27.4039,0.9712,0.9817,0.0288,0.0183
879,3.0608,27.4039,0.9620,0.9817,0.0380,0.0183
880,3.0502,27.4039,0.9620,0.9810,0.0380,0.0190
881,3.0531,27.4039,0.9607,0.9817,0.0393,0.0183
882,3.0636,27.4039,0.9692,0.9823,0.0308,0.0177
883,3.0639,27.4039,0.9666,0.9823,0.0334,0.0177
884,3.0620,27.4039,0.9659,0.9823,0.0341,0.0177
885,3.0625,27.4039,0.9666,0.9810,0.0334,0.0190
886,3.0433,27.4039,0.9646,0.9784,0.0354,0.0216
887,3.0600,27.4039,0.9620,0.9810,0.0380,0.0190
888,3.0588,27.4039,0.9659,0.9817,0.0341,0.0183
889,3.0446,27.4039,0.9587,0.9804,0.0413,0.0196
890,3.0737,27.4039,0.9751,0.9823,0.0249,0.0177
891,3.0548,27.4039,0.9673,0.9810,0.0327,0.0190
892,3.0586,27.4039,0.9686,0.9797,0.0314,0.0203
893,3.0728,27.4039,0.9725,0.9810,0.0275,0.0190
894,3.0520,27.4039,0.9633,0.9777,0.0367,0.0223
895,3.0604,27.4039,0.9686,0.9804,0.0314,0.0196
896,3.0588,27.4039,0.9620,0.9810,0.0380,0.0190
897,3.0744,27.4039,0.9751,0.9810,0.0249,0.0190
898,3.0500,27.4039,0.9633,0.9836,0.0367,0.0164
899,3.0541,27.4039,0.9640,0.9804,0.0360,0.0196
900,3.0637,27.4039,0.9679,0.9804,0.0321,0.0196
901,3.0636,27.4039,0.9666,0.9790,0.0334,0.0210
902,3.0597,27.4039,0.9640,0.9810,0.0360,0.0190
903,3.0570,27.4039,0.9686,0.9804,0.0314,0.0196
904,3.0650,27.4039,0.9633,0.9797,0.0367,0.0203
905,3.0494,27.4039,0.9673,0.9817,0.0327,0.0183
906,3.0649,27.4039,0.9646,0.9849,0.0354,0.0151
907,3.0593,27.4039,0.9666,0.9804,0.0334,0.0196
908,3.0569,27.4039,0.9633,0.9836,0.0367,0.0164
909,3.0536,27.4039,0.9653,0.9823,0.0347,0.0177
910,3.0611,27.4039,0.9692,0.9797,0.0308,0.0203
911,3.0529,27.4039,0.9607,0.9810,0.0393,0.0190
912,3.0650,27.4039,0.9699,0.9823,0.0301,0.0177
913,3.0632,27.4039,0.9679,0.9804,0.0321,0.0196
914,3.0697,27.4039,0.9751,0.9804,0.0249,0.0196
915,3.0551,27.4039,0.9646,0.9817,0.0354,0.0183
916,3.0579,27.4039,0.9640,0.9790,0.0360,0.0210
917,3.0644,27.4039,0.9738,0.9804,0.0262,0.0196
918,3.0584,27.4039,0.9686,0.9823,0.0314,0.0177
919,3.0616,27.4038,0.9705,0.9810,0.0295,0.0190
920,3.0580,27.4039,0.9659,0.9810,0.0341,0.0190
921,3.0527,27.4039,0.9653,0.9810,0.0347,0.0190
922,3.0599,27.4039,0.9633,0.9790,0.0367,0.0210
923,3.0622,27.4039,0.9686,0.9823,0.0314,0.0177
924,3.0551,27.4039,0.9633,0.9823,0.0367,0.0177
925,3.0646,27.4039,0.9692,0.9843,0.0308,0.0157
926,3.0664,27.4039,0.9653,0.9810,0.0347,0.0190
927,3.0525,27.4039,0.9607,0.9836,0.0393,0.0164
928,3.0533,27.4039,0.9627,0.9817,0.0373,0.0183
929,3.0615,27.4039,0.9666,0.9790,0.0334,0.0210
930,3.0650,27.4039,0.9627,0.9817,0.0373,0.0183
931,3.0625,27.4039,0.9640,0.9777,0.0360,0.0223
932,3.0609,27.4039,0.9673,0.9817,0.0327,0.0183
933,3.0629,27.4039,0.9679,0.9790,0.0321,0.0210
934,3.0463,27.4039,0.9581,0.9797,0.0419,0.0203
935,3.0674,27.4039,0.9686,0.9817,0.0314,0.0183
936,3.0670,27.4039,0.9679,0.9817,0.0321,0.0183
937,3.0636,27.4039,0.9653,0.9830,0.0347,0.0170
938,3.0612,27.4039,0.9705,0.9797,0.0295,0.0203
939,3.0571,27.4039,0.9561,0.9797,0.0439,0.0203
940,3.0589,27.4039,0.9705,0.9777,0.0295,0.0223
941,3.0592,27.4039,0.9666,0.9777,0.0334,0.0223
942,3.0664,27.4039,0.9699,0.9784,0.0301,0.0216
943,3.0625,27.4039,0.9679,0.9830,0.0321,0.0170
944,3.0554,27.4039,0.9679,0.9804,0.0321,0.0196
945,3.0650,27.4039,0.9673,0.9823,0.0327,0.0177
946,3.0702,27.4039,0.9718,0.9810,0.0282,0.0190
947,3.0599,27.4039,0.9673,0.9810,0.0327,0.0190
948,3.0569,27.4039,0.9666,0.9797,0.0334,0.0203
949,3.0679,27.4039,0.9692,0.9797,0.0308,0.0203
950,3.0671,27.4039,0.9679,0.9823,0.0321,0.0177
951,3.0588,27.4039,0.9679,0.9817,0.0321,0.0183
952,3.0516,27.4039,0.9659,0.9817,0.0341,0.0183
953,3.0592,27.4039,0.9686,0.9771,0.0314,0.0229
954,3.0512,27.4039,0.9633,0.9790,0.0367,0.0210
955,3.0637,27.4039,0.9673,0.9804,0.0327,0.0196
956,3.0581,27.4039,0.9705,0.9804,0.0295,0.0196
957,3.0605,27.4039,0.9627,0.9804,0.0373,0.0196
958,3.0681,27.4039,0.9699,0.9810,0.0301,0.0190
959,3.0516,27.4039,0.9633,0.9830,0.0367,0.0170
960,3.0662,27.4039,0.9699,0.9830,0.0301,0.0170
961,3.0634,27.4039,0.9679,0.9810,0.0321,0.0190
962,3.0670,27.4039,0.9705,0.9823,0.0295,0.0177
963,3.0500,27.4039,0.9640,0.9804,0.0360,0.0196
964,3.0646,27.4039,0.9640,0.9817,0.0360,0.0183
965,3.0574,27.4039,0.9666,0.9790,0.0334,0.0210
966,3.0687,27.4039,0.9738,0.9790,0.0262,0.0210
967,3.0502,27.4039,0.9633,0.9790,0.0367,0.0210
968,3.0520,27.4039,0.9640,0.9771,0.0360,0.0229
969,3.0594,27.4039,0.9686,0.9817,0.0314,0.0183
970,3.0721,27.4039,0.9718,0.9823,0.0282,0.0177
971,3.0448,27.4039,0.9587,0.9830,0.0413,0.0170
972,3.0693,27.4039,0.9633,0.9830,0.0367,0.0170
973,3.0623,27.4039,0.9686,0.9810,0.0314,0.0190
974,3.0570,27.4039,0.9627,0.9810,0.0373,0.0190
975,3.0607,27.4039,0.9627,0.9830,0.0373,0.0170
976,3.0697,27.4039,0.9705,0.9817,0.0295,0.0183
977,3.0527,27.4039,0.9646,0.9790,0.0354,0.0210
978,3.0584,27.4039,0.9653,0.9804,0.0347,0.0196
979,3.0629,27.4039,0.9659,0.9823,0.0341,0.0177
980,3.0638,27.4039,0.9673,0.9817,0.0327,0.0183
981,3.0608,27.4039,0.9653,0.9764,0.0347,0.0236
982,3.0563,27.4039,0.9653,0.9810,0.0347,0.0190
983,3.0664,27.4039,0.9699,0.9804,0.0301,0.0196
984,3.0468,27.4039,0.9659,0.9823,0.0341,0.0177
985,3.0597,27.4039,0.9705,0.9810,0.0295,0.0190
986,3.0668,27.4039,0.9679,0.9830,0.0321,0.0170
987,3.0680,27.4039,0.9699,0.9804,0.0301,0.0196
988,3.0584,27.4039,0.9653,0.9784,0.0347,0.0216
989,3.0567,27.4039,0.9627,0.9804,0.0373,0.0196
990,3.0512,27.4039,0.9601,0.9771,0.0399,0.0229
991,3.0648,27.4039,0.9653,0.9810,0.0347,0.0190
992,3.0517,27.4039,0.9627,0.9797,0.0373,0.0203
993,3.0573,27.4039,0.9653,0.9797,0.0347,0.0203
994,3.0573,27.4038,0.9640,0.9810,0.0360,0.0190
995,3.0614,27.4039,0.9666,0.9817,0.0334,0.0183
996,3.0721,27.4039,0.9718,0.9804,0.0282,0.0196
997,3.0649,27.4039,0.9699,0.9790,0.0301,0.0210
998,3.0550,27.4039,0.9666,0.9810,0.0334,0.0190
999,3.0739,27.4039,0.9718,0.9804,0.0282,0.0196
