0,0.1931,103.2636,0.2778,0.2852,0.7222,0.7148,3.128821611404419
1,0.3203,103.3418,0.3407,0.3407,0.6593,0.6593,3.0016467571258545
2,0.4420,103.4124,0.4148,0.4148,0.5852,0.5852,2.8799479007720947
3,0.5658,103.5739,0.4704,0.4778,0.5296,0.5222,2.7561283111572266
4,0.6926,103.7532,0.5259,0.5296,0.4741,0.4704,2.6292881965637207
5,0.8222,104.0268,0.5741,0.5704,0.4259,0.4296,2.49971866607666
6,0.9557,104.3114,0.6074,0.6074,0.3926,0.3926,2.366244316101074
7,1.0863,104.6402,0.6222,0.6222,0.3778,0.3778,2.235640525817871
8,1.2179,105.0983,0.6444,0.6481,0.3556,0.3519,2.1040546894073486
9,1.3445,105.5646,0.6741,0.6704,0.3259,0.3296,1.9774233102798462
10,1.4692,106.1729,0.7185,0.7222,0.2815,0.2778,1.852728009223938
11,1.5871,106.7551,0.7630,0.7704,0.2370,0.2296,1.7347840070724487
12,1.6927,107.6945,0.7815,0.7852,0.2185,0.2148,1.6292368173599243
13,1.7863,108.4704,0.8037,0.8074,0.1963,0.1926,1.5356218814849854
14,1.8737,109.3536,0.8148,0.8185,0.1852,0.1815,1.4482468366622925
15,1.9483,110.1493,0.8259,0.8222,0.1741,0.1778,1.3736056089401245
16,2.0135,111.1139,0.8333,0.8370,0.1667,0.1630,1.3084681034088135
17,2.0736,111.9959,0.8370,0.8370,0.1630,0.1630,1.248297929763794
18,2.1296,112.9727,0.8370,0.8370,0.1630,0.1630,1.192372441291809
19,2.1800,113.9704,0.8407,0.8407,0.1593,0.1593,1.1419456005096436
20,2.2222,114.9783,0.8407,0.8481,0.1593,0.1519,1.0997751951217651
21,2.2612,115.9326,0.8481,0.8481,0.1519,0.1519,1.0607237815856934
22,2.2958,117.0611,0.8556,0.8519,0.1444,0.1481,1.0261495113372803
23,2.3269,118.1548,0.8519,0.8519,0.1481,0.1481,0.9950332045555115
24,2.3582,119.1679,0.8519,0.8481,0.1481,0.1519,0.963707447052002
25,2.3840,120.1593,0.8519,0.8519,0.1481,0.1481,0.9379588961601257
26,2.4063,121.0973,0.8519,0.8556,0.1481,0.1444,0.9156544804573059
27,2.4271,121.8960,0.8481,0.8519,0.1519,0.1481,0.8948530554771423
28,2.4485,122.9240,0.8556,0.8519,0.1444,0.1481,0.8734617829322815
29,2.4660,123.7810,0.8556,0.8556,0.1444,0.1444,0.8559010624885559
30,2.4852,124.7216,0.8593,0.8556,0.1407,0.1444,0.8366879224777222
31,2.5005,125.6343,0.8519,0.8519,0.1481,0.1481,0.8214608430862427
32,2.5132,126.6460,0.8630,0.8630,0.1370,0.1370,0.8087313175201416
33,2.5251,127.3643,0.8593,0.8593,0.1407,0.1407,0.796859860420227
34,2.5384,128.1279,0.8593,0.8593,0.1407,0.1407,0.7835550308227539
35,2.5510,129.0070,0.8593,0.8593,0.1407,0.1407,0.7709634900093079
36,2.5604,129.8781,0.8593,0.8593,0.1407,0.1407,0.7614781260490417
37,2.5701,130.7379,0.8556,0.8593,0.1444,0.1407,0.7517803311347961
38,2.5792,131.6090,0.8630,0.8593,0.1370,0.1407,0.7426956295967102
39,2.5896,132.2634,0.8556,0.8630,0.1444,0.1370,0.7323633432388306
40,2.5979,133.0255,0.8593,0.8630,0.1407,0.1370,0.7239850163459778
41,2.6059,133.8326,0.8704,0.8704,0.1296,0.1296,0.7160114645957947
42,2.6108,134.6067,0.8704,0.8667,0.1296,0.1333,0.7111674547195435
43,2.6199,135.2290,0.8667,0.8704,0.1333,0.1296,0.7020694613456726
44,2.6251,135.8945,0.8704,0.8704,0.1296,0.1296,0.6968551874160767
45,2.6293,136.5466,0.8704,0.8704,0.1296,0.1296,0.6925790309906006
46,2.6410,137.1789,0.8741,0.8741,0.1259,0.1259,0.6809597611427307
47,2.6396,137.8373,0.8704,0.8704,0.1296,0.1296,0.6822944283485413
48,2.6499,138.3527,0.8704,0.8741,0.1296,0.1259,0.6720072031021118
49,2.6515,138.9950,0.8741,0.8741,0.1259,0.1259,0.6704325079917908
50,2.6563,139.6255,0.8741,0.8741,0.1259,0.1259,0.6655818819999695
51,2.6576,140.1831,0.8741,0.8741,0.1259,0.1259,0.6643180847167969
52,2.6656,140.6550,0.8741,0.8741,0.1259,0.1259,0.6563259363174438
53,2.6693,141.1767,0.8741,0.8741,0.1259,0.1259,0.6526492834091187
54,2.6745,141.6502,0.8778,0.8741,0.1222,0.1259,0.6474630832672119
55,2.6773,142.1881,0.8778,0.8778,0.1222,0.1222,0.644597053527832
56,2.6827,142.7523,0.8778,0.8778,0.1222,0.1222,0.6391799449920654
57,2.6873,143.2205,0.8741,0.8741,0.1259,0.1259,0.6346070170402527
58,2.6866,143.7445,0.8778,0.8778,0.1222,0.1222,0.6353641748428345
59,2.6903,144.2649,0.8741,0.8778,0.1259,0.1222,0.6316518783569336
60,2.6922,144.8130,0.8778,0.8778,0.1222,0.1222,0.6296932101249695
61,2.6970,145.2934,0.8778,0.8778,0.1222,0.1222,0.624904453754425
62,2.6970,145.7762,0.8778,0.8778,0.1222,0.1222,0.6249082088470459
63,2.7033,146.1567,0.8778,0.8778,0.1222,0.1222,0.6186023354530334
64,2.7037,146.6244,0.8778,0.8778,0.1222,0.1222,0.6182541251182556
65,2.7061,147.1123,0.8778,0.8778,0.1222,0.1222,0.6158598065376282
66,2.7083,147.5280,0.8778,0.8778,0.1222,0.1222,0.6135847568511963
67,2.7073,147.9597,0.8778,0.8778,0.1222,0.1222,0.614599883556366
68,2.7112,148.4495,0.8778,0.8778,0.1222,0.1222,0.6106947660446167
69,2.7114,148.8708,0.8778,0.8778,0.1222,0.1222,0.6105283498764038
70,2.7174,149.3257,0.8778,0.8778,0.1222,0.1222,0.6045606136322021
71,2.7173,149.7617,0.8778,0.8778,0.1222,0.1222,0.6046713590621948
72,2.7185,150.1883,0.8778,0.8778,0.1222,0.1222,0.6033948063850403
73,2.7212,150.5460,0.8778,0.8778,0.1222,0.1222,0.6007770299911499
74,2.7247,150.9524,0.8778,0.8778,0.1222,0.1222,0.5972661375999451
75,2.7262,151.3766,0.8778,0.8778,0.1222,0.1222,0.5957546234130859
76,2.7258,151.7318,0.8741,0.8778,0.1259,0.1222,0.5961704850196838
77,2.7274,152.0817,0.8778,0.8778,0.1222,0.1222,0.5945354700088501
78,2.7292,152.3613,0.8741,0.8778,0.1259,0.1222,0.5926892161369324
79,2.7305,152.7738,0.8741,0.8778,0.1259,0.1222,0.5913909077644348
80,2.7319,153.1138,0.8778,0.8778,0.1222,0.1222,0.5900458097457886
81,2.7339,153.4327,0.8778,0.8778,0.1222,0.1222,0.5880440473556519
82,2.7361,153.7565,0.8778,0.8778,0.1222,0.1222,0.5858078002929688
83,2.7357,154.0208,0.8741,0.8741,0.1259,0.1259,0.5862532258033752
84,2.7356,154.3638,0.8778,0.8741,0.1222,0.1259,0.5863738059997559
85,2.7378,154.6619,0.8778,0.8778,0.1222,0.1222,0.5841649770736694
86,2.7388,155.0071,0.8778,0.8778,0.1222,0.1222,0.5831268429756165
87,2.7402,155.3175,0.8778,0.8778,0.1222,0.1222,0.5817516446113586
88,2.7416,155.6506,0.8778,0.8778,0.1222,0.1222,0.5803303718566895
89,2.7415,155.9238,0.8778,0.8741,0.1222,0.1259,0.5804086923599243
90,2.7431,156.2001,0.8741,0.8741,0.1259,0.1259,0.578865110874176
91,2.7440,156.5499,0.8778,0.8778,0.1222,0.1222,0.5778807401657104
92,2.7465,156.7846,0.8741,0.8741,0.1259,0.1259,0.5754250288009644
93,2.7466,156.9825,0.8778,0.8741,0.1222,0.1259,0.5753722786903381
94,2.7493,157.2063,0.8852,0.8741,0.1148,0.1259,0.5726181864738464
95,2.7512,157.4671,0.8815,0.8778,0.1185,0.1222,0.5707473754882812
96,2.7497,157.7076,0.8778,0.8778,0.1222,0.1222,0.5721954703330994
97,2.7522,157.9224,0.8778,0.8852,0.1222,0.1148,0.5697747468948364
98,2.7497,158.2080,0.8852,0.8815,0.1148,0.1185,0.5722132921218872
99,2.7538,158.3884,0.8778,0.8778,0.1222,0.1222,0.5681617856025696
100,2.7522,158.6542,0.8815,0.8778,0.1185,0.1222,0.5697265863418579
101,2.7556,158.9112,0.8815,0.8815,0.1185,0.1185,0.566336989402771
102,2.7555,159.1480,0.8815,0.8778,0.1185,0.1222,0.5664400458335876
103,2.7571,159.4419,0.8852,0.8778,0.1148,0.1222,0.5648762583732605
104,2.7558,159.6892,0.8815,0.8778,0.1185,0.1222,0.5661731958389282
105,2.7550,159.8865,0.8852,0.8815,0.1148,0.1185,0.5668970346450806
106,2.7562,160.0975,0.8815,0.8815,0.1185,0.1185,0.5657107830047607
107,2.7578,160.2929,0.8815,0.8778,0.1185,0.1222,0.5641507506370544
108,2.7581,160.4774,0.8815,0.8778,0.1185,0.1222,0.5638090372085571
109,2.7569,160.6758,0.8926,0.8889,0.1074,0.1111,0.5650593638420105
110,2.7609,160.8777,0.8852,0.8852,0.1148,0.1148,0.5610608458518982
111,2.7602,161.0654,0.8852,0.8889,0.1148,0.1111,0.5617778897285461
112,2.7601,161.2942,0.8852,0.8852,0.1148,0.1148,0.5618748664855957
113,2.7604,161.5645,0.8889,0.8889,0.1111,0.1111,0.5615224242210388
114,2.7634,161.7733,0.8889,0.8926,0.1111,0.1074,0.5585262179374695
115,2.7635,161.9209,0.8889,0.8852,0.1111,0.1148,0.5584238767623901
116,2.7652,162.0898,0.8889,0.8852,0.1111,0.1148,0.5567020177841187
117,2.7654,162.2724,0.8963,0.8926,0.1037,0.1074,0.556484580039978
118,2.7638,162.4430,0.8926,0.8926,0.1074,0.1074,0.5581738352775574
119,2.7646,162.6383,0.8889,0.8926,0.1111,0.1074,0.5573350787162781
120,2.7658,162.8326,0.8926,0.8926,0.1074,0.1074,0.5561193227767944
121,2.7663,162.9996,0.8926,0.8926,0.1074,0.1074,0.5556272268295288
122,2.7669,163.2390,0.8963,0.8926,0.1037,0.1074,0.5549880266189575
123,2.7689,163.3504,0.9000,0.8926,0.1000,0.1074,0.5530353784561157
124,2.7667,163.5135,0.8963,0.8926,0.1037,0.1074,0.5552584528923035
125,2.7689,163.7078,0.8926,0.8926,0.1074,0.1074,0.5530195236206055
126,2.7688,163.8587,0.8926,0.8926,0.1074,0.1074,0.5531319975852966
127,2.7677,164.0416,0.8926,0.8926,0.1074,0.1074,0.554196298122406
128,2.7708,164.1860,0.8963,0.8926,0.1037,0.1074,0.5511223673820496
129,2.7702,164.3037,0.8963,0.8926,0.1037,0.1074,0.5516851544380188
130,2.7711,164.4851,0.8963,0.8926,0.1037,0.1074,0.5508094429969788
131,2.7728,164.6341,0.8926,0.8926,0.1074,0.1074,0.5490894913673401
132,2.7700,164.8194,0.8926,0.8926,0.1074,0.1074,0.5518914461135864
133,2.7700,164.9886,0.8926,0.8926,0.1074,0.1074,0.5519444346427917
134,2.7708,165.1453,0.8963,0.8926,0.1037,0.1074,0.5511360168457031
135,2.7716,165.2859,0.8963,0.8926,0.1037,0.1074,0.5503383874893188
136,2.7718,165.4359,0.8963,0.8926,0.1037,0.1074,0.550123929977417
137,2.7729,165.5659,0.8926,0.8926,0.1074,0.1074,0.5490533113479614
138,2.7725,165.6998,0.8926,0.8926,0.1074,0.1074,0.5494174361228943
139,2.7729,165.8091,0.8963,0.8926,0.1037,0.1074,0.549043595790863
140,2.7753,165.9427,0.8926,0.8926,0.1074,0.1074,0.5466653108596802
141,2.7732,166.0457,0.8926,0.8926,0.1074,0.1074,0.5487438440322876
142,2.7747,166.2038,0.8926,0.8926,0.1074,0.1074,0.5472414493560791
143,2.7747,166.3419,0.8963,0.8926,0.1037,0.1074,0.547195315361023
144,2.7743,166.4746,0.8926,0.8926,0.1074,0.1074,0.5475841760635376
145,2.7739,166.5650,0.8926,0.8926,0.1074,0.1074,0.5480203032493591
146,2.7779,166.6769,0.8963,0.8926,0.1037,0.1074,0.5440648794174194
147,2.7755,166.7850,0.8926,0.8963,0.1074,0.1037,0.546405017375946
148,2.7758,166.9003,0.8926,0.8926,0.1074,0.1074,0.5461260676383972
149,2.7749,167.0171,0.8963,0.8926,0.1037,0.1074,0.54704350233078
150,2.7754,167.1464,0.8926,0.8926,0.1074,0.1074,0.546546995639801
151,2.7762,167.2474,0.8963,0.8926,0.1037,0.1074,0.5457329750061035
152,2.7781,167.3333,0.8926,0.8926,0.1074,0.1074,0.5438642501831055
153,2.7769,167.4878,0.8926,0.8926,0.1074,0.1074,0.5450063943862915
154,2.7780,167.5852,0.8926,0.8926,0.1074,0.1074,0.5439391732215881
155,2.7767,167.6716,0.8926,0.8926,0.1074,0.1074,0.5451887845993042
156,2.7769,167.7883,0.8926,0.8926,0.1074,0.1074,0.5450165271759033
157,2.7797,167.8881,0.8926,0.8926,0.1074,0.1074,0.5421953201293945
158,2.7781,167.9809,0.8926,0.8963,0.1074,0.1037,0.5438373684883118
159,2.7790,168.0601,0.8963,0.8926,0.1037,0.1074,0.5429129600524902
160,2.7746,168.1512,0.8926,0.8926,0.1074,0.1074,0.5473368763923645
161,2.7793,168.2329,0.8926,0.8926,0.1074,0.1074,0.5426667332649231
162,2.7814,168.3250,0.8926,0.8926,0.1074,0.1074,0.5404934883117676
163,2.7802,168.4208,0.8926,0.8963,0.1074,0.1037,0.5417018532752991
164,2.7815,168.5081,0.8963,0.8926,0.1037,0.1074,0.5404700040817261
165,2.7791,168.6344,0.8963,0.8926,0.1037,0.1074,0.5428387522697449
166,2.7800,168.7286,0.8926,0.8926,0.1074,0.1074,0.5419562458992004
167,2.7798,168.8203,0.8963,0.8926,0.1037,0.1074,0.5420865416526794
168,2.7794,168.8858,0.8926,0.8926,0.1074,0.1074,0.5425055027008057
169,2.7815,168.9890,0.8963,0.8926,0.1037,0.1074,0.5404779314994812
170,2.7809,169.0495,0.8926,0.8926,0.1074,0.1074,0.5410181879997253
171,2.7788,169.1432,0.8926,0.8926,0.1074,0.1074,0.5430886745452881
172,2.7797,169.2108,0.8926,0.8926,0.1074,0.1074,0.5422636866569519
173,2.7787,169.2740,0.8926,0.8926,0.1074,0.1074,0.5432459712028503
174,2.7800,169.3584,0.8926,0.8926,0.1074,0.1074,0.5418868064880371
175,2.7818,169.4364,0.8963,0.8926,0.1037,0.1074,0.540176510810852
176,2.7808,169.5447,0.8926,0.8926,0.1074,0.1074,0.5411053895950317
177,2.7829,169.6162,0.8963,0.8926,0.1037,0.1074,0.5390059947967529
178,2.7784,169.6861,0.8963,0.8926,0.1037,0.1074,0.5435421466827393
179,2.7790,169.7714,0.8926,0.8926,0.1074,0.1074,0.5429166555404663
180,2.7826,169.8276,0.8963,0.8926,0.1037,0.1074,0.5393346548080444
181,2.7805,169.9131,0.8926,0.8926,0.1074,0.1074,0.5413901805877686
182,2.7819,169.9904,0.9000,0.8926,0.1000,0.1074,0.5400159955024719
183,2.7823,170.0617,0.8926,0.8963,0.1074,0.1037,0.5396294593811035
184,2.7815,170.1402,0.8963,0.8926,0.1037,0.1074,0.5404645204544067
185,2.7856,170.2233,0.8963,0.8963,0.1037,0.1037,0.5363408923149109
186,2.7822,170.2920,0.9000,0.8926,0.1000,0.1074,0.5396889448165894
187,2.7841,170.3487,0.8926,0.8926,0.1074,0.1074,0.5378414392471313
188,2.7845,170.4083,0.8963,0.8926,0.1037,0.1074,0.5374119877815247
189,2.7822,170.4801,0.8963,0.8926,0.1037,0.1074,0.5397636890411377
190,2.7824,170.5503,0.8926,0.8963,0.1074,0.1037,0.5395286083221436
191,2.7842,170.6193,0.8963,0.8926,0.1037,0.1074,0.5377329587936401
192,2.7839,170.6720,0.8926,0.8963,0.1074,0.1037,0.5380772948265076
193,2.7847,170.7282,0.8926,0.8926,0.1074,0.1074,0.5372117757797241
194,2.7854,170.7926,0.9000,0.8963,0.1000,0.1037,0.5365465879440308
195,2.7846,170.8562,0.8963,0.8926,0.1037,0.1074,0.5373631715774536
196,2.7858,170.9119,0.8963,0.8926,0.1037,0.1074,0.5361464619636536
197,2.7839,170.9741,0.9037,0.8963,0.0963,0.1037,0.5380740165710449
198,2.7846,171.0273,0.8963,0.8926,0.1037,0.1074,0.5373194813728333
199,2.7838,171.0901,0.8926,0.8963,0.1074,0.1037,0.5381196737289429
200,2.7854,171.1569,0.9037,0.8963,0.0963,0.1037,0.5365416407585144
201,2.7836,171.2168,0.8926,0.8963,0.1074,0.1037,0.5382973551750183
202,2.7861,171.2811,0.8926,0.8963,0.1074,0.1037,0.5358208417892456
203,2.7858,171.3258,0.9000,0.8926,0.1000,0.1074,0.5360797047615051
204,2.7833,171.3848,0.8963,0.8963,0.1037,0.1037,0.5385848879814148
205,2.7866,171.4329,0.8963,0.8926,0.1037,0.1074,0.5352984666824341
206,2.7860,171.5074,0.8926,0.8926,0.1074,0.1074,0.5359663963317871
207,2.7855,171.5540,0.8963,0.8926,0.1037,0.1074,0.5364459156990051
208,2.7840,171.5982,0.8963,0.8926,0.1037,0.1074,0.5378925800323486
209,2.7869,171.6517,0.8963,0.8963,0.1037,0.1037,0.5350315570831299
210,2.7872,171.7113,0.8963,0.8926,0.1037,0.1074,0.5347217917442322
211,2.7863,171.7624,0.8963,0.8926,0.1037,0.1074,0.5356058478355408
212,2.7874,171.8036,0.8963,0.8963,0.1037,0.1037,0.5345653891563416
213,2.7858,171.8439,0.8963,0.8926,0.1037,0.1074,0.5361207723617554
214,2.7854,171.8963,0.8963,0.8963,0.1037,0.1037,0.5365513563156128
215,2.7868,171.9488,0.8963,0.8963,0.1037,0.1037,0.5351353883743286
216,2.7886,171.9969,0.9000,0.8926,0.1000,0.1074,0.5333271622657776
217,2.7862,172.0286,0.8963,0.8926,0.1037,0.1074,0.5357459187507629
218,2.7876,172.0737,0.9000,0.8963,0.1000,0.1037,0.534325897693634
219,2.7865,172.1260,0.8926,0.8926,0.1074,0.1074,0.5354100465774536
220,2.7863,172.1589,0.8963,0.8963,0.1037,0.1037,0.5356168746948242
221,2.7875,172.2034,0.8963,0.8963,0.1037,0.1037,0.5344114303588867
222,2.7843,172.2673,0.8963,0.8926,0.1037,0.1074,0.5376439690589905
223,2.7867,172.3087,0.8926,0.8963,0.1074,0.1037,0.5352213382720947
224,2.7864,172.3511,0.8963,0.9000,0.1037,0.1000,0.5355087518692017
225,2.7872,172.3896,0.9000,0.8963,0.1000,0.1037,0.5347467660903931
226,2.7864,172.4323,0.8963,0.8963,0.1037,0.1037,0.5354962348937988
227,2.7873,172.4697,0.9037,0.9000,0.0963,0.1000,0.53463214635849
228,2.7868,172.5118,0.9000,0.8963,0.1000,0.1037,0.5350873470306396
229,2.7846,172.5521,0.9000,0.8926,0.1000,0.1074,0.537336528301239
230,2.7855,172.5852,0.9000,0.8963,0.1000,0.1037,0.5364143252372742
231,2.7868,172.6282,0.8963,0.9000,0.1037,0.1000,0.5351760983467102
232,2.7862,172.6572,0.8926,0.8926,0.1074,0.1074,0.5356987714767456
233,2.7873,172.6940,0.9000,0.8926,0.1000,0.1074,0.5346556305885315
234,2.7865,172.7386,0.8963,0.8963,0.1037,0.1037,0.5354071259498596
235,2.7854,172.7776,0.8963,0.8926,0.1037,0.1074,0.5365049242973328
236,2.7876,172.8270,0.9037,0.9000,0.0963,0.1000,0.5343442559242249
237,2.7891,172.8527,0.9000,0.8963,0.1000,0.1037,0.532829225063324
238,2.7864,172.8818,0.8926,0.8926,0.1074,0.1074,0.5355266332626343
239,2.7878,172.9084,0.9037,0.8926,0.0963,0.1074,0.5341175198554993
240,2.7855,172.9466,0.9000,0.8926,0.1000,0.1074,0.5363861322402954
241,2.7859,172.9814,0.8963,0.9000,0.1037,0.1000,0.5360538959503174
242,2.7857,173.0173,0.8963,0.8963,0.1037,0.1037,0.5361925363540649
243,2.7873,173.0481,0.8926,0.8926,0.1074,0.1074,0.53458172082901
244,2.7871,173.0777,0.9000,0.9000,0.1000,0.1000,0.5348538160324097
245,2.7867,173.1144,0.9074,0.8963,0.0926,0.1037,0.535184919834137
246,2.7871,173.1542,0.8963,0.9000,0.1037,0.1000,0.5348511934280396
247,2.7885,173.1789,0.8963,0.9037,0.1037,0.0963,0.5333856344223022
248,2.7875,173.2090,0.9000,0.9000,0.1000,0.1000,0.5343788862228394
249,2.7889,173.2437,0.9000,0.9000,0.1000,0.1000,0.5329779982566833
250,2.7902,173.2695,0.8926,0.9000,0.1074,0.1000,0.5317122340202332
251,2.7875,173.2992,0.9000,0.8963,0.1000,0.1037,0.5344576835632324
252,2.7884,173.3280,0.8963,0.8963,0.1037,0.1037,0.5334814190864563
253,2.7907,173.3535,0.9000,0.8926,0.1000,0.1074,0.5311840772628784
254,2.7868,173.3823,0.8963,0.9000,0.1037,0.1000,0.5351377129554749
255,2.7891,173.4118,0.9000,0.9000,0.1000,0.1000,0.5328578948974609
256,2.7895,173.4367,0.9037,0.9037,0.0963,0.0963,0.532430112361908
257,2.7871,173.4675,0.9000,0.9000,0.1000,0.1000,0.5348711013793945
258,2.7872,173.4968,0.8963,0.9000,0.1037,0.1000,0.5347198247909546
259,2.7880,173.5261,0.9000,0.8963,0.1000,0.1037,0.5338952541351318
260,2.7892,173.5464,0.9000,0.9037,0.1000,0.0963,0.5327534675598145
261,2.7881,173.5711,0.8926,0.9037,0.1074,0.0963,0.533790647983551
262,2.7881,173.5912,0.8963,0.8963,0.1037,0.1037,0.5338735580444336
263,2.7906,173.6140,0.8963,0.8963,0.1037,0.1037,0.5312824249267578
264,2.7893,173.6423,0.9000,0.9037,0.1000,0.0963,0.5326210260391235
265,2.7887,173.6633,0.9037,0.9000,0.0963,0.1000,0.5332422256469727
266,2.7881,173.6808,0.9000,0.9037,0.1000,0.0963,0.5338608622550964
267,2.7875,173.7032,0.9000,0.9000,0.1000,0.1000,0.5344507098197937
268,2.7884,173.7318,0.9037,0.9037,0.0963,0.0963,0.5335431694984436
269,2.7876,173.7518,0.9000,0.9037,0.1000,0.0963,0.5343284010887146
270,2.7878,173.7784,0.9000,0.9037,0.1000,0.0963,0.5340935587882996
271,2.7885,173.7974,0.8963,0.9000,0.1037,0.1000,0.5334703922271729
272,2.7883,173.8160,0.9000,0.9037,0.1000,0.0963,0.533656120300293
273,2.7919,173.8398,0.9037,0.9037,0.0963,0.0963,0.5300639867782593
274,2.7881,173.8630,0.9000,0.9000,0.1000,0.1000,0.5338329672813416
275,2.7902,173.8826,0.9037,0.9037,0.0963,0.0963,0.5317744612693787
276,2.7870,173.9005,0.9000,0.9037,0.1000,0.0963,0.5349717736244202
277,2.7897,173.9234,0.9000,0.8963,0.1000,0.1037,0.5322573781013489
278,2.7900,173.9399,0.9000,0.9037,0.1000,0.0963,0.5319469571113586
279,2.7902,173.9574,0.8963,0.9037,0.1037,0.0963,0.5316792130470276
280,2.7896,173.9775,0.9000,0.8963,0.1000,0.1037,0.5323449373245239
281,2.7885,173.9954,0.8963,0.9037,0.1037,0.0963,0.5334363579750061
282,2.7897,174.0124,0.9037,0.9037,0.0963,0.0963,0.5322558283805847
283,2.7908,174.0289,0.9000,0.9037,0.1000,0.0963,0.5311764478683472
284,2.7866,174.0513,0.9000,0.9000,0.1000,0.1000,0.5352848768234253
285,2.7889,174.0689,0.9000,0.9037,0.1000,0.0963,0.533062219619751
286,2.7891,174.0863,0.8926,0.9037,0.1074,0.0963,0.5328549146652222
287,2.7892,174.1022,0.9037,0.9037,0.0963,0.0963,0.5327333211898804
288,2.7892,174.1161,0.9000,0.9000,0.1000,0.1000,0.5327087044715881
289,2.7902,174.1317,0.9037,0.9000,0.0963,0.1000,0.5317215323448181
290,2.7888,174.1479,0.9037,0.9037,0.0963,0.0963,0.5331327319145203
291,2.7896,174.1597,0.8963,0.9000,0.1037,0.1000,0.5323269367218018
292,2.7885,174.1743,0.9000,0.9037,0.1000,0.0963,0.5334370732307434
293,2.7904,174.1905,0.9000,0.9037,0.1000,0.0963,0.5315328240394592
294,2.7901,174.2053,0.9000,0.9000,0.1000,0.1000,0.5318118333816528
295,2.7895,174.2179,0.9037,0.9037,0.0963,0.0963,0.532417893409729
296,2.7905,174.2340,0.9000,0.9037,0.1000,0.0963,0.5313828587532043
297,2.7894,174.2487,0.9000,0.9037,0.1000,0.0963,0.5324950814247131
298,2.7875,174.2637,0.9037,0.9037,0.0963,0.0963,0.53447425365448
299,2.7900,174.2729,0.8963,0.9037,0.1037,0.0963,0.5319563746452332
300,2.7882,174.2849,0.9000,0.9037,0.1000,0.0963,0.5337113738059998
301,2.7887,174.2995,0.9037,0.9037,0.0963,0.0963,0.5332237482070923
302,2.7901,174.3121,0.9000,0.9037,0.1000,0.0963,0.5318154692649841
303,2.7899,174.3266,0.9000,0.9000,0.1000,0.1000,0.5320484638214111
304,2.7890,174.3396,0.9037,0.9037,0.0963,0.0963,0.532895565032959
305,2.7892,174.3526,0.9000,0.9037,0.1000,0.0963,0.532703161239624
306,2.7889,174.3675,0.9000,0.9000,0.1000,0.1000,0.5330252051353455
307,2.7882,174.3801,0.9000,0.9037,0.1000,0.0963,0.5336822867393494
308,2.7904,174.3892,0.9000,0.9000,0.1000,0.1000,0.5315397381782532
309,2.7903,174.4036,0.9037,0.9000,0.0963,0.1000,0.5315853357315063
310,2.7917,174.4154,0.9037,0.9037,0.0963,0.0963,0.5302689671516418
311,2.7886,174.4284,0.8963,0.9037,0.1037,0.0963,0.5333636999130249
312,2.7890,174.4397,0.9000,0.9037,0.1000,0.0963,0.53293776512146
313,2.7889,174.4527,0.9037,0.9000,0.0963,0.1000,0.5330337285995483
314,2.7899,174.4640,0.9000,0.9000,0.1000,0.1000,0.5320038199424744
315,2.7908,174.4755,0.9000,0.9037,0.1000,0.0963,0.5311042666435242
316,2.7891,174.4863,0.9000,0.9037,0.1000,0.0963,0.532835841178894
317,2.7887,174.5007,0.9037,0.9037,0.0963,0.0963,0.5331876277923584
318,2.7907,174.5128,0.9000,0.9000,0.1000,0.1000,0.5311880707740784
319,2.7889,174.5231,0.9000,0.9000,0.1000,0.1000,0.5330106616020203
320,2.7902,174.5329,0.9037,0.9000,0.0963,0.1000,0.5316805839538574
321,2.7895,174.5431,0.9037,0.9037,0.0963,0.0963,0.5324168801307678
322,2.7919,174.5549,0.9000,0.9037,0.1000,0.0963,0.5299839377403259
323,2.7912,174.5657,0.9037,0.9000,0.0963,0.1000,0.5307033061981201
324,2.7889,174.5787,0.9037,0.9037,0.0963,0.0963,0.5329927206039429
325,2.7896,174.5863,0.9000,0.9037,0.1000,0.0963,0.5323473811149597
326,2.7899,174.5959,0.9037,0.9037,0.0963,0.0963,0.5320513844490051
327,2.7905,174.6050,0.9037,0.9037,0.0963,0.0963,0.5314679741859436
328,2.7891,174.6148,0.9000,0.9037,0.1000,0.0963,0.5327907800674438
329,2.7894,174.6208,0.9000,0.9037,0.1000,0.0963,0.532550036907196
330,2.7911,174.6288,0.9037,0.9037,0.0963,0.0963,0.5307972431182861
331,2.7909,174.6361,0.9037,0.9037,0.0963,0.0963,0.5309863686561584
332,2.7893,174.6462,0.9037,0.9000,0.0963,0.1000,0.5325849056243896
333,2.7911,174.6536,0.9000,0.9037,0.1000,0.0963,0.5308187007904053
334,2.7914,174.6626,0.9000,0.9037,0.1000,0.0963,0.5305062532424927
335,2.7897,174.6682,0.9037,0.9037,0.0963,0.0963,0.5322018265724182
336,2.7885,174.6776,0.9037,0.9037,0.0963,0.0963,0.5334555506706238
337,2.7902,174.6843,0.9000,0.9037,0.1000,0.0963,0.5317022204399109
338,2.7900,174.6913,0.9000,0.9037,0.1000,0.0963,0.5319147109985352
339,2.7892,174.6990,0.9000,0.9037,0.1000,0.0963,0.5327188968658447
340,2.7890,174.7094,0.9000,0.9000,0.1000,0.1000,0.5328789353370667
341,2.7904,174.7167,0.9000,0.9000,0.1000,0.1000,0.5314809679985046
342,2.7892,174.7246,0.8963,0.9037,0.1037,0.0963,0.5327662825584412
343,2.7893,174.7306,0.9037,0.9037,0.0963,0.0963,0.5326626896858215
344,2.7913,174.7392,0.9000,0.9037,0.1000,0.0963,0.5306010842323303
345,2.7887,174.7456,0.8963,0.9037,0.1037,0.0963,0.5332372188568115
346,2.7891,174.7541,0.9000,0.9037,0.1000,0.0963,0.5327852368354797
347,2.7922,174.7607,0.9037,0.9037,0.0963,0.0963,0.5297741889953613
348,2.7904,174.7671,0.9000,0.9037,0.1000,0.0963,0.5314850807189941
349,2.7893,174.7750,0.9037,0.9000,0.0963,0.1000,0.5326138138771057
350,2.7892,174.7832,0.8963,0.9037,0.1037,0.0963,0.5327423214912415
351,2.7901,174.7913,0.9000,0.9037,0.1000,0.0963,0.5318765044212341
352,2.7876,174.7955,0.9000,0.9037,0.1000,0.0963,0.5343307852745056
353,2.7909,174.8020,0.9037,0.9037,0.0963,0.0963,0.5310379862785339
354,2.7896,174.8098,0.9037,0.9037,0.0963,0.0963,0.53229159116745
355,2.7891,174.8181,0.9000,0.9037,0.1000,0.0963,0.5328395366668701
356,2.7897,174.8241,0.9037,0.9037,0.0963,0.0963,0.5322601795196533
357,2.7892,174.8311,0.9037,0.9037,0.0963,0.0963,0.5327696800231934
358,2.7899,174.8354,0.9000,0.9000,0.1000,0.1000,0.5320759415626526
359,2.7892,174.8420,0.9000,0.9037,0.1000,0.0963,0.5326780676841736
360,2.7918,174.8458,0.9000,0.9037,0.1000,0.0963,0.5301036834716797
361,2.7902,174.8517,0.9000,0.9037,0.1000,0.0963,0.5317561030387878
362,2.7876,174.8578,0.9000,0.9037,0.1000,0.0963,0.534281313419342
363,2.7885,174.8643,0.9000,0.9037,0.1000,0.0963,0.5334335565567017
364,2.7906,174.8700,0.9000,0.9037,0.1000,0.0963,0.5313237309455872
365,2.7910,174.8747,0.9000,0.9037,0.1000,0.0963,0.5309709906578064
366,2.7904,174.8805,0.9037,0.9037,0.0963,0.0963,0.5315641164779663
367,2.7887,174.8853,0.9000,0.9037,0.1000,0.0963,0.5332369208335876
368,2.7892,174.8903,0.9000,0.9037,0.1000,0.0963,0.5327758193016052
369,2.7897,174.8935,0.8963,0.9037,0.1037,0.0963,0.5322668552398682
370,2.7890,174.8975,0.8963,0.9037,0.1037,0.0963,0.5329766273498535
371,2.7898,174.9027,0.9000,0.9000,0.1000,0.1000,0.5321398377418518
372,2.7879,174.9068,0.8963,0.9037,0.1037,0.0963,0.5340020656585693
373,2.7891,174.9107,0.9037,0.9037,0.0963,0.0963,0.5327849388122559
374,2.7920,174.9151,0.9037,0.9000,0.0963,0.1000,0.5299463868141174
375,2.7900,174.9194,0.8963,0.9037,0.1037,0.0963,0.5318967700004578
376,2.7888,174.9238,0.8963,0.9037,0.1037,0.0963,0.5330939888954163
377,2.7910,174.9271,0.9000,0.9037,0.1000,0.0963,0.53090900182724
378,2.7906,174.9322,0.9037,0.9037,0.0963,0.0963,0.5312970280647278
379,2.7904,174.9370,0.9037,0.9037,0.0963,0.0963,0.5314977765083313
380,2.7891,174.9416,0.9037,0.9037,0.0963,0.0963,0.5327866077423096
381,2.7904,174.9472,0.9037,0.9000,0.0963,0.1000,0.5315088629722595
382,2.7900,174.9509,0.9037,0.9000,0.0963,0.1000,0.5318939089775085
383,2.7896,174.9545,0.9037,0.9000,0.0963,0.1000,0.5323031544685364
384,2.7919,174.9594,0.9037,0.9037,0.0963,0.0963,0.5300183892250061
385,2.7902,174.9636,0.9000,0.9037,0.1000,0.0963,0.531705379486084
386,2.7906,174.9683,0.9037,0.9037,0.0963,0.0963,0.5313038229942322
387,2.7910,174.9723,0.9037,0.9000,0.0963,0.1000,0.5309184789657593
388,2.7899,174.9759,0.9000,0.9037,0.1000,0.0963,0.5320767760276794
389,2.7898,174.9794,0.9037,0.9037,0.0963,0.0963,0.5320892333984375
390,2.7915,174.9847,0.9037,0.9037,0.0963,0.0963,0.5304085612297058
391,2.7920,174.9879,0.9037,0.9037,0.0963,0.0963,0.5299721956253052
392,2.7916,174.9915,0.9037,0.9037,0.0963,0.0963,0.5302913188934326
393,2.7917,174.9948,0.9000,0.9037,0.1000,0.0963,0.5302313566207886
394,2.7895,174.9993,0.9037,0.9037,0.0963,0.0963,0.5324745774269104
395,2.7901,175.0024,0.8963,0.9037,0.1037,0.0963,0.531839907169342
396,2.7903,175.0063,0.9037,0.9000,0.0963,0.1000,0.5316644310951233
397,2.7894,175.0089,0.9000,0.9037,0.1000,0.0963,0.5325130224227905
398,2.7909,175.0123,0.9037,0.9037,0.0963,0.0963,0.5310335159301758
399,2.7895,175.0155,0.9037,0.9037,0.0963,0.0963,0.5324354767799377
400,2.7912,175.0189,0.9037,0.9037,0.0963,0.0963,0.5307506918907166
401,2.7910,175.0215,0.9037,0.9037,0.0963,0.0963,0.5309035778045654
402,2.7911,175.0248,0.9037,0.9037,0.0963,0.0963,0.5308637022972107
403,2.7922,175.0280,0.9000,0.9037,0.1000,0.0963,0.5297208428382874
404,2.7902,175.0312,0.9000,0.9000,0.1000,0.1000,0.5317407846450806
405,2.7901,175.0344,0.9000,0.9037,0.1000,0.0963,0.5318567156791687
406,2.7908,175.0379,0.8963,0.9000,0.1037,0.1000,0.5311137437820435
407,2.7894,175.0405,0.8963,0.9037,0.1037,0.0963,0.5325616598129272
408,2.7915,175.0437,0.9037,0.9037,0.0963,0.0963,0.5304680466651917
409,2.7908,175.0458,0.9037,0.9037,0.0963,0.0963,0.53111732006073
410,2.7906,175.0486,0.9000,0.9037,0.1000,0.0963,0.5313326716423035
411,2.7906,175.0513,0.9000,0.9037,0.1000,0.0963,0.531291663646698
412,2.7902,175.0543,0.9000,0.9000,0.1000,0.1000,0.5317142605781555
413,2.7908,175.0568,0.9037,0.9037,0.0963,0.0963,0.5310816764831543
414,2.7894,175.0601,0.9037,0.9037,0.0963,0.0963,0.5325438976287842
415,2.7897,175.0623,0.9000,0.9037,0.1000,0.0963,0.5321847200393677
416,2.7918,175.0644,0.8963,0.9037,0.1037,0.0963,0.5301576256752014
417,2.7894,175.0675,0.9000,0.9037,0.1000,0.0963,0.5324956774711609
418,2.7907,175.0705,0.9000,0.9037,0.1000,0.0963,0.5312206745147705
419,2.7908,175.0728,0.9037,0.9037,0.0963,0.0963,0.5311437845230103
420,2.7901,175.0749,0.9037,0.9037,0.0963,0.0963,0.5318693518638611
421,2.7931,175.0777,0.9037,0.9037,0.0963,0.0963,0.5288029313087463
422,2.7893,175.0804,0.9000,0.9037,0.1000,0.0963,0.5326224565505981
423,2.7887,175.0822,0.9000,0.9037,0.1000,0.0963,0.5332564115524292
424,2.7907,175.0850,0.8963,0.9037,0.1037,0.0963,0.5311956405639648
425,2.7912,175.0878,0.9037,0.9037,0.0963,0.0963,0.5307552814483643
426,2.7901,175.0896,0.9037,0.9037,0.0963,0.0963,0.531848669052124
427,2.7898,175.0919,0.8926,0.9037,0.1074,0.0963,0.5321098566055298
428,2.7913,175.0938,0.9037,0.9037,0.0963,0.0963,0.5305940508842468
429,2.7887,175.0962,0.8963,0.9037,0.1037,0.0963,0.533187210559845
430,2.7891,175.0983,0.9037,0.9037,0.0963,0.0963,0.5328620672225952
431,2.7903,175.1005,0.9037,0.9037,0.0963,0.0963,0.5316030383110046
432,2.7894,175.1029,0.9037,0.9037,0.0963,0.0963,0.5325575470924377
433,2.7900,175.1045,0.9037,0.9037,0.0963,0.0963,0.5319603681564331
434,2.7913,175.1072,0.9037,0.9037,0.0963,0.0963,0.5305862426757812
435,2.7906,175.1091,0.9037,0.9037,0.0963,0.0963,0.5313060879707336
436,2.7908,175.1110,0.9000,0.9037,0.1000,0.0963,0.5311598181724548
437,2.7887,175.1126,0.9000,0.9037,0.1000,0.0963,0.5332661867141724
438,2.7913,175.1143,0.9037,0.9037,0.0963,0.0963,0.5306180119514465
439,2.7911,175.1159,0.8963,0.9037,0.1037,0.0963,0.5307888984680176
440,2.7898,175.1175,0.9037,0.9037,0.0963,0.0963,0.5321466326713562
441,2.7909,175.1192,0.9000,0.9000,0.1000,0.1000,0.5310176014900208
442,2.7907,175.1208,0.9037,0.9037,0.0963,0.0963,0.5312362313270569
443,2.7896,175.1226,0.9000,0.9037,0.1000,0.0963,0.5323082208633423
444,2.7910,175.1246,0.9000,0.9037,0.1000,0.0963,0.5309708714485168
445,2.7925,175.1263,0.9037,0.9037,0.0963,0.0963,0.5293992161750793
446,2.7907,175.1279,0.9037,0.9037,0.0963,0.0963,0.5312666296958923
447,2.7883,175.1293,0.9037,0.9037,0.0963,0.0963,0.5336665511131287
448,2.7904,175.1309,0.9000,0.9037,0.1000,0.0963,0.5314961075782776
449,2.7910,175.1327,0.9037,0.9000,0.0963,0.1000,0.5309316515922546
450,2.7889,175.1342,0.9000,0.9037,0.1000,0.0963,0.5330207943916321
451,2.7893,175.1353,0.9000,0.9037,0.1000,0.0963,0.5326031446456909
452,2.7900,175.1368,0.9000,0.9037,0.1000,0.0963,0.5319499969482422
453,2.7899,175.1383,0.9037,0.9037,0.0963,0.0963,0.5320439338684082
454,2.7894,175.1398,0.9037,0.9037,0.0963,0.0963,0.5325632095336914
455,2.7891,175.1410,0.9000,0.9037,0.1000,0.0963,0.532829999923706
456,2.7918,175.1427,0.9037,0.9037,0.0963,0.0963,0.5301637053489685
457,2.7898,175.1442,0.9037,0.9037,0.0963,0.0963,0.5321545004844666
458,2.7896,175.1454,0.9037,0.9037,0.0963,0.0963,0.5322912335395813
459,2.7910,175.1471,0.9037,0.9037,0.0963,0.0963,0.5309582948684692
460,2.7902,175.1484,0.9037,0.9037,0.0963,0.0963,0.5317011475563049
461,2.7891,175.1497,0.9037,0.9037,0.0963,0.0963,0.5328109264373779
462,2.7907,175.1507,0.9037,0.9037,0.0963,0.0963,0.5312396883964539
463,2.7912,175.1519,0.9000,0.9037,0.1000,0.0963,0.5306984186172485
464,2.7897,175.1534,0.9000,0.9037,0.1000,0.0963,0.5322520732879639
465,2.7909,175.1545,0.9000,0.9037,0.1000,0.0963,0.530997097492218
466,2.7913,175.1559,0.9037,0.9037,0.0963,0.0963,0.5305988788604736
467,2.7923,175.1570,0.9000,0.9037,0.1000,0.0963,0.5296709537506104
468,2.7917,175.1581,0.9037,0.9037,0.0963,0.0963,0.5301989316940308
469,2.7921,175.1593,0.9000,0.9037,0.1000,0.0963,0.5298038125038147
470,2.7902,175.1604,0.9037,0.9037,0.0963,0.0963,0.5317570567131042
471,2.7905,175.1612,0.9037,0.9037,0.0963,0.0963,0.5314351320266724
472,2.7918,175.1622,0.9037,0.9037,0.0963,0.0963,0.5301644802093506
473,2.7901,175.1632,0.9037,0.9037,0.0963,0.0963,0.531790018081665
474,2.7900,175.1640,0.8963,0.9037,0.1037,0.0963,0.5318828821182251
475,2.7914,175.1649,0.9037,0.9037,0.0963,0.0963,0.5305055975914001
476,2.7914,175.1659,0.9000,0.9037,0.1000,0.0963,0.5304975509643555
477,2.7902,175.1667,0.9037,0.9037,0.0963,0.0963,0.5317381024360657
478,2.7905,175.1676,0.9037,0.9000,0.0963,0.1000,0.5313819646835327
479,2.7902,175.1686,0.9000,0.9037,0.1000,0.0963,0.5317334532737732
480,2.7912,175.1694,0.8963,0.9037,0.1037,0.0963,0.5307506918907166
481,2.7919,175.1701,0.9037,0.9037,0.0963,0.0963,0.5300480127334595
482,2.7898,175.1710,0.8963,0.9037,0.1037,0.0963,0.5321361422538757
483,2.7887,175.1719,0.9000,0.9037,0.1000,0.0963,0.5331906080245972
484,2.7896,175.1727,0.9000,0.9037,0.1000,0.0963,0.5323242545127869
485,2.7892,175.1735,0.8963,0.9037,0.1037,0.0963,0.5327597856521606
486,2.7911,175.1747,0.9037,0.9037,0.0963,0.0963,0.5308207273483276
487,2.7902,175.1756,0.9037,0.9037,0.0963,0.0963,0.5317233204841614
488,2.7885,175.1765,0.9000,0.9037,0.1000,0.0963,0.5333831310272217
489,2.7899,175.1773,0.9000,0.9037,0.1000,0.0963,0.532058596611023
490,2.7905,175.1781,0.9000,0.9037,0.1000,0.0963,0.531420111656189
491,2.7910,175.1788,0.9037,0.9037,0.0963,0.0963,0.5309547781944275
492,2.7913,175.1794,0.9037,0.9037,0.0963,0.0963,0.5306222438812256
493,2.7907,175.1802,0.8963,0.9037,0.1037,0.0963,0.5312572121620178
494,2.7923,175.1812,0.9000,0.9037,0.1000,0.0963,0.5295959115028381
495,2.7895,175.1819,0.8963,0.9037,0.1037,0.0963,0.5324638485908508
496,2.7900,175.1827,0.9000,0.9037,0.1000,0.0963,0.5319676995277405
497,2.7906,175.1833,0.9000,0.9037,0.1000,0.0963,0.5313279628753662
498,2.7911,175.1842,0.9037,0.9037,0.0963,0.0963,0.5307989716529846
499,2.7919,175.1848,0.9037,0.9000,0.0963,0.1000,0.5300142168998718
500,2.7896,175.1855,0.9037,0.9037,0.0963,0.0963,0.5323034524917603
501,2.7919,175.1863,0.8963,0.9037,0.1037,0.0963,0.5300425887107849
502,2.7913,175.1869,0.9037,0.9037,0.0963,0.0963,0.5305798649787903
503,2.7895,175.1874,0.9037,0.9037,0.0963,0.0963,0.5324775576591492
504,2.7934,175.1881,0.9037,0.9037,0.0963,0.0963,0.5285642743110657
505,2.7912,175.1888,0.9000,0.9037,0.1000,0.0963,0.5306852459907532
506,2.7913,175.1893,0.9000,0.9037,0.1000,0.0963,0.5306439399719238
507,2.7903,175.1899,0.9000,0.9000,0.1000,0.1000,0.5316177010536194
508,2.7910,175.1906,0.9000,0.9037,0.1000,0.0963,0.530910313129425
509,2.7902,175.1913,0.9037,0.9000,0.0963,0.1000,0.5317267179489136
510,2.7934,175.1918,0.9000,0.9037,0.1000,0.0963,0.5284910798072815
511,2.7895,175.1923,0.9000,0.9037,0.1000,0.0963,0.5324661135673523
512,2.7895,175.1929,0.8963,0.9037,0.1037,0.0963,0.5324180126190186
513,2.7894,175.1936,0.8963,0.9037,0.1037,0.0963,0.5325574278831482
514,2.7902,175.1942,0.9037,0.9037,0.0963,0.0963,0.5316992998123169
515,2.7914,175.1948,0.9000,0.9037,0.1000,0.0963,0.5305430293083191
516,2.7901,175.1953,0.9037,0.9037,0.0963,0.0963,0.5317895412445068
517,2.7892,175.1958,0.8963,0.9037,0.1037,0.0963,0.5327706336975098
518,2.7898,175.1965,0.9000,0.9037,0.1000,0.0963,0.5321010947227478
519,2.7931,175.1970,0.9037,0.9037,0.0963,0.0963,0.5288766026496887
520,2.7911,175.1976,0.9000,0.9037,0.1000,0.0963,0.5308209657669067
521,2.7897,175.1981,0.9037,0.9037,0.0963,0.0963,0.5322752594947815
522,2.7922,175.1987,0.9037,0.9000,0.0963,0.1000,0.5296921730041504
523,2.7927,175.1991,0.9000,0.9037,0.1000,0.0963,0.5292209386825562
524,2.7896,175.1996,0.9037,0.9037,0.0963,0.0963,0.532371461391449
525,2.7918,175.2001,0.9037,0.9037,0.0963,0.0963,0.5301299691200256
526,2.7907,175.2005,0.8963,0.9000,0.1037,0.1000,0.5311791300773621
527,2.7911,175.2009,0.9037,0.9037,0.0963,0.0963,0.5308370590209961
528,2.7888,175.2014,0.9037,0.9037,0.0963,0.0963,0.5331345796585083
529,2.7899,175.2020,0.9000,0.9037,0.1000,0.0963,0.5319976210594177
530,2.7899,175.2023,0.9000,0.9037,0.1000,0.0963,0.5320590138435364
531,2.7900,175.2027,0.9037,0.9037,0.0963,0.0963,0.5319598317146301
532,2.7893,175.2031,0.9037,0.9037,0.0963,0.0963,0.5326504111289978
533,2.7909,175.2034,0.9000,0.9037,0.1000,0.0963,0.5310407280921936
534,2.7915,175.2039,0.9000,0.9037,0.1000,0.0963,0.530385434627533
535,2.7909,175.2043,0.9037,0.9037,0.0963,0.0963,0.5309932231903076
536,2.7916,175.2047,0.9000,0.9037,0.1000,0.0963,0.5303369760513306
537,2.7914,175.2050,0.9000,0.9037,0.1000,0.0963,0.5305318236351013
538,2.7889,175.2055,0.9037,0.9037,0.0963,0.0963,0.5330066680908203
539,2.7887,175.2058,0.9037,0.9037,0.0963,0.0963,0.5332233309745789
540,2.7903,175.2062,0.9037,0.9037,0.0963,0.0963,0.5316575765609741
541,2.7914,175.2065,0.9037,0.9037,0.0963,0.0963,0.5305371284484863
542,2.7909,175.2069,0.9000,0.9037,0.1000,0.0963,0.5310741066932678
543,2.7903,175.2073,0.9037,0.9037,0.0963,0.0963,0.5316739678382874
544,2.7916,175.2078,0.9037,0.9037,0.0963,0.0963,0.5303319096565247
545,2.7901,175.2081,0.9037,0.9037,0.0963,0.0963,0.5317986011505127
546,2.7900,175.2083,0.9037,0.9037,0.0963,0.0963,0.5318966507911682
547,2.7900,175.2087,0.9000,0.9037,0.1000,0.0963,0.5319423675537109
548,2.7920,175.2089,0.9037,0.9037,0.0963,0.0963,0.5299041271209717
549,2.7887,175.2094,0.8963,0.9037,0.1037,0.0963,0.5331959128379822
550,2.7909,175.2097,0.9037,0.9037,0.0963,0.0963,0.5310449600219727
551,2.7902,175.2101,0.9000,0.9037,0.1000,0.0963,0.5317583680152893
552,2.7914,175.2105,0.9000,0.9037,0.1000,0.0963,0.5305073261260986
553,2.7912,175.2110,0.9000,0.9037,0.1000,0.0963,0.5307535529136658
554,2.7910,175.2112,0.9037,0.9037,0.0963,0.0963,0.5308969020843506
555,2.7900,175.2115,0.9000,0.9037,0.1000,0.0963,0.5319632887840271
556,2.7922,175.2118,0.9000,0.9037,0.1000,0.0963,0.5296877026557922
557,2.7937,175.2121,0.9037,0.9037,0.0963,0.0963,0.5282250046730042
558,2.7901,175.2124,0.9000,0.9037,0.1000,0.0963,0.5318509340286255
559,2.7901,175.2127,0.9000,0.9037,0.1000,0.0963,0.5318131446838379
560,2.7895,175.2129,0.9037,0.9037,0.0963,0.0963,0.5324526429176331
561,2.7907,175.2132,0.9037,0.9037,0.0963,0.0963,0.5312185287475586
562,2.7893,175.2136,0.9037,0.9037,0.0963,0.0963,0.5326460599899292
563,2.7916,175.2138,0.9000,0.9037,0.1000,0.0963,0.5303211212158203
564,2.7902,175.2141,0.9037,0.9037,0.0963,0.0963,0.5316901206970215
565,2.7902,175.2143,0.8963,0.9037,0.1037,0.0963,0.5317058563232422
566,2.7909,175.2145,0.9037,0.9037,0.0963,0.0963,0.5310642719268799
567,2.7933,175.2148,0.9000,0.9037,0.1000,0.0963,0.5286723971366882
568,2.7923,175.2150,0.9000,0.9037,0.1000,0.0963,0.5296286940574646
569,2.7910,175.2153,0.9037,0.9037,0.0963,0.0963,0.5309070348739624
570,2.7907,175.2155,0.9000,0.9037,0.1000,0.0963,0.5312035083770752
571,2.7893,175.2158,0.9037,0.9037,0.0963,0.0963,0.5326062440872192
572,2.7921,175.2159,0.9037,0.9037,0.0963,0.0963,0.5297865271568298
573,2.7913,175.2161,0.9037,0.9037,0.0963,0.0963,0.5306769609451294
574,2.7901,175.2164,0.9037,0.9000,0.0963,0.1000,0.5318356156349182
575,2.7919,175.2167,0.9037,0.9037,0.0963,0.0963,0.5300552248954773
576,2.7901,175.2169,0.9037,0.9037,0.0963,0.0963,0.531865119934082
577,2.7895,175.2171,0.9000,0.9000,0.1000,0.1000,0.5324455499649048
578,2.7918,175.2173,0.9000,0.9037,0.1000,0.0963,0.5300866365432739
579,2.7903,175.2176,0.9000,0.9037,0.1000,0.0963,0.5316087603569031
580,2.7889,175.2177,0.9037,0.9037,0.0963,0.0963,0.5330619812011719
581,2.7917,175.2180,0.9000,0.9037,0.1000,0.0963,0.5302574038505554
582,2.7919,175.2182,0.9000,0.9037,0.1000,0.0963,0.530001699924469
583,2.7919,175.2184,0.9037,0.9037,0.0963,0.0963,0.5300115346908569
584,2.7893,175.2186,0.9000,0.9000,0.1000,0.1000,0.5325966477394104
585,2.7935,175.2188,0.9037,0.9037,0.0963,0.0963,0.5284259915351868
586,2.7900,175.2190,0.9000,0.9037,0.1000,0.0963,0.5319515466690063
587,2.7912,175.2191,0.9037,0.9037,0.0963,0.0963,0.5307773947715759
588,2.7901,175.2193,0.9000,0.9037,0.1000,0.0963,0.531799852848053
589,2.7912,175.2195,0.9037,0.9037,0.0963,0.0963,0.5307531356811523
590,2.7907,175.2197,0.9000,0.9037,0.1000,0.0963,0.5312125086784363
591,2.7896,175.2199,0.9000,0.9037,0.1000,0.0963,0.5322934985160828
592,2.7910,175.2200,0.9000,0.9037,0.1000,0.0963,0.5309582948684692
593,2.7892,175.2202,0.8926,0.9037,0.1074,0.0963,0.5327505469322205
594,2.7895,175.2204,0.9037,0.9037,0.0963,0.0963,0.5324608683586121
595,2.7897,175.2205,0.9037,0.9037,0.0963,0.0963,0.532219409942627
596,2.7899,175.2206,0.9000,0.9037,0.1000,0.0963,0.5320531129837036
597,2.7905,175.2207,0.9037,0.9037,0.0963,0.0963,0.5314263701438904
598,2.7902,175.2208,0.9037,0.9037,0.0963,0.0963,0.531686544418335
599,2.7889,175.2210,0.9037,0.9037,0.0963,0.0963,0.5330389142036438
600,2.7925,175.2211,0.9037,0.9000,0.0963,0.1000,0.5293905138969421
601,2.7886,175.2212,0.9037,0.9037,0.0963,0.0963,0.5333506464958191
602,2.7912,175.2213,0.8963,0.9037,0.1037,0.0963,0.5307525396347046
603,2.7902,175.2215,0.9037,0.9037,0.0963,0.0963,0.5317152142524719
604,2.7882,175.2216,0.9000,0.9037,0.1000,0.0963,0.5337701439857483
605,2.7897,175.2217,0.9000,0.9037,0.1000,0.0963,0.5322102308273315
606,2.7901,175.2218,0.9000,0.9037,0.1000,0.0963,0.5318195223808289
607,2.7898,175.2220,0.9037,0.9037,0.0963,0.0963,0.53214430809021
608,2.7874,175.2221,0.9000,0.9000,0.1000,0.1000,0.5345396995544434
609,2.7909,175.2222,0.9037,0.9037,0.0963,0.0963,0.5310044884681702
610,2.7910,175.2224,0.9000,0.9037,0.1000,0.0963,0.5308825969696045
611,2.7909,175.2224,0.9037,0.9000,0.0963,0.1000,0.5310136675834656
612,2.7881,175.2225,0.9000,0.9037,0.1000,0.0963,0.5338689088821411
613,2.7917,175.2227,0.9037,0.9037,0.0963,0.0963,0.530251145362854
614,2.7913,175.2228,0.9000,0.9037,0.1000,0.0963,0.5306530594825745
615,2.7918,175.2228,0.9037,0.9000,0.0963,0.1000,0.5301564931869507
616,2.7892,175.2229,0.8963,0.9037,0.1037,0.0963,0.5326963663101196
617,2.7910,175.2230,0.9037,0.9037,0.0963,0.0963,0.5309368968009949
618,2.7911,175.2231,0.9037,0.9037,0.0963,0.0963,0.5308699607849121
619,2.7878,175.2232,0.9037,0.9037,0.0963,0.0963,0.534084141254425
620,2.7918,175.2233,0.9000,0.9000,0.1000,0.1000,0.5301613807678223
621,2.7898,175.2234,0.9000,0.9037,0.1000,0.0963,0.5321385860443115
622,2.7898,175.2235,0.9000,0.9037,0.1000,0.0963,0.5321017503738403
623,2.7910,175.2235,0.9000,0.9037,0.1000,0.0963,0.5309571623802185
624,2.7894,175.2236,0.9037,0.9037,0.0963,0.0963,0.5325645804405212
625,2.7905,175.2237,0.9000,0.9000,0.1000,0.1000,0.5314088463783264
626,2.7900,175.2238,0.9037,0.9037,0.0963,0.0963,0.5319656133651733
627,2.7916,175.2238,0.9000,0.9037,0.1000,0.0963,0.5303739309310913
628,2.7909,175.2239,0.9000,0.9037,0.1000,0.0963,0.5310029983520508
629,2.7914,175.2240,0.9037,0.9000,0.0963,0.1000,0.5305576324462891
630,2.7916,175.2240,0.9000,0.9037,0.1000,0.0963,0.5302978754043579
631,2.7917,175.2241,0.9000,0.9000,0.1000,0.1000,0.5302708148956299
632,2.7912,175.2242,0.9037,0.9037,0.0963,0.0963,0.5307197570800781
633,2.7910,175.2242,0.9037,0.9037,0.0963,0.0963,0.5308983325958252
634,2.7896,175.2243,0.9000,0.9000,0.1000,0.1000,0.532332718372345
635,2.7908,175.2244,0.8963,0.9037,0.1037,0.0963,0.5311009287834167
636,2.7891,175.2245,0.8963,0.9037,0.1037,0.0963,0.5328609943389893
637,2.7901,175.2245,0.9000,0.9037,0.1000,0.0963,0.5318678617477417
638,2.7924,175.2245,0.9037,0.9037,0.0963,0.0963,0.5294909477233887
639,2.7916,175.2246,0.9037,0.9037,0.0963,0.0963,0.5303717255592346
640,2.7920,175.2247,0.9037,0.9037,0.0963,0.0963,0.52997225522995
641,2.7885,175.2247,0.8963,0.9037,0.1037,0.0963,0.533428966999054
642,2.7909,175.2247,0.9037,0.9000,0.0963,0.1000,0.5310305953025818
643,2.7921,175.2248,0.9000,0.9037,0.1000,0.0963,0.5298507809638977
644,2.7927,175.2249,0.9037,0.9037,0.0963,0.0963,0.5292072892189026
645,2.7899,175.2249,0.9000,0.9037,0.1000,0.0963,0.5320649743080139
646,2.7893,175.2249,0.9000,0.9037,0.1000,0.0963,0.532601535320282
647,2.7910,175.2250,0.9000,0.9037,0.1000,0.0963,0.530958354473114
648,2.7900,175.2250,0.8963,0.9037,0.1037,0.0963,0.5319696664810181
649,2.7914,175.2251,0.9000,0.9037,0.1000,0.0963,0.5305312275886536
650,2.7893,175.2251,0.9037,0.9037,0.0963,0.0963,0.5326002240180969
651,2.7905,175.2252,0.9000,0.9037,0.1000,0.0963,0.5314319729804993
652,2.7931,175.2252,0.9000,0.9037,0.1000,0.0963,0.5288082957267761
653,2.7902,175.2253,0.8963,0.9037,0.1037,0.0963,0.5317204594612122
654,2.7893,175.2253,0.9000,0.9037,0.1000,0.0963,0.5326398611068726
655,2.7907,175.2253,0.9000,0.9037,0.1000,0.0963,0.5311817526817322
656,2.7906,175.2253,0.9000,0.9037,0.1000,0.0963,0.5313202142715454
657,2.7901,175.2254,0.9037,0.9037,0.0963,0.0963,0.5318546891212463
658,2.7901,175.2254,0.9000,0.9037,0.1000,0.0963,0.5318585634231567
659,2.7919,175.2254,0.9037,0.9000,0.0963,0.1000,0.5300156474113464
660,2.7912,175.2255,0.9037,0.9037,0.0963,0.0963,0.5307374596595764
661,2.7901,175.2255,0.9037,0.9037,0.0963,0.0963,0.5318573117256165
662,2.7899,175.2255,0.9037,0.9037,0.0963,0.0963,0.5320192575454712
663,2.7909,175.2256,0.8963,0.9037,0.1037,0.0963,0.5309885740280151
664,2.7881,175.2256,0.9000,0.9037,0.1000,0.0963,0.5338121056556702
665,2.7902,175.2256,0.9000,0.9037,0.1000,0.0963,0.5317056775093079
666,2.7898,175.2256,0.9000,0.9037,0.1000,0.0963,0.5321133732795715
667,2.7918,175.2256,0.9000,0.9037,0.1000,0.0963,0.5301024913787842
668,2.7914,175.2257,0.8963,0.9000,0.1037,0.1000,0.5305215120315552
669,2.7915,175.2257,0.9000,0.9037,0.1000,0.0963,0.530378520488739
670,2.7914,175.2257,0.9000,0.9037,0.1000,0.0963,0.5305777192115784
671,2.7906,175.2257,0.9037,0.9037,0.0963,0.0963,0.5313539505004883
672,2.7896,175.2258,0.9000,0.9037,0.1000,0.0963,0.5323714017868042
673,2.7906,175.2258,0.9000,0.9037,0.1000,0.0963,0.531375527381897
674,2.7916,175.2258,0.9000,0.9037,0.1000,0.0963,0.5303754210472107
675,2.7918,175.2258,0.8963,0.9037,0.1037,0.0963,0.5301553606987
676,2.7913,175.2258,0.9037,0.9037,0.0963,0.0963,0.5306245684623718
677,2.7918,175.2258,0.9037,0.9037,0.0963,0.0963,0.5301291942596436
678,2.7895,175.2259,0.9000,0.9037,0.1000,0.0963,0.5323944091796875
679,2.7913,175.2259,0.9000,0.9037,0.1000,0.0963,0.5306338667869568
680,2.7909,175.2259,0.9000,0.9037,0.1000,0.0963,0.531060516834259
681,2.7908,175.2259,0.8963,0.9037,0.1037,0.0963,0.5310943126678467
682,2.7921,175.2259,0.9037,0.9000,0.0963,0.1000,0.5297804474830627
683,2.7904,175.2259,0.9000,0.9037,0.1000,0.0963,0.531572699546814
684,2.7902,175.2260,0.9037,0.9037,0.0963,0.0963,0.5316937565803528
685,2.7922,175.2260,0.8926,0.9037,0.1074,0.0963,0.5297775864601135
686,2.7907,175.2260,0.9000,0.9000,0.1000,0.1000,0.5312424898147583
687,2.7908,175.2260,0.9000,0.9037,0.1000,0.0963,0.5311682820320129
688,2.7908,175.2260,0.9037,0.9037,0.0963,0.0963,0.5311543941497803
689,2.7901,175.2260,0.9000,0.9037,0.1000,0.0963,0.531808078289032
690,2.7899,175.2260,0.8963,0.9037,0.1037,0.0963,0.5320647954940796
691,2.7905,175.2260,0.9037,0.9000,0.0963,0.1000,0.531420111656189
692,2.7902,175.2260,0.9037,0.9000,0.0963,0.1000,0.5317093133926392
693,2.7929,175.2260,0.9037,0.9037,0.0963,0.0963,0.5290001630783081
694,2.7914,175.2260,0.9037,0.9037,0.0963,0.0963,0.5305059552192688
695,2.7916,175.2260,0.9037,0.9037,0.0963,0.0963,0.5303191542625427
696,2.7894,175.2261,0.9000,0.9037,0.1000,0.0963,0.5325510501861572
697,2.7909,175.2261,0.9037,0.9037,0.0963,0.0963,0.530980110168457
698,2.7899,175.2261,0.9037,0.9037,0.0963,0.0963,0.5320026278495789
699,2.7905,175.2261,0.9000,0.9037,0.1000,0.0963,0.5313783288002014
700,2.7908,175.2261,0.9037,0.9037,0.0963,0.0963,0.5311530232429504
701,2.7907,175.2261,0.9037,0.9037,0.0963,0.0963,0.5312433838844299
702,2.7913,175.2261,0.9037,0.9000,0.0963,0.1000,0.5306459069252014
703,2.7864,175.2261,0.9037,0.9037,0.0963,0.0963,0.5354980230331421
704,2.7891,175.2262,0.9037,0.9037,0.0963,0.0963,0.5328354239463806
705,2.7906,175.2262,0.9000,0.9037,0.1000,0.0963,0.5313462018966675
706,2.7921,175.2262,0.9000,0.9037,0.1000,0.0963,0.5298731327056885
707,2.7924,175.2262,0.9037,0.9000,0.0963,0.1000,0.5295118689537048
708,2.7901,175.2262,0.9037,0.9037,0.0963,0.0963,0.5318406224250793
709,2.7894,175.2262,0.9037,0.9037,0.0963,0.0963,0.532559335231781
710,2.7916,175.2262,0.9037,0.9037,0.0963,0.0963,0.530364453792572
711,2.7891,175.2262,0.9037,0.9037,0.0963,0.0963,0.5328342318534851
712,2.7908,175.2262,0.9037,0.9037,0.0963,0.0963,0.5310800075531006
713,2.7910,175.2262,0.8963,0.9037,0.1037,0.0963,0.5309582352638245
714,2.7906,175.2262,0.9037,0.9037,0.0963,0.0963,0.5313739776611328
715,2.7926,175.2262,0.9037,0.9037,0.0963,0.0963,0.529337465763092
716,2.7898,175.2262,0.8963,0.9037,0.1037,0.0963,0.5321497321128845
717,2.7885,175.2262,0.9000,0.9037,0.1000,0.0963,0.5333801507949829
718,2.7913,175.2262,0.9037,0.9037,0.0963,0.0963,0.5306351780891418
719,2.7895,175.2262,0.9037,0.9037,0.0963,0.0963,0.5324702858924866
720,2.7908,175.2262,0.9037,0.9037,0.0963,0.0963,0.5310795903205872
721,2.7906,175.2262,0.9000,0.9037,0.1000,0.0963,0.5313577055931091
722,2.7915,175.2262,0.9037,0.9037,0.0963,0.0963,0.5303780436515808
723,2.7896,175.2262,0.9000,0.9000,0.1000,0.1000,0.5322905778884888
724,2.7891,175.2263,0.9037,0.9037,0.0963,0.0963,0.5328244566917419
725,2.7910,175.2262,0.9037,0.9037,0.0963,0.0963,0.53090900182724
726,2.7910,175.2263,0.9000,0.9037,0.1000,0.0963,0.5309441089630127
727,2.7894,175.2263,0.9000,0.9037,0.1000,0.0963,0.5325025916099548
728,2.7913,175.2263,0.9037,0.9037,0.0963,0.0963,0.5306053161621094
729,2.7914,175.2263,0.9037,0.9037,0.0963,0.0963,0.5304816365242004
730,2.7905,175.2263,0.9037,0.9037,0.0963,0.0963,0.5314745903015137
731,2.7892,175.2263,0.9000,0.9037,0.1000,0.0963,0.5327164530754089
732,2.7910,175.2263,0.9000,0.9000,0.1000,0.1000,0.530902624130249
733,2.7896,175.2263,0.9037,0.9037,0.0963,0.0963,0.5323603749275208
734,2.7906,175.2263,0.9000,0.9037,0.1000,0.0963,0.5313312411308289
735,2.7915,175.2263,0.9037,0.9037,0.0963,0.0963,0.5304692983627319
736,2.7903,175.2263,0.9037,0.9037,0.0963,0.0963,0.5316222906112671
737,2.7920,175.2263,0.9000,0.9037,0.1000,0.0963,0.5299547910690308
738,2.7916,175.2263,0.9000,0.9037,0.1000,0.0963,0.5303776264190674
739,2.7905,175.2263,0.8963,0.9037,0.1037,0.0963,0.5313796401023865
740,2.7911,175.2263,0.9037,0.9037,0.0963,0.0963,0.5308189988136292
741,2.7915,175.2263,0.8963,0.9037,0.1037,0.0963,0.5303819179534912
742,2.7908,175.2263,0.9000,0.9037,0.1000,0.0963,0.5311189889907837
743,2.7905,175.2263,0.9037,0.9037,0.0963,0.0963,0.5314778089523315
744,2.7921,175.2263,0.9000,0.9000,0.1000,0.1000,0.5298163890838623
745,2.7897,175.2263,0.8963,0.9037,0.1037,0.0963,0.5321820378303528
746,2.7918,175.2263,0.9037,0.9037,0.0963,0.0963,0.5301369428634644
747,2.7915,175.2263,0.9037,0.9037,0.0963,0.0963,0.5303869247436523
748,2.7892,175.2263,0.9037,0.9037,0.0963,0.0963,0.5327122807502747
749,2.7909,175.2263,0.8963,0.9037,0.1037,0.0963,0.5310710072517395
750,2.7926,175.2263,0.9037,0.9037,0.0963,0.0963,0.5293058753013611
751,2.7906,175.2263,0.8963,0.9037,0.1037,0.0963,0.5313556790351868
752,2.7924,175.2263,0.9037,0.9037,0.0963,0.0963,0.5295484662055969
753,2.7898,175.2263,0.9000,0.9037,0.1000,0.0963,0.5321215391159058
754,2.7898,175.2263,0.9037,0.9037,0.0963,0.0963,0.5321128368377686
755,2.7916,175.2263,0.9000,0.9037,0.1000,0.0963,0.5303236842155457
756,2.7902,175.2263,0.9000,0.9037,0.1000,0.0963,0.5316875576972961
757,2.7904,175.2263,0.9000,0.9037,0.1000,0.0963,0.5315048694610596
758,2.7892,175.2263,0.9000,0.9037,0.1000,0.0963,0.5326961278915405
759,2.7908,175.2263,0.9037,0.9000,0.0963,0.1000,0.5310878157615662
760,2.7923,175.2263,0.9037,0.9037,0.0963,0.0963,0.5295866131782532
761,2.7912,175.2263,0.9000,0.9037,0.1000,0.0963,0.5306847095489502
762,2.7916,175.2263,0.9000,0.9000,0.1000,0.1000,0.5303127765655518
763,2.7890,175.2263,0.9000,0.9000,0.1000,0.1000,0.5329517722129822
764,2.7909,175.2263,0.9000,0.9037,0.1000,0.0963,0.5310028195381165
765,2.7900,175.2263,0.9000,0.9037,0.1000,0.0963,0.5319376587867737
766,2.7904,175.2263,0.9037,0.9037,0.0963,0.0963,0.5315164923667908
767,2.7923,175.2263,0.9037,0.9037,0.0963,0.0963,0.529612123966217
768,2.7901,175.2263,0.8963,0.9037,0.1037,0.0963,0.5318710207939148
769,2.7891,175.2263,0.9000,0.9037,0.1000,0.0963,0.532802939414978
770,2.7913,175.2263,0.9037,0.9000,0.0963,0.1000,0.5306458473205566
771,2.7902,175.2263,0.9037,0.9037,0.0963,0.0963,0.5317389369010925
772,2.7927,175.2263,0.9037,0.9037,0.0963,0.0963,0.5292077660560608
773,2.7898,175.2264,0.9037,0.9037,0.0963,0.0963,0.5321550965309143
774,2.7911,175.2264,0.9037,0.9037,0.0963,0.0963,0.5307832360267639
775,2.7917,175.2264,0.9000,0.9000,0.1000,0.1000,0.5302371382713318
776,2.7903,175.2264,0.9037,0.9037,0.0963,0.0963,0.5316352844238281
777,2.7891,175.2264,0.8963,0.9037,0.1037,0.0963,0.5327966809272766
778,2.7909,175.2264,0.9000,0.9037,0.1000,0.0963,0.5310010313987732
779,2.7903,175.2264,0.9037,0.9037,0.0963,0.0963,0.5316638946533203
780,2.7909,175.2264,0.9000,0.9037,0.1000,0.0963,0.5310234427452087
781,2.7882,175.2264,0.9037,0.9037,0.0963,0.0963,0.5336968302726746
782,2.7908,175.2264,0.8963,0.9037,0.1037,0.0963,0.531123697757721
783,2.7913,175.2264,0.9037,0.9037,0.0963,0.0963,0.5305849313735962
784,2.7912,175.2264,0.9000,0.9037,0.1000,0.0963,0.5307021141052246
785,2.7909,175.2264,0.9000,0.9037,0.1000,0.0963,0.5309980511665344
786,2.7916,175.2264,0.9037,0.9037,0.0963,0.0963,0.5302956700325012
787,2.7909,175.2264,0.9037,0.9000,0.0963,0.1000,0.5310230255126953
788,2.7923,175.2264,0.9037,0.9037,0.0963,0.0963,0.529630720615387
789,2.7906,175.2264,0.9000,0.9037,0.1000,0.0963,0.5313201546669006
790,2.7915,175.2264,0.9037,0.9037,0.0963,0.0963,0.5304434299468994
791,2.7893,175.2264,0.9000,0.9037,0.1000,0.0963,0.5325829982757568
792,2.7910,175.2264,0.9037,0.9037,0.0963,0.0963,0.5309510827064514
793,2.7912,175.2264,0.9000,0.9037,0.1000,0.0963,0.5307409167289734
794,2.7900,175.2264,0.9037,0.9037,0.0963,0.0963,0.5318890810012817
795,2.7899,175.2264,0.9037,0.9037,0.0963,0.0963,0.5320073366165161
796,2.7911,175.2264,0.9037,0.9037,0.0963,0.0963,0.5307785272598267
797,2.7913,175.2264,0.9000,0.9037,0.1000,0.0963,0.5305970907211304
798,2.7898,175.2264,0.8963,0.9037,0.1037,0.0963,0.5320901274681091
799,2.7918,175.2264,0.9037,0.9037,0.0963,0.0963,0.5301668643951416
800,2.7921,175.2264,0.8963,0.9037,0.1037,0.0963,0.5298418998718262
801,2.7896,175.2264,0.9000,0.9037,0.1000,0.0963,0.5323200225830078
802,2.7911,175.2264,0.9037,0.9037,0.0963,0.0963,0.5307952761650085
803,2.7904,175.2264,0.9037,0.9037,0.0963,0.0963,0.531575620174408
804,2.7908,175.2264,0.9037,0.9037,0.0963,0.0963,0.5311242938041687
805,2.7889,175.2264,0.9037,0.9037,0.0963,0.0963,0.5330606698989868
806,2.7896,175.2264,0.9000,0.9037,0.1000,0.0963,0.532307505607605
807,2.7925,175.2264,0.9037,0.9037,0.0963,0.0963,0.5294174551963806
808,2.7886,175.2264,0.8963,0.9037,0.1037,0.0963,0.5332971215248108
809,2.7926,175.2264,0.9037,0.9037,0.0963,0.0963,0.5293342471122742
810,2.7903,175.2264,0.9037,0.9000,0.0963,0.1000,0.5316678285598755
811,2.7915,175.2264,0.9037,0.9000,0.0963,0.1000,0.5304587483406067
812,2.7925,175.2264,0.9037,0.9037,0.0963,0.0963,0.5294073820114136
813,2.7900,175.2264,0.9037,0.9037,0.0963,0.0963,0.5319386124610901
814,2.7905,175.2264,0.9037,0.9037,0.0963,0.0963,0.5314404368400574
815,2.7910,175.2264,0.9037,0.9037,0.0963,0.0963,0.5308812260627747
816,2.7903,175.2264,0.9037,0.9000,0.0963,0.1000,0.5316559672355652
817,2.7898,175.2264,0.8963,0.9037,0.1037,0.0963,0.5321177840232849
818,2.7912,175.2264,0.9000,0.9037,0.1000,0.0963,0.5307687520980835
819,2.7924,175.2264,0.9037,0.9037,0.0963,0.0963,0.529558002948761
820,2.7901,175.2264,0.9037,0.9037,0.0963,0.0963,0.5317811965942383
821,2.7900,175.2264,0.9037,0.9000,0.0963,0.1000,0.5319778323173523
822,2.7912,175.2264,0.9000,0.9037,0.1000,0.0963,0.5307095646858215
823,2.7920,175.2264,0.9000,0.9037,0.1000,0.0963,0.5299669504165649
824,2.7880,175.2264,0.9000,0.9037,0.1000,0.0963,0.5339064002037048
825,2.7919,175.2264,0.9000,0.9037,0.1000,0.0963,0.5299910306930542
826,2.7912,175.2264,0.9000,0.9037,0.1000,0.0963,0.5306931138038635
827,2.7907,175.2264,0.9037,0.9000,0.0963,0.1000,0.5312281847000122
828,2.7905,175.2264,0.9037,0.9037,0.0963,0.0963,0.531406581401825
829,2.7921,175.2264,0.8963,0.9037,0.1037,0.0963,0.5298379063606262
830,2.7909,175.2264,0.9037,0.9037,0.0963,0.0963,0.5310461521148682
831,2.7906,175.2264,0.9037,0.9037,0.0963,0.0963,0.5313761830329895
832,2.7917,175.2264,0.9037,0.9037,0.0963,0.0963,0.530238926410675
833,2.7914,175.2264,0.9000,0.9037,0.1000,0.0963,0.5304943919181824
834,2.7888,175.2264,0.9000,0.9037,0.1000,0.0963,0.5331740975379944
835,2.7888,175.2264,0.9037,0.9037,0.0963,0.0963,0.5331202149391174
836,2.7910,175.2264,0.9000,0.9037,0.1000,0.0963,0.5309503078460693
837,2.7902,175.2264,0.9037,0.9037,0.0963,0.0963,0.5316852331161499
838,2.7908,175.2264,0.9000,0.9037,0.1000,0.0963,0.5311318039894104
839,2.7917,175.2264,0.8963,0.9037,0.1037,0.0963,0.5302512049674988
840,2.7919,175.2264,0.9037,0.9000,0.0963,0.1000,0.529994785785675
841,2.7905,175.2264,0.9037,0.9037,0.0963,0.0963,0.5313935279846191
842,2.7915,175.2264,0.9000,0.9037,0.1000,0.0963,0.5303893089294434
843,2.7917,175.2264,0.9000,0.9037,0.1000,0.0963,0.5302011966705322
844,2.7920,175.2264,0.9000,0.9037,0.1000,0.0963,0.529919445514679
845,2.7908,175.2264,0.9037,0.9037,0.0963,0.0963,0.5310864448547363
846,2.7910,175.2264,0.9000,0.9037,0.1000,0.0963,0.5309703946113586
847,2.7915,175.2264,0.9000,0.9037,0.1000,0.0963,0.5304204821586609
848,2.7906,175.2264,0.9037,0.9037,0.0963,0.0963,0.5313019752502441
849,2.7897,175.2264,0.9037,0.9037,0.0963,0.0963,0.5322141647338867
850,2.7922,175.2264,0.9000,0.9037,0.1000,0.0963,0.5296956300735474
851,2.7911,175.2264,0.9037,0.9037,0.0963,0.0963,0.5308752655982971
852,2.7896,175.2264,0.9037,0.9037,0.0963,0.0963,0.5323498249053955
853,2.7878,175.2264,0.9037,0.9037,0.0963,0.0963,0.5340879559516907
854,2.7916,175.2264,0.9037,0.9037,0.0963,0.0963,0.5302873849868774
855,2.7894,175.2264,0.9037,0.9037,0.0963,0.0963,0.5325051546096802
856,2.7915,175.2264,0.9037,0.9000,0.0963,0.1000,0.5304698944091797
857,2.7898,175.2264,0.9037,0.9037,0.0963,0.0963,0.5320931077003479
858,2.7907,175.2264,0.9037,0.9000,0.0963,0.1000,0.5311874151229858
859,2.7910,175.2264,0.9000,0.9037,0.1000,0.0963,0.530919075012207
860,2.7917,175.2264,0.9000,0.9037,0.1000,0.0963,0.53019779920578
861,2.7911,175.2264,0.9000,0.9037,0.1000,0.0963,0.5308623909950256
862,2.7918,175.2264,0.9037,0.9037,0.0963,0.0963,0.5301321744918823
863,2.7904,175.2264,0.8963,0.9037,0.1037,0.0963,0.5315406918525696
864,2.7913,175.2264,0.9037,0.9000,0.0963,0.1000,0.5305789709091187
865,2.7903,175.2264,0.9037,0.9037,0.0963,0.0963,0.5315794348716736
866,2.7904,175.2264,0.9037,0.9037,0.0963,0.0963,0.5314908623695374
867,2.7920,175.2264,0.9000,0.9037,0.1000,0.0963,0.5299456715583801
868,2.7901,175.2264,0.9037,0.9037,0.0963,0.0963,0.5318546295166016
869,2.7898,175.2264,0.9000,0.9037,0.1000,0.0963,0.5321202278137207
870,2.7903,175.2264,0.9000,0.9037,0.1000,0.0963,0.5316531658172607
871,2.7908,175.2264,0.9000,0.9037,0.1000,0.0963,0.5310792922973633
872,2.7894,175.2264,0.9000,0.9037,0.1000,0.0963,0.5325500965118408
873,2.7928,175.2264,0.9037,0.9037,0.0963,0.0963,0.5291768312454224
874,2.7906,175.2264,0.9000,0.9037,0.1000,0.0963,0.5313065648078918
875,2.7912,175.2264,0.9037,0.9037,0.0963,0.0963,0.5307432413101196
876,2.7906,175.2264,0.9037,0.9037,0.0963,0.0963,0.5313519835472107
877,2.7894,175.2264,0.9037,0.9037,0.0963,0.0963,0.5325040817260742
878,2.7883,175.2264,0.9037,0.9037,0.0963,0.0963,0.533623456954956
879,2.7894,175.2264,0.9037,0.9037,0.0963,0.0963,0.5325022339820862
880,2.7905,175.2264,0.9000,0.9037,0.1000,0.0963,0.5314316153526306
881,2.7914,175.2264,0.9037,0.9037,0.0963,0.0963,0.5305770039558411
882,2.7895,175.2264,0.8963,0.9037,0.1037,0.0963,0.5324076414108276
883,2.7919,175.2264,0.8963,0.9037,0.1037,0.0963,0.529985785484314
884,2.7916,175.2264,0.9037,0.9037,0.0963,0.0963,0.5303752422332764
885,2.7900,175.2264,0.9000,0.9000,0.1000,0.1000,0.5319353938102722
886,2.7916,175.2264,0.9037,0.9000,0.0963,0.1000,0.530364990234375
887,2.7903,175.2264,0.8963,0.9037,0.1037,0.0963,0.5315825939178467
888,2.7907,175.2264,0.9000,0.9037,0.1000,0.0963,0.5312495827674866
889,2.7899,175.2264,0.9000,0.9037,0.1000,0.0963,0.5319845676422119
890,2.7901,175.2264,0.9037,0.9037,0.0963,0.0963,0.5318111777305603
891,2.7909,175.2264,0.9037,0.9000,0.0963,0.1000,0.5309916138648987
892,2.7888,175.2264,0.9037,0.9037,0.0963,0.0963,0.5331085324287415
893,2.7913,175.2264,0.9037,0.9037,0.0963,0.0963,0.530601978302002
894,2.7879,175.2264,0.9037,0.9037,0.0963,0.0963,0.5340675711631775
895,2.7884,175.2264,0.8963,0.9037,0.1037,0.0963,0.5335326194763184
896,2.7909,175.2264,0.9000,0.9037,0.1000,0.0963,0.5310242176055908
897,2.7911,175.2264,0.9037,0.9037,0.0963,0.0963,0.530824601650238
898,2.7897,175.2264,0.9000,0.9037,0.1000,0.0963,0.5321989059448242
899,2.7893,175.2264,0.9037,0.9037,0.0963,0.0963,0.5326040983200073
900,2.7904,175.2264,0.9037,0.9037,0.0963,0.0963,0.5315545797348022
901,2.7902,175.2264,0.9000,0.9037,0.1000,0.0963,0.5316793322563171
902,2.7904,175.2264,0.9037,0.9037,0.0963,0.0963,0.5315307974815369
903,2.7906,175.2264,0.9000,0.9037,0.1000,0.0963,0.5313531756401062
904,2.7909,175.2264,0.9037,0.9037,0.0963,0.0963,0.5310733914375305
905,2.7914,175.2264,0.8963,0.9037,0.1037,0.0963,0.5305536985397339
906,2.7908,175.2264,0.9037,0.9037,0.0963,0.0963,0.5311601758003235
907,2.7896,175.2264,0.9037,0.9037,0.0963,0.0963,0.5323646068572998
908,2.7923,175.2264,0.9037,0.9037,0.0963,0.0963,0.5296400785446167
909,2.7890,175.2264,0.9037,0.9037,0.0963,0.0963,0.5329471230506897
910,2.7945,175.2264,0.9037,0.9000,0.0963,0.1000,0.5273804068565369
911,2.7909,175.2264,0.9037,0.9037,0.0963,0.0963,0.5310779213905334
912,2.7906,175.2264,0.9000,0.9000,0.1000,0.1000,0.5312857627868652
913,2.7919,175.2264,0.9000,0.9037,0.1000,0.0963,0.5299935340881348
914,2.7906,175.2264,0.9000,0.9037,0.1000,0.0963,0.5313745141029358
915,2.7890,175.2264,0.9000,0.9037,0.1000,0.0963,0.532915472984314
916,2.7907,175.2264,0.9037,0.9037,0.0963,0.0963,0.531261682510376
917,2.7907,175.2264,0.9037,0.9037,0.0963,0.0963,0.5312566161155701
918,2.7928,175.2264,0.9037,0.9037,0.0963,0.0963,0.5291672348976135
919,2.7911,175.2264,0.9037,0.9037,0.0963,0.0963,0.5308349132537842
920,2.7895,175.2264,0.9037,0.9037,0.0963,0.0963,0.5323871374130249
921,2.7925,175.2264,0.8963,0.9037,0.1037,0.0963,0.5294657349586487
922,2.7899,175.2264,0.9037,0.9037,0.0963,0.0963,0.5320500135421753
923,2.7909,175.2264,0.9037,0.9000,0.0963,0.1000,0.5310391187667847
924,2.7913,175.2264,0.9037,0.9037,0.0963,0.0963,0.530605673789978
925,2.7899,175.2264,0.9000,0.9037,0.1000,0.0963,0.5320297479629517
926,2.7912,175.2264,0.9000,0.9037,0.1000,0.0963,0.5307580828666687
927,2.7897,175.2264,0.9000,0.9037,0.1000,0.0963,0.5322504639625549
928,2.7902,175.2264,0.9037,0.9037,0.0963,0.0963,0.5317702889442444
929,2.7905,175.2264,0.9000,0.9037,0.1000,0.0963,0.5314483642578125
930,2.7898,175.2264,0.9037,0.9037,0.0963,0.0963,0.5321776270866394
931,2.7922,175.2264,0.9037,0.9037,0.0963,0.0963,0.5297486186027527
932,2.7876,175.2264,0.9000,0.9037,0.1000,0.0963,0.5343154668807983
933,2.7888,175.2264,0.9000,0.9037,0.1000,0.0963,0.5331467986106873
934,2.7904,175.2264,0.9037,0.9037,0.0963,0.0963,0.5315427780151367
935,2.7904,175.2264,0.9037,0.9037,0.0963,0.0963,0.5315346121788025
936,2.7902,175.2264,0.9000,0.9037,0.1000,0.0963,0.5317371487617493
937,2.7911,175.2264,0.9037,0.9037,0.0963,0.0963,0.5307855010032654
938,2.7891,175.2264,0.9000,0.9037,0.1000,0.0963,0.5328155159950256
939,2.7907,175.2264,0.9000,0.9037,0.1000,0.0963,0.5312361121177673
940,2.7907,175.2264,0.9000,0.9037,0.1000,0.0963,0.5312327146530151
941,2.7890,175.2264,0.9000,0.9037,0.1000,0.0963,0.5329145193099976
942,2.7894,175.2264,0.9037,0.9037,0.0963,0.0963,0.5325621366500854
943,2.7901,175.2264,0.9037,0.9037,0.0963,0.0963,0.5318295359611511
944,2.7922,175.2264,0.9037,0.9037,0.0963,0.0963,0.5296933650970459
945,2.7906,175.2264,0.9037,0.9037,0.0963,0.0963,0.5313084721565247
946,2.7915,175.2264,0.9037,0.9037,0.0963,0.0963,0.5304520726203918
947,2.7907,175.2264,0.9000,0.9037,0.1000,0.0963,0.5312073826789856
948,2.7899,175.2264,0.9037,0.9037,0.0963,0.0963,0.5320481657981873
949,2.7921,175.2264,0.9037,0.9037,0.0963,0.0963,0.5298642516136169
950,2.7921,175.2264,0.8963,0.9037,0.1037,0.0963,0.529795229434967
951,2.7923,175.2264,0.9000,0.9037,0.1000,0.0963,0.5296079516410828
952,2.7916,175.2264,0.8963,0.9037,0.1037,0.0963,0.530312180519104
953,2.7910,175.2264,0.9037,0.9037,0.0963,0.0963,0.5309401154518127
954,2.7909,175.2264,0.9000,0.9037,0.1000,0.0963,0.5309987664222717
955,2.7911,175.2264,0.9000,0.9037,0.1000,0.0963,0.5308354496955872
956,2.7885,175.2264,0.9000,0.9037,0.1000,0.0963,0.5334001779556274
957,2.7907,175.2264,0.9000,0.9037,0.1000,0.0963,0.5312541723251343
958,2.7902,175.2264,0.9000,0.9037,0.1000,0.0963,0.5317175388336182
959,2.7929,175.2264,0.9000,0.9037,0.1000,0.0963,0.5290164947509766
960,2.7895,175.2264,0.9037,0.9037,0.0963,0.0963,0.5324246287345886
961,2.7926,175.2264,0.9000,0.9037,0.1000,0.0963,0.529285728931427
962,2.7898,175.2264,0.9000,0.9037,0.1000,0.0963,0.5321760773658752
963,2.7910,175.2264,0.9000,0.9037,0.1000,0.0963,0.5308901071548462
964,2.7899,175.2264,0.9037,0.9037,0.0963,0.0963,0.5320175290107727
965,2.7906,175.2264,0.9000,0.9037,0.1000,0.0963,0.5313606858253479
966,2.7915,175.2264,0.9037,0.9037,0.0963,0.0963,0.5304443836212158
967,2.7909,175.2264,0.9000,0.9037,0.1000,0.0963,0.5310536623001099
968,2.7898,175.2264,0.9000,0.9037,0.1000,0.0963,0.5321241617202759
969,2.7920,175.2264,0.9037,0.9037,0.0963,0.0963,0.5299562811851501
970,2.7905,175.2264,0.9037,0.9037,0.0963,0.0963,0.5314237475395203
971,2.7912,175.2264,0.9037,0.9037,0.0963,0.0963,0.530727207660675
972,2.7908,175.2264,0.9037,0.9000,0.0963,0.1000,0.5311058163642883
973,2.7899,175.2264,0.9037,0.9037,0.0963,0.0963,0.5319927930831909
974,2.7901,175.2264,0.9000,0.9000,0.1000,0.1000,0.5318669080734253
975,2.7891,175.2264,0.9037,0.9037,0.0963,0.0963,0.5328707098960876
976,2.7908,175.2264,0.9000,0.9037,0.1000,0.0963,0.5311593413352966
977,2.7884,175.2264,0.9037,0.9037,0.0963,0.0963,0.5335075259208679
978,2.7892,175.2264,0.9000,0.9037,0.1000,0.0963,0.5327214598655701
979,2.7937,175.2264,0.9037,0.9037,0.0963,0.0963,0.5282642841339111
980,2.7908,175.2264,0.8963,0.9037,0.1037,0.0963,0.5311448574066162
981,2.7909,175.2264,0.9000,0.9037,0.1000,0.0963,0.531046986579895
982,2.7885,175.2264,0.9000,0.9037,0.1000,0.0963,0.5334659814834595
983,2.7905,175.2264,0.9000,0.9037,0.1000,0.0963,0.5314761996269226
984,2.7916,175.2264,0.9037,0.9037,0.0963,0.0963,0.530346691608429
985,2.7908,175.2264,0.9037,0.9037,0.0963,0.0963,0.531144917011261
986,2.7925,175.2264,0.9037,0.9037,0.0963,0.0963,0.5294527411460876
987,2.7889,175.2264,0.8963,0.9037,0.1037,0.0963,0.5330523252487183
988,2.7890,175.2264,0.9000,0.9037,0.1000,0.0963,0.5329198837280273
989,2.7912,175.2264,0.9000,0.9037,0.1000,0.0963,0.5307439565658569
990,2.7905,175.2264,0.9037,0.9037,0.0963,0.0963,0.5314526557922363
991,2.7900,175.2264,0.9037,0.9037,0.0963,0.0963,0.5319526791572571
992,2.7914,175.2264,0.9000,0.9037,0.1000,0.0963,0.5304859280586243
993,2.7912,175.2264,0.9037,0.9037,0.0963,0.0963,0.5307159423828125
994,2.7907,175.2264,0.9000,0.9000,0.1000,0.1000,0.5312763452529907
995,2.7917,175.2264,0.9037,0.9037,0.0963,0.0963,0.5301928520202637
996,2.7930,175.2264,0.9000,0.9037,0.1000,0.0963,0.5288916826248169
997,2.7897,175.2264,0.9037,0.9037,0.0963,0.0963,0.5321799516677856
998,2.7887,175.2264,0.9000,0.9037,0.1000,0.0963,0.5331984162330627
999,2.7920,175.2264,0.9000,0.9037,0.1000,0.0963,0.5299773216247559
