0,0.0172,109.4749,0.1481,0.1481,0.8519,0.8519,3.304769515991211,9.99999993922529e-09
1,0.1467,109.2873,0.2259,0.2185,0.7741,0.7815,3.1752467155456543,9.99999993922529e-09
2,0.2704,109.2420,0.3074,0.3074,0.6926,0.6926,3.0515031814575195,9.99999993922529e-09
3,0.3971,109.3428,0.4000,0.3963,0.6000,0.6037,2.924812078475952,9.99999993922529e-09
4,0.5275,109.5599,0.4667,0.4667,0.5333,0.5333,2.794473886489868,9.99999993922529e-09
5,0.6627,109.9085,0.5222,0.5185,0.4778,0.4815,2.659259796142578,9.99999993922529e-09
6,0.7960,110.4118,0.5741,0.5741,0.4259,0.4259,2.525886297225952,9.99999993922529e-09
7,0.9279,111.0470,0.6222,0.6222,0.3778,0.3778,2.393996238708496,9.99999993922529e-09
8,1.0564,111.7386,0.6444,0.6444,0.3556,0.3556,2.265547275543213,9.99999993922529e-09
9,1.1796,112.5137,0.6593,0.6593,0.3407,0.3407,2.14233660697937,9.99999993922529e-09
10,1.2981,113.3743,0.6926,0.6852,0.3074,0.3148,2.023860454559326,9.99999993922529e-09
11,1.4097,114.3421,0.6926,0.6889,0.3074,0.3111,1.912232756614685,9.99999993922529e-09
12,1.5126,115.4526,0.7000,0.7000,0.3000,0.3000,1.8092836141586304,9.99999993922529e-09
13,1.6132,116.5606,0.7185,0.7185,0.2815,0.2815,1.7087254524230957,9.99999993922529e-09
14,1.7058,117.4368,0.7407,0.7370,0.2593,0.2630,1.616093397140503,9.99999993922529e-09
15,1.7878,118.5397,0.7519,0.7444,0.2481,0.2556,1.5341002941131592,9.99999993922529e-09
16,1.8650,119.7650,0.7556,0.7593,0.2444,0.2407,1.456977128982544,9.99999993922529e-09
17,1.9314,121.0115,0.7630,0.7630,0.2370,0.2370,1.3905034065246582,9.99999993922529e-09
18,1.9917,122.2701,0.7667,0.7630,0.2333,0.2370,1.3302494287490845,9.99999993922529e-09
19,2.0509,123.4908,0.7741,0.7741,0.2259,0.2259,1.2710373401641846,9.99999993922529e-09
20,2.1015,124.6455,0.7852,0.7852,0.2148,0.2148,1.2204210758209229,9.99999993922529e-09
21,2.1465,125.9099,0.7926,0.7926,0.2074,0.2074,1.1754378080368042,9.99999993922529e-09
22,2.1838,127.0118,0.7926,0.7926,0.2074,0.2074,1.138099193572998,9.99999993922529e-09
23,2.2235,128.1273,0.7926,0.7926,0.2074,0.2074,1.0983965396881104,9.99999993922529e-09
24,2.2578,129.2780,0.8000,0.8000,0.2000,0.2000,1.0641459226608276,9.99999993922529e-09
25,2.2860,130.4839,0.8111,0.8111,0.1889,0.1889,1.0358940362930298,9.99999993922529e-09
26,2.3164,131.6814,0.8296,0.8259,0.1704,0.1741,1.0055510997772217,9.99999993922529e-09
27,2.3456,132.8052,0.8407,0.8370,0.1593,0.1630,0.9762972593307495,9.99999993922529e-09
28,2.3669,133.8778,0.8296,0.8333,0.1704,0.1667,0.9550594687461853,9.99999993922529e-09
29,2.3866,135.0816,0.8370,0.8333,0.1630,0.1667,0.9353679418563843,9.99999993922529e-09
30,2.4050,136.0068,0.8370,0.8333,0.1630,0.1667,0.9169597029685974,9.99999993922529e-09
31,2.4247,137.0209,0.8444,0.8444,0.1556,0.1556,0.8972510099411011,9.99999993922529e-09
32,2.4383,137.7984,0.8407,0.8407,0.1593,0.1593,0.883644163608551,9.99999993922529e-09
33,2.4540,138.8171,0.8407,0.8407,0.1593,0.1593,0.867890477180481,9.99999993922529e-09
34,2.4696,139.7025,0.8407,0.8407,0.1593,0.1593,0.8523390293121338,9.99999993922529e-09
35,2.4848,140.4256,0.8481,0.8481,0.1519,0.1519,0.8371267914772034,9.99999993922529e-09
36,2.4937,141.1890,0.8519,0.8481,0.1481,0.1519,0.8282070755958557,9.99999993922529e-09
37,2.5038,141.9665,0.8519,0.8481,0.1481,0.1519,0.8181529641151428,9.99999993922529e-09
38,2.5130,142.8092,0.8556,0.8593,0.1444,0.1407,0.8089194893836975,9.99999993922529e-09
39,2.5216,143.5001,0.8519,0.8556,0.1481,0.1444,0.8002994656562805,9.99999993922529e-09
40,2.5341,144.4244,0.8593,0.8593,0.1407,0.1407,0.7878375053405762,9.99999993922529e-09
41,2.5434,145.1565,0.8593,0.8593,0.1407,0.1407,0.7785316109657288,9.99999993922529e-09
42,2.5502,145.8259,0.8593,0.8630,0.1407,0.1370,0.7717596292495728,9.99999993922529e-09
43,2.5621,146.5275,0.8593,0.8593,0.1407,0.1407,0.7598249316215515,9.99999993922529e-09
44,2.5680,147.1481,0.8593,0.8593,0.1407,0.1407,0.7539449334144592,9.99999993922529e-09
45,2.5763,147.8163,0.8667,0.8667,0.1333,0.1333,0.7455909848213196,9.99999993922529e-09
46,2.5806,148.6061,0.8630,0.8630,0.1370,0.1370,0.7412826418876648,9.99999993922529e-09
47,2.5880,149.1266,0.8704,0.8704,0.1296,0.1296,0.7338914275169373,9.99999993922529e-09
48,2.5929,149.7777,0.8741,0.8741,0.1259,0.1259,0.72905433177948,9.99999993922529e-09
49,2.6007,150.4419,0.8778,0.8778,0.1222,0.1222,0.7212769389152527,9.99999993922529e-09
50,2.6082,151.0427,0.8778,0.8815,0.1222,0.1185,0.7137549519538879,9.99999993922529e-09
51,2.6114,151.5070,0.8852,0.8852,0.1148,0.1148,0.7105613350868225,9.99999993922529e-09
52,2.6156,152.1582,0.8852,0.8852,0.1148,0.1148,0.7063456177711487,9.99999993922529e-09
53,2.6210,152.6336,0.8852,0.8852,0.1148,0.1148,0.7009708285331726,9.99999993922529e-09
54,2.6263,153.1244,0.8852,0.8852,0.1148,0.1148,0.6956045031547546,9.99999993922529e-09
55,2.6277,153.7744,0.8852,0.8852,0.1148,0.1148,0.6942480206489563,9.99999993922529e-09
56,2.6360,154.2917,0.8852,0.8852,0.1148,0.1148,0.6859096884727478,9.99999993922529e-09
57,2.6378,154.8460,0.8852,0.8852,0.1148,0.1148,0.6841517090797424,9.99999993922529e-09
58,2.6439,155.2623,0.8852,0.8852,0.1148,0.1148,0.6780611872673035,9.99999993922529e-09
59,2.6498,155.8477,0.8852,0.8852,0.1148,0.1148,0.6721211671829224,9.99999993922529e-09
60,2.6514,156.2894,0.8889,0.8852,0.1111,0.1148,0.6705468893051147,9.99999993922529e-09
61,2.6553,156.7991,0.8889,0.8889,0.1111,0.1111,0.6665874123573303,9.99999993922529e-09
62,2.6596,157.2764,0.8889,0.8889,0.1111,0.1111,0.662373960018158,9.99999993922529e-09
63,2.6614,157.7662,0.8889,0.8889,0.1111,0.1111,0.6605471968650818,9.99999993922529e-09
64,2.6681,158.1727,0.8889,0.8889,0.1111,0.1111,0.653828501701355,9.99999993922529e-09
65,2.6687,158.5121,0.8889,0.8889,0.1111,0.1111,0.6532112956047058,9.99999993922529e-09
66,2.6705,158.8879,0.8852,0.8889,0.1148,0.1111,0.6514291763305664,9.99999993922529e-09
67,2.6731,159.2422,0.8815,0.8889,0.1185,0.1111,0.6488707065582275,9.99999993922529e-09
68,2.6773,159.5905,0.8889,0.8889,0.1111,0.1111,0.6446664333343506,9.99999993922529e-09
69,2.6792,159.9722,0.8852,0.8889,0.1148,0.1111,0.6427451372146606,9.99999993922529e-09
70,2.6815,160.3775,0.8852,0.8852,0.1148,0.1148,0.6404216289520264,9.99999993922529e-09
71,2.6840,160.7541,0.8852,0.8889,0.1148,0.1111,0.6379559636116028,9.99999993922529e-09
72,2.6886,161.1002,0.8852,0.8889,0.1148,0.1111,0.6332831978797913,9.99999993922529e-09
73,2.6895,161.5205,0.8852,0.8852,0.1148,0.1148,0.6324493885040283,9.99999993922529e-09
74,2.6933,161.9609,0.8852,0.8852,0.1148,0.1148,0.6286713480949402,9.99999993922529e-09
75,2.6960,162.3234,0.8889,0.8852,0.1111,0.1148,0.6259305477142334,9.99999993922529e-09
76,2.6970,162.6030,0.8889,0.8889,0.1111,0.1111,0.6249159574508667,9.99999993922529e-09
77,2.6972,163.0756,0.8852,0.8852,0.1148,0.1148,0.6247118711471558,9.99999993922529e-09
78,2.6985,163.4543,0.8852,0.8852,0.1148,0.1148,0.6234201192855835,9.99999993922529e-09
79,2.7015,163.7536,0.8852,0.8852,0.1148,0.1148,0.620442271232605,9.99999993922529e-09
80,2.7052,164.0759,0.8889,0.8852,0.1111,0.1148,0.6167728304862976,9.99999993922529e-09
81,2.7080,164.3788,0.8889,0.8889,0.1111,0.1111,0.6139011383056641,9.99999993922529e-09
82,2.7090,164.7143,0.8852,0.8852,0.1148,0.1148,0.6128861308097839,9.99999993922529e-09
83,2.7095,165.0588,0.8852,0.8852,0.1148,0.1148,0.6124244332313538,9.99999993922529e-09
84,2.7085,165.3721,0.8852,0.8852,0.1148,0.1148,0.6134520173072815,9.99999993922529e-09
85,2.7121,165.7510,0.8852,0.8852,0.1148,0.1148,0.6098359823226929,9.99999993922529e-09
86,2.7163,166.0084,0.8889,0.8852,0.1111,0.1148,0.6055880188941956,9.99999993922529e-09
87,2.7147,166.3092,0.8852,0.8852,0.1148,0.1148,0.6072140336036682,9.99999993922529e-09
88,2.7160,166.6385,0.8852,0.8852,0.1148,0.1148,0.6059087514877319,9.99999993922529e-09
89,2.7185,166.8836,0.8889,0.8852,0.1111,0.1148,0.6033961176872253,9.99999993922529e-09
90,2.7202,167.0645,0.8852,0.8852,0.1148,0.1148,0.6016978621482849,9.99999993922529e-09
91,2.7213,167.3605,0.8852,0.8852,0.1148,0.1148,0.6005862951278687,9.99999993922529e-09
92,2.7237,167.6308,0.8852,0.8852,0.1148,0.1148,0.5982115864753723,9.99999993922529e-09
93,2.7244,167.9218,0.8889,0.8852,0.1111,0.1148,0.5975055694580078,9.99999993922529e-09
94,2.7240,168.1383,0.8852,0.8852,0.1148,0.1148,0.5978995561599731,9.99999993922529e-09
95,2.7259,168.3980,0.8852,0.8852,0.1148,0.1148,0.5960244536399841,9.99999993922529e-09
96,2.7264,168.6434,0.8852,0.8852,0.1148,0.1148,0.5954877138137817,9.99999993922529e-09
97,2.7293,168.9160,0.8852,0.8852,0.1148,0.1148,0.5926727652549744,9.99999993922529e-09
98,2.7300,169.1396,0.8852,0.8852,0.1148,0.1148,0.591915488243103,9.99999993922529e-09
99,2.7304,169.3746,0.8852,0.8889,0.1148,0.1111,0.5914801955223083,9.99999993922529e-09
100,2.7307,169.5959,0.8889,0.8852,0.1111,0.1148,0.5911939740180969,9.99999993922529e-09
101,2.7323,169.7687,0.8852,0.8889,0.1148,0.1111,0.5896706581115723,9.99999993922529e-09
102,2.7330,169.9185,0.8852,0.8852,0.1148,0.1148,0.5889209508895874,9.99999993922529e-09
103,2.7346,170.0971,0.8852,0.8889,0.1148,0.1111,0.5873399376869202,9.99999993922529e-09
104,2.7350,170.3141,0.8926,0.8889,0.1074,0.1111,0.586958646774292,9.99999993922529e-09
105,2.7374,170.4981,0.8889,0.8889,0.1111,0.1111,0.5844956040382385,9.99999993922529e-09
106,2.7368,170.7029,0.8889,0.8889,0.1111,0.1111,0.5851588249206543,9.99999993922529e-09
107,2.7368,170.9515,0.8926,0.8889,0.1074,0.1111,0.5851479768753052,9.99999993922529e-09
108,2.7379,171.1307,0.8889,0.8889,0.1111,0.1111,0.5840507745742798,9.99999993922529e-09
109,2.7378,171.3456,0.8889,0.8889,0.1111,0.1111,0.5841121673583984,9.99999993922529e-09
110,2.7375,171.5012,0.8852,0.8889,0.1148,0.1111,0.5843935012817383,9.99999993922529e-09
111,2.7398,171.6873,0.8889,0.8926,0.1111,0.1074,0.5820830464363098,9.99999993922529e-09
112,2.7411,171.8506,0.8889,0.8926,0.1111,0.1074,0.5807892680168152,9.99999993922529e-09
113,2.7390,172.0246,0.8889,0.8926,0.1111,0.1074,0.5828931927680969,9.99999993922529e-09
114,2.7411,172.1902,0.8926,0.8963,0.1074,0.1037,0.5808590650558472,9.99999993922529e-09
115,2.7410,172.4280,0.8926,0.8963,0.1074,0.1037,0.580962061882019,9.99999993922529e-09
116,2.7442,172.6517,0.8963,0.8963,0.1037,0.1037,0.5777427554130554,9.99999993922529e-09
117,2.7457,172.8614,0.8963,0.8963,0.1037,0.1037,0.5762406587600708,9.99999993922529e-09
118,2.7428,173.0125,0.8926,0.8963,0.1074,0.1037,0.57913738489151,9.99999993922529e-09
119,2.7477,173.2037,0.8926,0.8963,0.1074,0.1037,0.5742425322532654,9.99999993922529e-09
120,2.7474,173.3406,0.8963,0.8963,0.1037,0.1037,0.574531614780426,9.99999993922529e-09
121,2.7484,173.4826,0.8963,0.8926,0.1037,0.1074,0.5735731720924377,9.99999993922529e-09
122,2.7455,173.6522,0.8963,0.8963,0.1037,0.1037,0.5764648914337158,9.99999993922529e-09
123,2.7478,173.7936,0.8963,0.8963,0.1037,0.1037,0.5741510391235352,9.99999993922529e-09
124,2.7496,173.9599,0.8963,0.8963,0.1037,0.1037,0.5723284482955933,9.99999993922529e-09
125,2.7509,174.1075,0.8963,0.8926,0.1037,0.1074,0.5710089206695557,9.99999993922529e-09
126,2.7490,174.2764,0.8926,0.8963,0.1074,0.1037,0.5729103088378906,9.99999993922529e-09
127,2.7500,174.4468,0.8926,0.8963,0.1074,0.1037,0.5719680190086365,9.99999993922529e-09
128,2.7511,174.6394,0.8926,0.8926,0.1074,0.1074,0.570797860622406,9.99999993922529e-09
129,2.7508,174.8070,0.8926,0.8963,0.1074,0.1037,0.5710804462432861,9.99999993922529e-09
130,2.7520,174.9490,0.8926,0.8926,0.1074,0.1074,0.5698798894882202,9.99999993922529e-09
131,2.7523,175.1284,0.8926,0.8926,0.1074,0.1074,0.5696724057197571,9.99999993922529e-09
132,2.7503,175.2792,0.8926,0.8926,0.1074,0.1074,0.5716217756271362,9.99999993922529e-09
133,2.7531,175.4164,0.8926,0.8926,0.1074,0.1074,0.5688744187355042,9.99999993922529e-09
134,2.7518,175.5360,0.9000,0.8926,0.1000,0.1074,0.5700960755348206,9.99999993922529e-09
135,2.7544,175.6496,0.8926,0.8926,0.1074,0.1074,0.5674824118614197,9.99999993922529e-09
136,2.7545,175.7958,0.8963,0.8963,0.1037,0.1037,0.567385196685791,9.99999993922529e-09
137,2.7524,175.9453,0.9000,0.8926,0.1000,0.1074,0.5695692300796509,9.99999993922529e-09
138,2.7545,176.0980,0.8963,0.8926,0.1037,0.1074,0.567473292350769,9.99999993922529e-09
139,2.7540,176.2256,0.8963,0.8926,0.1037,0.1074,0.5678814649581909,9.99999993922529e-09
140,2.7535,176.3013,0.8926,0.8926,0.1074,0.1074,0.5684641599655151,9.99999993922529e-09
141,2.7540,176.4270,0.9000,0.8926,0.1000,0.1074,0.5679347515106201,9.99999993922529e-09
142,2.7539,176.5573,0.8926,0.8926,0.1074,0.1074,0.568043053150177,9.99999993922529e-09
143,2.7554,176.6693,0.8926,0.8926,0.1074,0.1074,0.5665431022644043,9.99999993922529e-09
144,2.7551,176.7747,0.8926,0.8926,0.1074,0.1074,0.5668711066246033,9.99999993922529e-09
145,2.7554,176.8792,0.8926,0.8963,0.1074,0.1037,0.5664852261543274,9.99999993922529e-09
146,2.7541,177.0143,0.8926,0.8926,0.1074,0.1074,0.5677831768989563,9.99999993922529e-09
147,2.7579,177.1659,0.8926,0.8926,0.1074,0.1074,0.5640571713447571,9.99999993922529e-09
148,2.7577,177.2648,0.8926,0.8926,0.1074,0.1074,0.5642593502998352,9.99999993922529e-09
149,2.7569,177.3783,0.8926,0.8926,0.1074,0.1074,0.5649901628494263,9.99999993922529e-09
150,2.7592,177.5143,0.8926,0.8926,0.1074,0.1074,0.5627049207687378,9.99999993922529e-09
151,2.7568,177.6310,0.8926,0.8963,0.1074,0.1037,0.5650950074195862,9.99999993922529e-09
152,2.7603,177.7376,0.8963,0.8963,0.1037,0.1037,0.561599612236023,9.99999993922529e-09
153,2.7600,177.8299,0.8926,0.8963,0.1074,0.1037,0.5619250535964966,9.99999993922529e-09
154,2.7580,177.9331,0.8963,0.8963,0.1037,0.1037,0.5639610290527344,9.99999993922529e-09
155,2.7586,178.0401,0.8926,0.8963,0.1074,0.1037,0.563336193561554,9.99999993922529e-09
156,2.7585,178.1323,0.8963,0.8963,0.1037,0.1037,0.563380241394043,9.99999993922529e-09
157,2.7623,178.2634,0.8963,0.8926,0.1037,0.1074,0.5596613883972168,9.99999993922529e-09
158,2.7600,178.3503,0.8926,0.8926,0.1074,0.1074,0.5619233846664429,9.99999993922529e-09
159,2.7589,178.4303,0.8963,0.8963,0.1037,0.1037,0.5630179643630981,9.99999993922529e-09
160,2.7607,178.5337,0.8963,0.8926,0.1037,0.1074,0.5612573623657227,9.99999993922529e-09
161,2.7610,178.6018,0.8963,0.8926,0.1037,0.1074,0.5609722137451172,9.99999993922529e-09
162,2.7617,178.7025,0.8926,0.8963,0.1074,0.1037,0.5602654218673706,9.99999993922529e-09
163,2.7614,178.7857,0.8926,0.8926,0.1074,0.1074,0.5605772733688354,9.99999993922529e-09
164,2.7592,178.8732,0.8963,0.8963,0.1037,0.1037,0.5626956820487976,9.99999993922529e-09
165,2.7623,178.9695,0.9000,0.8963,0.1000,0.1037,0.5595982074737549,9.99999993922529e-09
166,2.7621,179.0477,0.8963,0.8963,0.1037,0.1037,0.5597891211509705,9.99999993922529e-09
167,2.7614,179.1355,0.8963,0.8963,0.1037,0.1037,0.5605155825614929,9.99999993922529e-09
168,2.7648,179.2267,0.8963,0.8963,0.1037,0.1037,0.5571495294570923,9.99999993922529e-09
169,2.7611,179.3313,0.8926,0.8926,0.1074,0.1074,0.5608597993850708,9.99999993922529e-09
170,2.7620,179.4169,0.8963,0.8963,0.1037,0.1037,0.5598877668380737,9.99999993922529e-09
171,2.7623,179.4970,0.8926,0.8963,0.1074,0.1037,0.5596790909767151,9.99999993922529e-09
172,2.7637,179.5550,0.8963,0.8963,0.1037,0.1037,0.5582154393196106,9.99999993922529e-09
173,2.7616,179.6328,0.8963,0.8963,0.1037,0.1037,0.5603520274162292,9.99999993922529e-09
174,2.7628,179.7118,0.9000,0.8963,0.1000,0.1037,0.559177815914154,9.99999993922529e-09
175,2.7635,179.7965,0.8963,0.8963,0.1037,0.1037,0.558455228805542,9.99999993922529e-09
176,2.7632,179.8708,0.8963,0.8963,0.1037,0.1037,0.5586925148963928,9.99999993922529e-09
177,2.7637,179.9534,0.8963,0.8963,0.1037,0.1037,0.5581833720207214,9.99999993922529e-09
178,2.7661,180.0221,0.9000,0.8963,0.1000,0.1037,0.5558680295944214,9.99999993922529e-09
179,2.7646,180.0947,0.8963,0.8963,0.1037,0.1037,0.5573431849479675,9.99999993922529e-09
180,2.7658,180.1822,0.9000,0.8963,0.1000,0.1037,0.5561107397079468,9.99999993922529e-09
181,2.7647,180.2740,0.8963,0.8963,0.1037,0.1037,0.5572629570960999,9.99999993922529e-09
182,2.7634,180.3374,0.8926,0.8963,0.1074,0.1037,0.558577299118042,9.99999993922529e-09
183,2.7651,180.4111,0.8963,0.9000,0.1037,0.1000,0.5568082928657532,9.99999993922529e-09
184,2.7639,180.4685,0.8926,0.8963,0.1074,0.1037,0.5579845905303955,9.99999993922529e-09
185,2.7648,180.5148,0.9000,0.8926,0.1000,0.1074,0.5571156144142151,9.99999993922529e-09
186,2.7652,180.5791,0.8963,0.9000,0.1037,0.1000,0.556769847869873,9.99999993922529e-09
187,2.7666,180.6441,0.8963,0.9000,0.1037,0.1000,0.5553218722343445,9.99999993922529e-09
188,2.7642,180.7119,0.9000,0.9000,0.1000,0.1000,0.5576993823051453,9.99999993922529e-09
189,2.7655,180.7766,0.9000,0.9000,0.1000,0.1000,0.5564022660255432,9.99999993922529e-09
190,2.7662,180.8288,0.9000,0.9000,0.1000,0.1000,0.5557694435119629,9.99999993922529e-09
191,2.7670,180.8944,0.8963,0.9000,0.1037,0.1000,0.5549203157424927,9.99999993922529e-09
192,2.7662,180.9343,0.8963,0.9000,0.1037,0.1000,0.5557577610015869,9.99999993922529e-09
193,2.7666,181.0044,0.9000,0.9000,0.1000,0.1000,0.5553324818611145,9.99999993922529e-09
194,2.7670,181.0732,0.9000,0.9000,0.1000,0.1000,0.5548874735832214,9.99999993922529e-09
195,2.7664,181.1395,0.8963,0.9000,0.1037,0.1000,0.5555452704429626,9.99999993922529e-09
196,2.7677,181.1862,0.9000,0.9000,0.1000,0.1000,0.5541948676109314,9.99999993922529e-09
197,2.7658,181.2579,0.9000,0.9000,0.1000,0.1000,0.5561662316322327,9.99999993922529e-09
198,2.7661,181.3212,0.9000,0.9000,0.1000,0.1000,0.5557937622070312,9.99999993922529e-09
199,2.7647,181.3885,0.9000,0.9000,0.1000,0.1000,0.5572369694709778,9.99999993922529e-09
200,2.7667,181.4434,0.9000,0.9000,0.1000,0.1000,0.5552722811698914,9.99999993922529e-09
201,2.7663,181.5042,0.9000,0.9000,0.1000,0.1000,0.5556305646896362,9.99999993922529e-09
202,2.7673,181.5599,0.9000,0.9000,0.1000,0.1000,0.5546545386314392,9.99999993922529e-09
203,2.7663,181.6138,0.9000,0.9000,0.1000,0.1000,0.5556681752204895,9.99999993922529e-09
204,2.7676,181.6586,0.8963,0.9000,0.1037,0.1000,0.5542870163917542,9.99999993922529e-09
205,2.7688,181.7073,0.9000,0.9000,0.1000,0.1000,0.5531551837921143,9.99999993922529e-09
206,2.7684,181.7670,0.8926,0.9000,0.1074,0.1000,0.5535352230072021,9.99999993922529e-09
207,2.7683,181.8209,0.9000,0.9000,0.1000,0.1000,0.5536388158798218,9.99999993922529e-09
208,2.7668,181.8737,0.8963,0.9000,0.1037,0.1000,0.555152952671051,9.99999993922529e-09
209,2.7688,181.9306,0.8963,0.9000,0.1037,0.1000,0.553119957447052,9.99999993922529e-09
210,2.7686,181.9826,0.9000,0.9000,0.1000,0.1000,0.5532896518707275,9.99999993922529e-09
211,2.7679,182.0350,0.9000,0.9000,0.1000,0.1000,0.5540751218795776,9.99999993922529e-09
212,2.7686,182.0836,0.9000,0.9000,0.1000,0.1000,0.5533261299133301,9.99999993922529e-09
213,2.7689,182.1286,0.9000,0.9000,0.1000,0.1000,0.5529981255531311,9.99999993922529e-09
214,2.7669,182.1695,0.8963,0.9000,0.1037,0.1000,0.5550317168235779,9.99999993922529e-09
215,2.7678,182.2048,0.9000,0.9000,0.1000,0.1000,0.554132878780365,9.99999993922529e-09
216,2.7677,182.2424,0.9000,0.9000,0.1000,0.1000,0.5542561411857605,9.99999993922529e-09
217,2.7698,182.2973,0.9000,0.9000,0.1000,0.1000,0.5521373748779297,9.99999993922529e-09
218,2.7674,182.3384,0.9000,0.9000,0.1000,0.1000,0.5545362234115601,9.99999993922529e-09
219,2.7693,182.3668,0.9000,0.9000,0.1000,0.1000,0.5526629090309143,9.99999993922529e-09
220,2.7687,182.3957,0.9000,0.9000,0.1000,0.1000,0.5532642602920532,9.99999993922529e-09
221,2.7704,182.4328,0.9000,0.9000,0.1000,0.1000,0.5515416264533997,9.99999993922529e-09
222,2.7694,182.4709,0.9000,0.9000,0.1000,0.1000,0.5525095462799072,9.99999993922529e-09
223,2.7686,182.5230,0.8963,0.9000,0.1037,0.1000,0.5533701181411743,9.99999993922529e-09
224,2.7701,182.5544,0.9000,0.9000,0.1000,0.1000,0.5518253445625305,9.99999993922529e-09
225,2.7685,182.5887,0.9000,0.9000,0.1000,0.1000,0.5534312129020691,9.99999993922529e-09
226,2.7698,182.6192,0.9000,0.9000,0.1000,0.1000,0.5521230697631836,9.99999993922529e-09
227,2.7693,182.6569,0.9000,0.9000,0.1000,0.1000,0.5525863766670227,9.99999993922529e-09
228,2.7696,182.7054,0.9000,0.9000,0.1000,0.1000,0.5523664951324463,9.99999993922529e-09
229,2.7681,182.7453,0.9000,0.9000,0.1000,0.1000,0.5538272261619568,9.99999993922529e-09
230,2.7682,182.7751,0.9000,0.9000,0.1000,0.1000,0.5537548065185547,9.99999993922529e-09
231,2.7711,182.8128,0.8963,0.9000,0.1037,0.1000,0.5508281588554382,9.99999993922529e-09
232,2.7678,182.8441,0.9000,0.9000,0.1000,0.1000,0.5541531443595886,9.99999993922529e-09
233,2.7695,182.8735,0.9000,0.9000,0.1000,0.1000,0.5524649024009705,9.99999993922529e-09
234,2.7677,182.8997,0.9000,0.9000,0.1000,0.1000,0.5542498826980591,9.99999993922529e-09
235,2.7716,182.9445,0.9000,0.9000,0.1000,0.1000,0.550359308719635,9.99999993922529e-09
236,2.7708,182.9793,0.9000,0.9000,0.1000,0.1000,0.5511360764503479,9.99999993922529e-09
237,2.7717,183.0175,0.9000,0.9000,0.1000,0.1000,0.5502625107765198,9.99999993922529e-09
238,2.7714,183.0497,0.9000,0.9000,0.1000,0.1000,0.5504927635192871,9.99999993922529e-09
239,2.7706,183.0792,0.9000,0.9000,0.1000,0.1000,0.5513030290603638,9.99999993922529e-09
240,2.7704,183.1103,0.9000,0.9000,0.1000,0.1000,0.5515231490135193,9.99999993922529e-09
241,2.7706,183.1377,0.9000,0.9000,0.1000,0.1000,0.5513197779655457,9.99999993922529e-09
242,2.7694,183.1689,0.9000,0.9000,0.1000,0.1000,0.5524967908859253,9.99999993922529e-09
243,2.7718,183.1986,0.9000,0.9000,0.1000,0.1000,0.5501124858856201,9.99999993922529e-09
244,2.7709,183.2228,0.9000,0.9000,0.1000,0.1000,0.5510520339012146,9.99999993922529e-09
245,2.7676,183.2469,0.9000,0.9000,0.1000,0.1000,0.5542876720428467,9.99999993922529e-09
246,2.7710,183.2778,0.9000,0.9000,0.1000,0.1000,0.5509236454963684,9.99999993922529e-09
247,2.7704,183.3089,0.9000,0.9000,0.1000,0.1000,0.5515334010124207,9.99999993922529e-09
248,2.7706,183.3419,0.8963,0.9000,0.1037,0.1000,0.551366925239563,9.99999993922529e-09
249,2.7686,183.3650,0.9000,0.9000,0.1000,0.1000,0.5533263087272644,9.99999993922529e-09
250,2.7704,183.3929,0.9000,0.9000,0.1000,0.1000,0.5515221357345581,9.99999993922529e-09
251,2.7703,183.4172,0.9000,0.9000,0.1000,0.1000,0.5516270399093628,9.99999993922529e-09
252,2.7713,183.4362,0.9000,0.9000,0.1000,0.1000,0.5506505370140076,9.99999993922529e-09
253,2.7713,183.4575,0.9000,0.9000,0.1000,0.1000,0.5506243109703064,9.99999993922529e-09
254,2.7697,183.4840,0.9000,0.9000,0.1000,0.1000,0.5522382259368896,9.99999993922529e-09
255,2.7713,183.5070,0.9000,0.9000,0.1000,0.1000,0.55064857006073,9.99999993922529e-09
256,2.7704,183.5318,0.9000,0.9000,0.1000,0.1000,0.5515156984329224,9.99999993922529e-09
257,2.7707,183.5513,0.9000,0.9000,0.1000,0.1000,0.5512319803237915,9.99999993922529e-09
258,2.7703,183.5800,0.9000,0.9000,0.1000,0.1000,0.5516546368598938,9.99999993922529e-09
259,2.7683,183.6045,0.9000,0.9000,0.1000,0.1000,0.5536441802978516,9.99999993922529e-09
260,2.7712,183.6200,0.9000,0.9000,0.1000,0.1000,0.5507542490959167,9.99999993922529e-09
261,2.7708,183.6460,0.9000,0.9000,0.1000,0.1000,0.5510924458503723,9.99999993922529e-09
262,2.7723,183.6695,0.9000,0.9000,0.1000,0.1000,0.5495817065238953,9.99999993922529e-09
263,2.7704,183.6891,0.9000,0.9000,0.1000,0.1000,0.5515258312225342,9.99999993922529e-09
264,2.7707,183.7152,0.9000,0.9000,0.1000,0.1000,0.5512398481369019,9.99999993922529e-09
265,2.7719,183.7340,0.9000,0.9000,0.1000,0.1000,0.550041139125824,9.99999993922529e-09
266,2.7713,183.7610,0.9000,0.9000,0.1000,0.1000,0.5506061315536499,9.99999993922529e-09
267,2.7704,183.7745,0.9000,0.9000,0.1000,0.1000,0.5514996647834778,9.99999993922529e-09
268,2.7719,183.8014,0.9000,0.9000,0.1000,0.1000,0.5500169992446899,9.99999993922529e-09
269,2.7722,183.8245,0.9000,0.9000,0.1000,0.1000,0.5497344732284546,9.99999993922529e-09
270,2.7710,183.8464,0.9000,0.9000,0.1000,0.1000,0.5509495735168457,9.99999993922529e-09
271,2.7719,183.8697,0.9000,0.9000,0.1000,0.1000,0.5499932169914246,9.99999993922529e-09
272,2.7700,183.8908,0.9000,0.9000,0.1000,0.1000,0.5519014596939087,9.99999993922529e-09
273,2.7711,183.9091,0.9000,0.9000,0.1000,0.1000,0.5508719086647034,9.99999993922529e-09
274,2.7696,183.9323,0.9000,0.9000,0.1000,0.1000,0.5522887110710144,9.99999993922529e-09
275,2.7708,183.9539,0.9000,0.9000,0.1000,0.1000,0.5510947704315186,9.99999993922529e-09
276,2.7714,183.9691,0.9000,0.9000,0.1000,0.1000,0.5504966974258423,9.99999993922529e-09
277,2.7691,183.9904,0.9000,0.9000,0.1000,0.1000,0.5527937412261963,9.99999993922529e-09
278,2.7720,184.0071,0.9000,0.9000,0.1000,0.1000,0.5498946905136108,9.99999993922529e-09
279,2.7715,184.0259,0.8963,0.9000,0.1037,0.1000,0.5503814220428467,9.99999993922529e-09
280,2.7704,184.0428,0.9000,0.9000,0.1000,0.1000,0.5514867305755615,9.99999993922529e-09
281,2.7740,184.0565,0.9000,0.9000,0.1000,0.1000,0.5478955507278442,9.99999993922529e-09
282,2.7720,184.0752,0.9000,0.9000,0.1000,0.1000,0.549919843673706,9.99999993922529e-09
283,2.7735,184.0895,0.9000,0.9000,0.1000,0.1000,0.54843670129776,9.99999993922529e-09
284,2.7714,184.1071,0.9000,0.9000,0.1000,0.1000,0.5505670309066772,9.99999993922529e-09
285,2.7722,184.1212,0.9000,0.9000,0.1000,0.1000,0.5497584342956543,9.99999993922529e-09
286,2.7702,184.1352,0.9000,0.9000,0.1000,0.1000,0.5517575740814209,9.99999993922529e-09
287,2.7696,184.1483,0.9000,0.9000,0.1000,0.1000,0.55231773853302,9.99999993922529e-09
288,2.7718,184.1594,0.9000,0.9000,0.1000,0.1000,0.5500984787940979,9.99999993922529e-09
289,2.7719,184.1774,0.9000,0.9000,0.1000,0.1000,0.5500410795211792,9.99999993922529e-09
290,2.7717,184.1912,0.9000,0.9000,0.1000,0.1000,0.5502771735191345,9.99999993922529e-09
291,2.7720,184.2054,0.9000,0.9000,0.1000,0.1000,0.549963116645813,9.99999993922529e-09
292,2.7713,184.2176,0.9000,0.9000,0.1000,0.1000,0.5506448149681091,9.99999993922529e-09
293,2.7721,184.2302,0.9000,0.9000,0.1000,0.1000,0.5498683452606201,9.99999993922529e-09
294,2.7719,184.2386,0.9000,0.9000,0.1000,0.1000,0.5499991178512573,9.99999993922529e-09
295,2.7728,184.2530,0.9000,0.9000,0.1000,0.1000,0.5491625666618347,9.99999993922529e-09
296,2.7712,184.2712,0.9000,0.9000,0.1000,0.1000,0.5507656931877136,9.99999993922529e-09
297,2.7730,184.2819,0.9000,0.9000,0.1000,0.1000,0.5489345192909241,9.99999993922529e-09
298,2.7735,184.2976,0.9000,0.9000,0.1000,0.1000,0.5484021306037903,9.99999993922529e-09
299,2.7710,184.3113,0.9000,0.9000,0.1000,0.1000,0.5509665608406067,9.99999993922529e-09
300,2.7721,184.3216,0.9000,0.9000,0.1000,0.1000,0.5498706102371216,9.99999993922529e-09
301,2.7739,184.3352,0.9000,0.9000,0.1000,0.1000,0.5480365753173828,9.99999993922529e-09
302,2.7722,184.3480,0.9000,0.9000,0.1000,0.1000,0.5496862530708313,9.99999993922529e-09
303,2.7727,184.3592,0.8963,0.9000,0.1037,0.1000,0.549268364906311,9.99999993922529e-09
304,2.7740,184.3721,0.9000,0.9000,0.1000,0.1000,0.5479298830032349,9.99999993922529e-09
305,2.7722,184.3874,0.8963,0.9000,0.1037,0.1000,0.5497068762779236,9.99999993922529e-09
306,2.7721,184.3981,0.9000,0.9000,0.1000,0.1000,0.5498622059822083,9.99999993922529e-09
307,2.7718,184.4108,0.9000,0.9000,0.1000,0.1000,0.5501682162284851,9.99999993922529e-09
308,2.7732,184.4238,0.9000,0.9000,0.1000,0.1000,0.5487327575683594,9.99999993922529e-09
309,2.7719,184.4358,0.9000,0.9000,0.1000,0.1000,0.5499944090843201,9.99999993922529e-09
310,2.7718,184.4495,0.9000,0.9000,0.1000,0.1000,0.5500861406326294,9.99999993922529e-09
311,2.7715,184.4604,0.9000,0.9000,0.1000,0.1000,0.5504345297813416,9.99999993922529e-09
312,2.7728,184.4708,0.9000,0.9000,0.1000,0.1000,0.549108624458313,9.99999993922529e-09
313,2.7719,184.4831,0.8963,0.9000,0.1037,0.1000,0.550010621547699,9.99999993922529e-09
314,2.7701,184.4922,0.9000,0.9000,0.1000,0.1000,0.5518357157707214,9.99999993922529e-09
315,2.7732,184.5003,0.9000,0.9000,0.1000,0.1000,0.5486818552017212,9.99999993922529e-09
316,2.7730,184.5123,0.9000,0.9000,0.1000,0.1000,0.5489233732223511,9.99999993922529e-09
317,2.7730,184.5217,0.9000,0.9000,0.1000,0.1000,0.5488837957382202,9.99999993922529e-09
318,2.7735,184.5360,0.9000,0.9000,0.1000,0.1000,0.5484506487846375,9.99999993922529e-09
319,2.7733,184.5464,0.9000,0.9000,0.1000,0.1000,0.5486639142036438,9.99999993922529e-09
320,2.7728,184.5590,0.9000,0.9000,0.1000,0.1000,0.5490910410881042,9.99999993922529e-09
321,2.7730,184.5683,0.9000,0.9000,0.1000,0.1000,0.5489510297775269,9.99999993922529e-09
322,2.7728,184.5797,0.9000,0.9000,0.1000,0.1000,0.5491229891777039,9.99999993922529e-09
323,2.7717,184.5896,0.9000,0.9000,0.1000,0.1000,0.5502104759216309,9.99999993922529e-09
324,2.7736,184.5992,0.9000,0.9000,0.1000,0.1000,0.548373818397522,9.99999993922529e-09
325,2.7724,184.6080,0.9000,0.9000,0.1000,0.1000,0.5495519638061523,9.99999993922529e-09
326,2.7727,184.6179,0.9000,0.9000,0.1000,0.1000,0.5492361783981323,9.99999993922529e-09
327,2.7719,184.6241,0.9000,0.9000,0.1000,0.1000,0.5500667095184326,9.99999993922529e-09
328,2.7745,184.6317,0.8963,0.9000,0.1037,0.1000,0.5474354028701782,9.99999993922529e-09
329,2.7732,184.6410,0.9000,0.9000,0.1000,0.1000,0.5487764477729797,9.99999993922529e-09
330,2.7738,184.6488,0.9000,0.9000,0.1000,0.1000,0.548176109790802,9.99999993922529e-09
331,2.7750,184.6583,0.9000,0.9000,0.1000,0.1000,0.5469748377799988,9.99999993922529e-09
332,2.7726,184.6673,0.9000,0.9000,0.1000,0.1000,0.549309253692627,9.99999993922529e-09
333,2.7732,184.6763,0.9000,0.9000,0.1000,0.1000,0.5487106442451477,9.99999993922529e-09
334,2.7725,184.6823,0.9000,0.9000,0.1000,0.1000,0.5494611859321594,9.99999993922529e-09
335,2.7718,184.6891,0.9000,0.9000,0.1000,0.1000,0.5501275062561035,9.99999993922529e-09
336,2.7746,184.6963,0.9000,0.9000,0.1000,0.1000,0.5473592281341553,9.99999993922529e-09
337,2.7736,184.7052,0.9000,0.9000,0.1000,0.1000,0.5482853651046753,9.99999993922529e-09
338,2.7738,184.7111,0.9000,0.9000,0.1000,0.1000,0.5480833649635315,9.99999993922529e-09
339,2.7746,184.7197,0.9000,0.9000,0.1000,0.1000,0.54731285572052,9.99999993922529e-09
340,2.7726,184.7253,0.9000,0.9000,0.1000,0.1000,0.5493375658988953,9.99999993922529e-09
341,2.7725,184.7312,0.9000,0.9000,0.1000,0.1000,0.5494412779808044,9.99999993922529e-09
342,2.7726,184.7403,0.9000,0.9000,0.1000,0.1000,0.5492952466011047,9.99999993922529e-09
343,2.7720,184.7470,0.9000,0.9000,0.1000,0.1000,0.549929678440094,9.99999993922529e-09
344,2.7752,184.7530,0.9000,0.9000,0.1000,0.1000,0.5466992855072021,9.99999993922529e-09
345,2.7725,184.7599,0.9000,0.9000,0.1000,0.1000,0.5494463443756104,9.99999993922529e-09
346,2.7724,184.7661,0.9000,0.9000,0.1000,0.1000,0.5494925379753113,9.99999993922529e-09
347,2.7734,184.7716,0.9000,0.9000,0.1000,0.1000,0.5485284924507141,9.99999993922529e-09
348,2.7725,184.7777,0.9000,0.9000,0.1000,0.1000,0.5493995547294617,9.99999993922529e-09
349,2.7728,184.7847,0.9000,0.9000,0.1000,0.1000,0.5491581559181213,9.99999993922529e-09
350,2.7729,184.7897,0.9000,0.9000,0.1000,0.1000,0.5489804744720459,9.99999993922529e-09
351,2.7747,184.7965,0.9000,0.9000,0.1000,0.1000,0.5472096800804138,9.99999993922529e-09
352,2.7726,184.8028,0.9000,0.9000,0.1000,0.1000,0.5493358969688416,9.99999993922529e-09
353,2.7751,184.8072,0.9000,0.9000,0.1000,0.1000,0.5468676090240479,9.99999993922529e-09
354,2.7730,184.8136,0.9000,0.9000,0.1000,0.1000,0.5489166378974915,9.99999993922529e-09
355,2.7740,184.8207,0.9000,0.9000,0.1000,0.1000,0.547970712184906,9.99999993922529e-09
356,2.7720,184.8256,0.9000,0.9000,0.1000,0.1000,0.5498991012573242,9.99999993922529e-09
357,2.7745,184.8299,0.9000,0.9000,0.1000,0.1000,0.5473923683166504,9.99999993922529e-09
358,2.7749,184.8350,0.9000,0.9000,0.1000,0.1000,0.5470479726791382,9.99999993922529e-09
359,2.7726,184.8415,0.9000,0.9000,0.1000,0.1000,0.5493025779724121,9.99999993922529e-09
360,2.7723,184.8472,0.9000,0.9000,0.1000,0.1000,0.5496633648872375,9.99999993922529e-09
361,2.7717,184.8528,0.9000,0.9000,0.1000,0.1000,0.5502157211303711,9.99999993922529e-09
362,2.7739,184.8577,0.9000,0.9000,0.1000,0.1000,0.5480185151100159,9.99999993922529e-09
363,2.7738,184.8616,0.9000,0.9000,0.1000,0.1000,0.5481547713279724,9.99999993922529e-09
364,2.7728,184.8668,0.9000,0.9000,0.1000,0.1000,0.5491235852241516,9.99999993922529e-09
365,2.7743,184.8715,0.9000,0.9000,0.1000,0.1000,0.5476699471473694,9.99999993922529e-09
366,2.7730,184.8767,0.9000,0.9000,0.1000,0.1000,0.5489152073860168,9.99999993922529e-09
367,2.7726,184.8820,0.9000,0.9000,0.1000,0.1000,0.5493257641792297,9.99999993922529e-09
368,2.7727,184.8852,0.9000,0.9000,0.1000,0.1000,0.5492169857025146,9.99999993922529e-09
369,2.7734,184.8902,0.9000,0.9000,0.1000,0.1000,0.5485226511955261,9.99999993922529e-09
370,2.7749,184.8951,0.9000,0.9000,0.1000,0.1000,0.5470076203346252,9.99999993922529e-09
371,2.7738,184.9002,0.9000,0.9000,0.1000,0.1000,0.5480871796607971,9.99999993922529e-09
372,2.7734,184.9034,0.9000,0.9000,0.1000,0.1000,0.5485550165176392,9.99999993922529e-09
373,2.7719,184.9090,0.9000,0.9000,0.1000,0.1000,0.5500086545944214,9.99999993922529e-09
374,2.7743,184.9137,0.9000,0.9000,0.1000,0.1000,0.547674298286438,9.99999993922529e-09
375,2.7746,184.9187,0.9000,0.9000,0.1000,0.1000,0.5473793148994446,9.99999993922529e-09
376,2.7733,184.9224,0.9000,0.9000,0.1000,0.1000,0.5486360192298889,9.99999993922529e-09
377,2.7738,184.9275,0.9000,0.9000,0.1000,0.1000,0.5481237769126892,9.99999993922529e-09
378,2.7745,184.9310,0.9000,0.9000,0.1000,0.1000,0.5474397540092468,9.99999993922529e-09
379,2.7744,184.9357,0.9000,0.9000,0.1000,0.1000,0.547531247138977,9.99999993922529e-09
380,2.7731,184.9402,0.8963,0.9000,0.1037,0.1000,0.5488570928573608,9.99999993922529e-09
381,2.7717,184.9444,0.9000,0.9000,0.1000,0.1000,0.5502007603645325,9.99999993922529e-09
382,2.7738,184.9484,0.9000,0.9000,0.1000,0.1000,0.5480856895446777,9.99999993922529e-09
383,2.7726,184.9517,0.9000,0.9000,0.1000,0.1000,0.549374520778656,9.99999993922529e-09
384,2.7732,184.9561,0.9000,0.9000,0.1000,0.1000,0.548736572265625,9.99999993922529e-09
385,2.7741,184.9600,0.9000,0.9000,0.1000,0.1000,0.5478724241256714,9.99999993922529e-09
386,2.7743,184.9631,0.8963,0.9000,0.1037,0.1000,0.5476645827293396,9.99999993922529e-09
387,2.7730,184.9664,0.9000,0.9000,0.1000,0.1000,0.5489787459373474,9.99999993922529e-09
388,2.7736,184.9699,0.9000,0.9000,0.1000,0.1000,0.5483404397964478,9.99999993922529e-09
389,2.7715,184.9730,0.9000,0.9000,0.1000,0.1000,0.5504514575004578,9.99999993922529e-09
390,2.7737,184.9763,0.9000,0.9000,0.1000,0.1000,0.5482001304626465,9.99999993922529e-09
391,2.7728,184.9803,0.9000,0.9000,0.1000,0.1000,0.5491757988929749,9.99999993922529e-09
392,2.7742,184.9830,0.9000,0.9000,0.1000,0.1000,0.547741711139679,9.99999993922529e-09
393,2.7746,184.9865,0.9000,0.9000,0.1000,0.1000,0.5473490953445435,9.99999993922529e-09
394,2.7720,184.9895,0.9000,0.9000,0.1000,0.1000,0.5499430298805237,9.99999993922529e-09
395,2.7731,184.9932,0.9000,0.9000,0.1000,0.1000,0.5488733053207397,9.99999993922529e-09
396,2.7722,184.9960,0.9000,0.9000,0.1000,0.1000,0.5497153997421265,9.99999993922529e-09
397,2.7733,184.9988,0.9000,0.9000,0.1000,0.1000,0.5486210584640503,9.99999993922529e-09
398,2.7724,185.0021,0.9000,0.9000,0.1000,0.1000,0.5495245456695557,9.99999993922529e-09
399,2.7752,185.0042,0.9000,0.9000,0.1000,0.1000,0.5467443466186523,9.99999993922529e-09
400,2.7744,185.0080,0.9000,0.9000,0.1000,0.1000,0.547511637210846,9.99999993922529e-09
401,2.7751,185.0108,0.9000,0.9000,0.1000,0.1000,0.5467882752418518,9.99999993922529e-09
402,2.7753,185.0134,0.9000,0.9000,0.1000,0.1000,0.5466654896736145,9.99999993922529e-09
403,2.7727,185.0159,0.9000,0.9000,0.1000,0.1000,0.5491833090782166,9.99999993922529e-09
404,2.7736,185.0191,0.9000,0.9000,0.1000,0.1000,0.5483019351959229,9.99999993922529e-09
405,2.7740,185.0224,0.8963,0.9000,0.1037,0.1000,0.5479347705841064,9.99999993922529e-09
406,2.7737,185.0239,0.9000,0.9000,0.1000,0.1000,0.5482357740402222,9.99999993922529e-09
407,2.7746,185.0255,0.9000,0.9000,0.1000,0.1000,0.5473127961158752,9.99999993922529e-09
408,2.7742,185.0281,0.9000,0.9000,0.1000,0.1000,0.5477347373962402,9.99999993922529e-09
409,2.7720,185.0307,0.9000,0.9000,0.1000,0.1000,0.5498904585838318,9.99999993922529e-09
410,2.7727,185.0330,0.8963,0.9000,0.1037,0.1000,0.5492400527000427,9.99999993922529e-09
411,2.7738,185.0360,0.9000,0.9000,0.1000,0.1000,0.5481219291687012,9.99999993922529e-09
412,2.7722,185.0385,0.9000,0.9000,0.1000,0.1000,0.549725353717804,9.99999993922529e-09
413,2.7724,185.0414,0.9000,0.9000,0.1000,0.1000,0.5494999289512634,9.99999993922529e-09
414,2.7721,185.0435,0.9000,0.9000,0.1000,0.1000,0.5498099327087402,9.99999993922529e-09
415,2.7725,185.0460,0.9000,0.9000,0.1000,0.1000,0.5494155883789062,9.99999993922529e-09
416,2.7741,185.0485,0.9000,0.9000,0.1000,0.1000,0.547870397567749,9.99999993922529e-09
417,2.7747,185.0508,0.9000,0.9000,0.1000,0.1000,0.5472548604011536,9.99999993922529e-09
418,2.7732,185.0531,0.8963,0.9000,0.1037,0.1000,0.5487769842147827,9.99999993922529e-09
419,2.7733,185.0552,0.9000,0.9000,0.1000,0.1000,0.5485883355140686,9.99999993922529e-09
420,2.7736,185.0574,0.9000,0.9000,0.1000,0.1000,0.5483035445213318,9.99999993922529e-09
421,2.7733,185.0598,0.9000,0.9000,0.1000,0.1000,0.5486059188842773,9.99999993922529e-09
422,2.7722,185.0617,0.9000,0.9000,0.1000,0.1000,0.549694836139679,9.99999993922529e-09
423,2.7735,185.0640,0.9000,0.9000,0.1000,0.1000,0.5484455227851868,9.99999993922529e-09
424,2.7730,185.0656,0.9000,0.9000,0.1000,0.1000,0.5489311218261719,9.99999993922529e-09
425,2.7726,185.0673,0.9000,0.9000,0.1000,0.1000,0.5492950081825256,9.99999993922529e-09
426,2.7723,185.0693,0.9000,0.9000,0.1000,0.1000,0.5496379733085632,9.99999993922529e-09
427,2.7749,185.0709,0.9000,0.9000,0.1000,0.1000,0.5470269322395325,9.99999993922529e-09
428,2.7730,185.0731,0.9000,0.9000,0.1000,0.1000,0.548969030380249,9.99999993922529e-09
429,2.7744,185.0751,0.8963,0.9000,0.1037,0.1000,0.5475566983222961,9.99999993922529e-09
430,2.7751,185.0775,0.9000,0.9000,0.1000,0.1000,0.546783447265625,9.99999993922529e-09
431,2.7733,185.0793,0.9000,0.9000,0.1000,0.1000,0.5486639738082886,9.99999993922529e-09
432,2.7745,185.0812,0.9000,0.9000,0.1000,0.1000,0.5474531650543213,9.99999993922529e-09
433,2.7736,185.0830,0.9000,0.9000,0.1000,0.1000,0.5483294725418091,9.99999993922529e-09
434,2.7742,185.0854,0.9000,0.9000,0.1000,0.1000,0.5476815104484558,9.99999993922529e-09
435,2.7746,185.0868,0.9000,0.9000,0.1000,0.1000,0.5473425984382629,9.99999993922529e-09
436,2.7743,185.0880,0.9000,0.9000,0.1000,0.1000,0.5476173162460327,9.99999993922529e-09
437,2.7750,185.0898,0.9000,0.9000,0.1000,0.1000,0.5468942523002625,9.99999993922529e-09
438,2.7734,185.0909,0.9000,0.9000,0.1000,0.1000,0.5485573410987854,9.99999993922529e-09
439,2.7729,185.0924,0.9000,0.9000,0.1000,0.1000,0.5490671396255493,9.99999993922529e-09
440,2.7729,185.0941,0.9000,0.9000,0.1000,0.1000,0.549062967300415,9.99999993922529e-09
441,2.7722,185.0954,0.8963,0.9000,0.1037,0.1000,0.5497275590896606,9.99999993922529e-09
442,2.7733,185.0970,0.9000,0.9000,0.1000,0.1000,0.5486246347427368,9.99999993922529e-09
443,2.7757,185.0988,0.9000,0.9000,0.1000,0.1000,0.5462679862976074,9.99999993922529e-09
444,2.7732,185.1002,0.9000,0.9000,0.1000,0.1000,0.5487773418426514,9.99999993922529e-09
445,2.7736,185.1015,0.9000,0.9000,0.1000,0.1000,0.5483540296554565,9.99999993922529e-09
446,2.7754,185.1030,0.9000,0.9000,0.1000,0.1000,0.5465160012245178,9.99999993922529e-09
447,2.7728,185.1044,0.9000,0.9000,0.1000,0.1000,0.5491123795509338,9.99999993922529e-09
448,2.7743,185.1055,0.9000,0.9000,0.1000,0.1000,0.5476579666137695,9.99999993922529e-09
449,2.7737,185.1076,0.9000,0.9000,0.1000,0.1000,0.5482695698738098,9.99999993922529e-09
450,2.7732,185.1085,0.9000,0.9000,0.1000,0.1000,0.548718273639679,9.99999993922529e-09
451,2.7745,185.1100,0.9000,0.9000,0.1000,0.1000,0.547400712966919,9.99999993922529e-09
452,2.7732,185.1115,0.9000,0.9000,0.1000,0.1000,0.548751175403595,9.99999993922529e-09
453,2.7718,185.1128,0.9000,0.9000,0.1000,0.1000,0.5501552224159241,9.99999993922529e-09
454,2.7745,185.1141,0.9000,0.9000,0.1000,0.1000,0.5474215745925903,9.99999993922529e-09
455,2.7748,185.1155,0.9000,0.9000,0.1000,0.1000,0.5471751093864441,9.99999993922529e-09
456,2.7739,185.1165,0.9000,0.9000,0.1000,0.1000,0.5480332970619202,9.99999993922529e-09
457,2.7734,185.1182,0.9000,0.9000,0.1000,0.1000,0.5485081672668457,9.99999993922529e-09
458,2.7727,185.1191,0.8963,0.9000,0.1037,0.1000,0.5492716431617737,9.99999993922529e-09
459,2.7735,185.1205,0.9000,0.9000,0.1000,0.1000,0.5484102964401245,9.99999993922529e-09
460,2.7722,185.1218,0.9000,0.9000,0.1000,0.1000,0.5497201085090637,9.99999993922529e-09
461,2.7731,185.1226,0.9000,0.9000,0.1000,0.1000,0.5487961769104004,9.99999993922529e-09
462,2.7726,185.1233,0.9000,0.9000,0.1000,0.1000,0.5493166446685791,9.99999993922529e-09
463,2.7740,185.1247,0.9000,0.9000,0.1000,0.1000,0.5479225516319275,9.99999993922529e-09
464,2.7733,185.1258,0.9000,0.9000,0.1000,0.1000,0.548602283000946,9.99999993922529e-09
465,2.7736,185.1267,0.9000,0.9000,0.1000,0.1000,0.5482990145683289,9.99999993922529e-09
466,2.7751,185.1278,0.9000,0.9000,0.1000,0.1000,0.5468753576278687,9.99999993922529e-09
467,2.7734,185.1287,0.9000,0.9000,0.1000,0.1000,0.5485677719116211,9.99999993922529e-09
468,2.7736,185.1300,0.9000,0.9000,0.1000,0.1000,0.5483477711677551,9.99999993922529e-09
469,2.7746,185.1310,0.9000,0.9000,0.1000,0.1000,0.5473319292068481,9.99999993922529e-09
470,2.7742,185.1319,0.9000,0.9000,0.1000,0.1000,0.547700822353363,9.99999993922529e-09
471,2.7741,185.1328,0.9000,0.9000,0.1000,0.1000,0.5478537082672119,9.99999993922529e-09
472,2.7736,185.1337,0.9000,0.9000,0.1000,0.1000,0.5483701825141907,9.99999993922529e-09
473,2.7727,185.1350,0.9000,0.9000,0.1000,0.1000,0.5492038130760193,9.99999993922529e-09
474,2.7743,185.1361,0.9000,0.9000,0.1000,0.1000,0.5476481318473816,9.99999993922529e-09
475,2.7729,185.1372,0.9000,0.9000,0.1000,0.1000,0.5490291714668274,9.99999993922529e-09
476,2.7740,185.1380,0.9000,0.9000,0.1000,0.1000,0.5479490756988525,9.99999993922529e-09
477,2.7731,185.1389,0.9000,0.9000,0.1000,0.1000,0.5488688945770264,9.99999993922529e-09
478,2.7738,185.1398,0.9000,0.9000,0.1000,0.1000,0.5481013655662537,9.99999993922529e-09
479,2.7723,185.1409,0.9000,0.9000,0.1000,0.1000,0.5495824813842773,9.99999993922529e-09
480,2.7737,185.1416,0.9000,0.9000,0.1000,0.1000,0.5482445955276489,9.99999993922529e-09
481,2.7714,185.1425,0.9000,0.9000,0.1000,0.1000,0.5505357384681702,9.99999993922529e-09
482,2.7739,185.1434,0.9000,0.9000,0.1000,0.1000,0.5480427145957947,9.99999993922529e-09
483,2.7739,185.1442,0.9000,0.9000,0.1000,0.1000,0.5479887127876282,9.99999993922529e-09
484,2.7739,185.1448,0.9000,0.9000,0.1000,0.1000,0.5480279922485352,9.99999993922529e-09
485,2.7737,185.1458,0.9000,0.9000,0.1000,0.1000,0.5482763648033142,9.99999993922529e-09
486,2.7721,185.1465,0.9000,0.9000,0.1000,0.1000,0.5498775243759155,9.99999993922529e-09
487,2.7733,185.1474,0.9000,0.9000,0.1000,0.1000,0.5486359596252441,9.99999993922529e-09
488,2.7738,185.1483,0.9000,0.9000,0.1000,0.1000,0.5481112599372864,9.99999993922529e-09
489,2.7745,185.1490,0.9000,0.9000,0.1000,0.1000,0.5474482178688049,9.99999993922529e-09
490,2.7755,185.1501,0.9000,0.9000,0.1000,0.1000,0.5464035272598267,9.99999993922529e-09
491,2.7771,185.1509,0.9000,0.9000,0.1000,0.1000,0.5448716878890991,9.99999993922529e-09
492,2.7736,185.1516,0.9000,0.9000,0.1000,0.1000,0.5483213663101196,9.99999993922529e-09
493,2.7757,185.1526,0.9000,0.9000,0.1000,0.1000,0.5462136268615723,9.99999993922529e-09
494,2.7743,185.1534,0.9000,0.9000,0.1000,0.1000,0.5476392507553101,9.99999993922529e-09
495,2.7734,185.1539,0.9000,0.9000,0.1000,0.1000,0.5485441088676453,9.99999993922529e-09
496,2.7718,185.1545,0.9000,0.9000,0.1000,0.1000,0.5501651763916016,9.99999993922529e-09
497,2.7736,185.1551,0.9000,0.9000,0.1000,0.1000,0.5483559966087341,9.99999993922529e-09
498,2.7735,185.1559,0.9000,0.9000,0.1000,0.1000,0.5483871102333069,9.99999993922529e-09
499,2.7727,185.1565,0.9000,0.9000,0.1000,0.1000,0.5492726564407349,9.99999993922529e-09
500,2.7722,185.1571,0.9000,0.9000,0.1000,0.1000,0.549680769443512,9.99999993922529e-09
501,2.7742,185.1577,0.9000,0.9000,0.1000,0.1000,0.5477142930030823,9.99999993922529e-09
502,2.7737,185.1583,0.9000,0.9000,0.1000,0.1000,0.5481947660446167,9.99999993922529e-09
503,2.7744,185.1590,0.9000,0.9000,0.1000,0.1000,0.5475695133209229,9.99999993922529e-09
504,2.7737,185.1596,0.9000,0.9000,0.1000,0.1000,0.5482509136199951,9.99999993922529e-09
505,2.7758,185.1602,0.9000,0.9000,0.1000,0.1000,0.5460824370384216,9.99999993922529e-09
506,2.7725,185.1608,0.9000,0.9000,0.1000,0.1000,0.5494024157524109,9.99999993922529e-09
507,2.7740,185.1613,0.9000,0.9000,0.1000,0.1000,0.547916054725647,9.99999993922529e-09
508,2.7748,185.1619,0.9000,0.9000,0.1000,0.1000,0.5470948219299316,9.99999993922529e-09
509,2.7737,185.1625,0.9000,0.9000,0.1000,0.1000,0.5482273101806641,9.99999993922529e-09
510,2.7734,185.1632,0.9000,0.9000,0.1000,0.1000,0.5485266447067261,9.99999993922529e-09
511,2.7736,185.1636,0.9000,0.9000,0.1000,0.1000,0.5483676195144653,9.99999993922529e-09
512,2.7737,185.1643,0.9000,0.9000,0.1000,0.1000,0.5482674241065979,9.99999993922529e-09
513,2.7735,185.1647,0.9000,0.9000,0.1000,0.1000,0.5484330654144287,9.99999993922529e-09
514,2.7733,185.1653,0.9000,0.9000,0.1000,0.1000,0.548652172088623,9.99999993922529e-09
515,2.7752,185.1658,0.9000,0.9000,0.1000,0.1000,0.5466983914375305,9.99999993922529e-09
516,2.7736,185.1663,0.9000,0.9000,0.1000,0.1000,0.5483437180519104,9.99999993922529e-09
517,2.7722,185.1668,0.9000,0.9000,0.1000,0.1000,0.5497627258300781,9.99999993922529e-09
518,2.7733,185.1672,0.9000,0.9000,0.1000,0.1000,0.5485926866531372,9.99999993922529e-09
519,2.7729,185.1677,0.9000,0.9000,0.1000,0.1000,0.549052894115448,9.99999993922529e-09
520,2.7747,185.1680,0.9000,0.9000,0.1000,0.1000,0.5472081303596497,9.99999993922529e-09
521,2.7739,185.1684,0.9000,0.9000,0.1000,0.1000,0.5480355024337769,9.99999993922529e-09
522,2.7733,185.1688,0.9000,0.9000,0.1000,0.1000,0.5486565232276917,9.99999993922529e-09
523,2.7732,185.1693,0.8963,0.9000,0.1037,0.1000,0.5487701296806335,9.99999993922529e-09
524,2.7724,185.1697,0.9000,0.9000,0.1000,0.1000,0.5495250821113586,9.99999993922529e-09
525,2.7727,185.1701,0.9000,0.9000,0.1000,0.1000,0.5492671132087708,9.99999993922529e-09
526,2.7745,185.1704,0.9000,0.9000,0.1000,0.1000,0.5474539995193481,9.99999993922529e-09
527,2.7740,185.1710,0.9000,0.9000,0.1000,0.1000,0.5479023456573486,9.99999993922529e-09
528,2.7729,185.1714,0.9000,0.9000,0.1000,0.1000,0.5490037202835083,9.99999993922529e-09
529,2.7737,185.1718,0.9000,0.9000,0.1000,0.1000,0.5481807589530945,9.99999993922529e-09
530,2.7752,185.1723,0.9000,0.9000,0.1000,0.1000,0.5467354655265808,9.99999993922529e-09
531,2.7748,185.1726,0.9000,0.9000,0.1000,0.1000,0.5471619963645935,9.99999993922529e-09
532,2.7727,185.1730,0.9000,0.9000,0.1000,0.1000,0.5492404103279114,9.99999993922529e-09
533,2.7733,185.1734,0.8963,0.9000,0.1037,0.1000,0.548591136932373,9.99999993922529e-09
534,2.7731,185.1738,0.9000,0.9000,0.1000,0.1000,0.5488560795783997,9.99999993922529e-09
535,2.7726,185.1742,0.9000,0.9000,0.1000,0.1000,0.5493364334106445,9.99999993922529e-09
536,2.7734,185.1745,0.9000,0.9000,0.1000,0.1000,0.548504114151001,9.99999993922529e-09
537,2.7743,185.1749,0.9000,0.9000,0.1000,0.1000,0.5475847721099854,9.99999993922529e-09
538,2.7733,185.1752,0.9000,0.9000,0.1000,0.1000,0.5485974550247192,9.99999993922529e-09
539,2.7733,185.1756,0.9000,0.9000,0.1000,0.1000,0.5486262440681458,9.99999993922529e-09
540,2.7732,185.1760,0.9000,0.9000,0.1000,0.1000,0.548707902431488,9.99999993922529e-09
541,2.7713,185.1763,0.9000,0.9000,0.1000,0.1000,0.5506512522697449,9.99999993922529e-09
542,2.7730,185.1768,0.9000,0.9000,0.1000,0.1000,0.548912525177002,9.99999993922529e-09
543,2.7741,185.1772,0.9000,0.9000,0.1000,0.1000,0.5478337407112122,9.99999993922529e-09
544,2.7751,185.1774,0.9000,0.9000,0.1000,0.1000,0.5468692779541016,9.99999993922529e-09
545,2.7713,185.1777,0.9000,0.9000,0.1000,0.1000,0.5505915284156799,9.99999993922529e-09
546,2.7743,185.1781,0.9000,0.9000,0.1000,0.1000,0.5476213097572327,9.99999993922529e-09
547,2.7720,185.1784,0.9000,0.9000,0.1000,0.1000,0.54997318983078,9.99999993922529e-09
548,2.7740,185.1787,0.8963,0.9000,0.1037,0.1000,0.5479080677032471,9.99999993922529e-09
549,2.7740,185.1791,0.9000,0.9000,0.1000,0.1000,0.5479718446731567,9.99999993922529e-09
550,2.7758,185.1793,0.9000,0.9000,0.1000,0.1000,0.5460904836654663,9.99999993922529e-09
551,2.7726,185.1796,0.9000,0.9000,0.1000,0.1000,0.5493719577789307,9.99999993922529e-09
552,2.7738,185.1798,0.9000,0.9000,0.1000,0.1000,0.5481382608413696,9.99999993922529e-09
553,2.7757,185.1801,0.9000,0.9000,0.1000,0.1000,0.5462709069252014,9.99999993922529e-09
554,2.7739,185.1805,0.9000,0.9000,0.1000,0.1000,0.548055112361908,9.99999993922529e-09
555,2.7707,185.1809,0.9000,0.9000,0.1000,0.1000,0.5512428283691406,9.99999993922529e-09
556,2.7724,185.1813,0.9000,0.9000,0.1000,0.1000,0.5495522618293762,9.99999993922529e-09
557,2.7723,185.1815,0.9000,0.9000,0.1000,0.1000,0.5496574640274048,9.99999993922529e-09
558,2.7727,185.1818,0.9000,0.9000,0.1000,0.1000,0.549228847026825,9.99999993922529e-09
559,2.7736,185.1821,0.9000,0.9000,0.1000,0.1000,0.5483201742172241,9.99999993922529e-09
560,2.7729,185.1823,0.9000,0.9000,0.1000,0.1000,0.5489846467971802,9.99999993922529e-09
561,2.7730,185.1826,0.9000,0.9000,0.1000,0.1000,0.5489694476127625,9.99999993922529e-09
562,2.7750,185.1829,0.9000,0.9000,0.1000,0.1000,0.5469161868095398,9.99999993922529e-09
563,2.7730,185.1833,0.9000,0.9000,0.1000,0.1000,0.5488964915275574,9.99999993922529e-09
564,2.7715,185.1835,0.9000,0.9000,0.1000,0.1000,0.550391435623169,9.99999993922529e-09
565,2.7737,185.1838,0.9000,0.9000,0.1000,0.1000,0.5482171773910522,9.99999993922529e-09
566,2.7756,185.1840,0.9000,0.9000,0.1000,0.1000,0.5463152527809143,9.99999993922529e-09
567,2.7727,185.1842,0.9000,0.9000,0.1000,0.1000,0.5492773056030273,9.99999993922529e-09
568,2.7717,185.1845,0.9000,0.9000,0.1000,0.1000,0.5502402186393738,9.99999993922529e-09
569,2.7733,185.1847,0.9000,0.9000,0.1000,0.1000,0.5485818386077881,9.99999993922529e-09
570,2.7735,185.1849,0.9000,0.9000,0.1000,0.1000,0.548427402973175,9.99999993922529e-09
571,2.7749,185.1852,0.9000,0.9000,0.1000,0.1000,0.5470308065414429,9.99999993922529e-09
572,2.7725,185.1853,0.9000,0.9000,0.1000,0.1000,0.5494636297225952,9.99999993922529e-09
573,2.7727,185.1855,0.9000,0.9000,0.1000,0.1000,0.5492305159568787,9.99999993922529e-09
574,2.7749,185.1857,0.9000,0.9000,0.1000,0.1000,0.547046959400177,9.99999993922529e-09
575,2.7733,185.1860,0.9000,0.9000,0.1000,0.1000,0.5485857725143433,9.99999993922529e-09
576,2.7733,185.1862,0.9000,0.9000,0.1000,0.1000,0.5486658811569214,9.99999993922529e-09
577,2.7749,185.1864,0.9000,0.9000,0.1000,0.1000,0.5469850301742554,9.99999993922529e-09
578,2.7726,185.1866,0.9000,0.9000,0.1000,0.1000,0.5493643283843994,9.99999993922529e-09
579,2.7727,185.1868,0.9000,0.9000,0.1000,0.1000,0.5491940975189209,9.99999993922529e-09
580,2.7726,185.1870,0.9000,0.9000,0.1000,0.1000,0.5492857694625854,9.99999993922529e-09
581,2.7740,185.1872,0.9000,0.9000,0.1000,0.1000,0.5479050874710083,9.99999993922529e-09
582,2.7752,185.1873,0.9000,0.9000,0.1000,0.1000,0.5466881990432739,9.99999993922529e-09
583,2.7740,185.1875,0.9000,0.9000,0.1000,0.1000,0.547965407371521,9.99999993922529e-09
584,2.7742,185.1877,0.9000,0.9000,0.1000,0.1000,0.5477318167686462,9.99999993922529e-09
585,2.7734,185.1879,0.9000,0.9000,0.1000,0.1000,0.5485779643058777,9.99999993922529e-09
586,2.7733,185.1880,0.9000,0.9000,0.1000,0.1000,0.5486066937446594,9.99999993922529e-09
587,2.7740,185.1881,0.9000,0.9000,0.1000,0.1000,0.5479664206504822,9.99999993922529e-09
588,2.7756,185.1884,0.9000,0.9000,0.1000,0.1000,0.5463488698005676,9.99999993922529e-09
589,2.7739,185.1885,0.9000,0.9000,0.1000,0.1000,0.5480160117149353,9.99999993922529e-09
590,2.7724,185.1886,0.9000,0.9000,0.1000,0.1000,0.5495119690895081,9.99999993922529e-09
591,2.7734,185.1888,0.9000,0.9000,0.1000,0.1000,0.5485720634460449,9.99999993922529e-09
592,2.7744,185.1889,0.9000,0.9000,0.1000,0.1000,0.5474820733070374,9.99999993922529e-09
593,2.7740,185.1891,0.9000,0.9000,0.1000,0.1000,0.5479478240013123,9.99999993922529e-09
594,2.7732,185.1892,0.9000,0.9000,0.1000,0.1000,0.5486996173858643,9.99999993922529e-09
595,2.7741,185.1894,0.9000,0.9000,0.1000,0.1000,0.5477936267852783,9.99999993922529e-09
596,2.7756,185.1895,0.9000,0.9000,0.1000,0.1000,0.5463544130325317,9.99999993922529e-09
597,2.7734,185.1896,0.9000,0.9000,0.1000,0.1000,0.5484810471534729,9.99999993922529e-09
598,2.7727,185.1897,0.9000,0.9000,0.1000,0.1000,0.5492072105407715,9.99999993922529e-09
599,2.7731,185.1899,0.9000,0.9000,0.1000,0.1000,0.5488074421882629,9.99999993922529e-09
600,2.7743,185.1900,0.9000,0.9000,0.1000,0.1000,0.5476658940315247,9.99999993922529e-09
601,2.7748,185.1901,0.9000,0.9000,0.1000,0.1000,0.5471166372299194,9.99999993922529e-09
602,2.7732,185.1903,0.9000,0.9000,0.1000,0.1000,0.548698365688324,9.99999993922529e-09
603,2.7745,185.1904,0.9000,0.9000,0.1000,0.1000,0.5474178194999695,9.99999993922529e-09
604,2.7729,185.1905,0.9000,0.9000,0.1000,0.1000,0.549002468585968,9.99999993922529e-09
605,2.7742,185.1906,0.9000,0.9000,0.1000,0.1000,0.5477318167686462,9.99999993922529e-09
606,2.7735,185.1907,0.9000,0.9000,0.1000,0.1000,0.5483899116516113,9.99999993922529e-09
607,2.7753,185.1907,0.9000,0.9000,0.1000,0.1000,0.5465803146362305,9.99999993922529e-09
608,2.7730,185.1909,0.9000,0.9000,0.1000,0.1000,0.5489608645439148,9.99999993922529e-09
609,2.7750,185.1910,0.9000,0.9000,0.1000,0.1000,0.546901285648346,9.99999993922529e-09
610,2.7737,185.1911,0.9000,0.9000,0.1000,0.1000,0.548234224319458,9.99999993922529e-09
611,2.7719,185.1912,0.9000,0.9000,0.1000,0.1000,0.5500461459159851,9.99999993922529e-09
612,2.7747,185.1913,0.9000,0.9000,0.1000,0.1000,0.5472662448883057,9.99999993922529e-09
613,2.7741,185.1914,0.9000,0.9000,0.1000,0.1000,0.5478371977806091,9.99999993922529e-09
614,2.7741,185.1915,0.8963,0.9000,0.1037,0.1000,0.5478540658950806,9.99999993922529e-09
615,2.7735,185.1916,0.9000,0.9000,0.1000,0.1000,0.5484272837638855,9.99999993922529e-09
616,2.7725,185.1917,0.9000,0.9000,0.1000,0.1000,0.5494175553321838,9.99999993922529e-09
617,2.7740,185.1918,0.9000,0.9000,0.1000,0.1000,0.5479116439819336,9.99999993922529e-09
618,2.7735,185.1919,0.9000,0.9000,0.1000,0.1000,0.5483878254890442,9.99999993922529e-09
619,2.7724,185.1920,0.9000,0.9000,0.1000,0.1000,0.5495133399963379,9.99999993922529e-09
620,2.7752,185.1920,0.9000,0.9000,0.1000,0.1000,0.546717643737793,9.99999993922529e-09
621,2.7732,185.1922,0.9000,0.9000,0.1000,0.1000,0.548708975315094,9.99999993922529e-09
622,2.7729,185.1922,0.9000,0.9000,0.1000,0.1000,0.5490334033966064,9.99999993922529e-09
623,2.7736,185.1923,0.9000,0.9000,0.1000,0.1000,0.5483607053756714,9.99999993922529e-09
624,2.7741,185.1923,0.9000,0.9000,0.1000,0.1000,0.5478067994117737,9.99999993922529e-09
625,2.7742,185.1924,0.9000,0.9000,0.1000,0.1000,0.5477113127708435,9.99999993922529e-09
626,2.7723,185.1925,0.9000,0.9000,0.1000,0.1000,0.5495928525924683,9.99999993922529e-09
627,2.7743,185.1926,0.9000,0.9000,0.1000,0.1000,0.5475990772247314,9.99999993922529e-09
628,2.7728,185.1926,0.9000,0.9000,0.1000,0.1000,0.5490875244140625,9.99999993922529e-09
629,2.7739,185.1927,0.9000,0.9000,0.1000,0.1000,0.5480297207832336,9.99999993922529e-09
630,2.7728,185.1928,0.9000,0.9000,0.1000,0.1000,0.5490800142288208,9.99999993922529e-09
631,2.7742,185.1929,0.9000,0.9000,0.1000,0.1000,0.5476855039596558,9.99999993922529e-09
632,2.7729,185.1929,0.9000,0.9000,0.1000,0.1000,0.5490531325340271,9.99999993922529e-09
633,2.7750,185.1930,0.9000,0.9000,0.1000,0.1000,0.5469307899475098,9.99999993922529e-09
634,2.7747,185.1930,0.9000,0.9000,0.1000,0.1000,0.5472655296325684,9.99999993922529e-09
635,2.7739,185.1931,0.9000,0.9000,0.1000,0.1000,0.5480552911758423,9.99999993922529e-09
636,2.7744,185.1931,0.9000,0.9000,0.1000,0.1000,0.5474992990493774,9.99999993922529e-09
637,2.7735,185.1932,0.9000,0.9000,0.1000,0.1000,0.5483987331390381,9.99999993922529e-09
638,2.7740,185.1933,0.9000,0.9000,0.1000,0.1000,0.5478996634483337,9.99999993922529e-09
639,2.7737,185.1933,0.9000,0.9000,0.1000,0.1000,0.5481861233711243,9.99999993922529e-09
640,2.7748,185.1934,0.9000,0.9000,0.1000,0.1000,0.5470859408378601,9.99999993922529e-09
641,2.7747,185.1934,0.9000,0.9000,0.1000,0.1000,0.5472333431243896,9.99999993922529e-09
642,2.7733,185.1935,0.9000,0.9000,0.1000,0.1000,0.5485971570014954,9.99999993922529e-09
643,2.7752,185.1935,0.9000,0.9000,0.1000,0.1000,0.5467031598091125,9.99999993922529e-09
644,2.7733,185.1935,0.9000,0.9000,0.1000,0.1000,0.5486657023429871,9.99999993922529e-09
645,2.7740,185.1936,0.9000,0.9000,0.1000,0.1000,0.5479097962379456,9.99999993922529e-09
646,2.7750,185.1936,0.9000,0.9000,0.1000,0.1000,0.546917200088501,9.99999993922529e-09
647,2.7738,185.1936,0.9000,0.9000,0.1000,0.1000,0.5481623411178589,9.99999993922529e-09
648,2.7737,185.1937,0.9000,0.9000,0.1000,0.1000,0.5482546091079712,9.99999993922529e-09
649,2.7727,185.1937,0.9000,0.9000,0.1000,0.1000,0.5492505431175232,9.99999993922529e-09
650,2.7740,185.1937,0.9000,0.9000,0.1000,0.1000,0.5479394197463989,9.99999993922529e-09
651,2.7744,185.1938,0.9000,0.9000,0.1000,0.1000,0.547508716583252,9.99999993922529e-09
652,2.7732,185.1938,0.9000,0.9000,0.1000,0.1000,0.5486812591552734,9.99999993922529e-09
653,2.7745,185.1938,0.9000,0.9000,0.1000,0.1000,0.5474483966827393,9.99999993922529e-09
654,2.7730,185.1939,0.9000,0.9000,0.1000,0.1000,0.5488889217376709,9.99999993922529e-09
655,2.7750,185.1939,0.9000,0.9000,0.1000,0.1000,0.5468958020210266,9.99999993922529e-09
656,2.7746,185.1940,0.9000,0.9000,0.1000,0.1000,0.547344982624054,9.99999993922529e-09
657,2.7733,185.1940,0.9000,0.9000,0.1000,0.1000,0.548652172088623,9.99999993922529e-09
658,2.7723,185.1940,0.9000,0.9000,0.1000,0.1000,0.5495814681053162,9.99999993922529e-09
659,2.7740,185.1940,0.9000,0.9000,0.1000,0.1000,0.5479456782341003,9.99999993922529e-09
660,2.7730,185.1941,0.9000,0.9000,0.1000,0.1000,0.5489730834960938,9.99999993922529e-09
661,2.7725,185.1941,0.9000,0.9000,0.1000,0.1000,0.5493882298469543,9.99999993922529e-09
662,2.7736,185.1941,0.9000,0.9000,0.1000,0.1000,0.5483284592628479,9.99999993922529e-09
663,2.7728,185.1941,0.9000,0.9000,0.1000,0.1000,0.5491648316383362,9.99999993922529e-09
664,2.7739,185.1942,0.9000,0.9000,0.1000,0.1000,0.5480079650878906,9.99999993922529e-09
665,2.7744,185.1942,0.9000,0.9000,0.1000,0.1000,0.5475030541419983,9.99999993922529e-09
666,2.7725,185.1942,0.9000,0.9000,0.1000,0.1000,0.5494162440299988,9.99999993922529e-09
667,2.7731,185.1942,0.9000,0.9000,0.1000,0.1000,0.5488184690475464,9.99999993922529e-09
668,2.7719,185.1942,0.9000,0.9000,0.1000,0.1000,0.5499926805496216,9.99999993922529e-09
669,2.7745,185.1943,0.9000,0.9000,0.1000,0.1000,0.5474796295166016,9.99999993922529e-09
670,2.7747,185.1943,0.9000,0.9000,0.1000,0.1000,0.5472636222839355,9.99999993922529e-09
671,2.7736,185.1943,0.9000,0.9000,0.1000,0.1000,0.5483556985855103,9.99999993922529e-09
672,2.7737,185.1944,0.9000,0.9000,0.1000,0.1000,0.54819256067276,9.99999993922529e-09
673,2.7728,185.1944,0.9000,0.9000,0.1000,0.1000,0.5491273999214172,9.99999993922529e-09
674,2.7732,185.1944,0.9000,0.9000,0.1000,0.1000,0.5487121939659119,9.99999993922529e-09
675,2.7733,185.1944,0.9000,0.9000,0.1000,0.1000,0.5486572980880737,9.99999993922529e-09
676,2.7727,185.1944,0.9000,0.9000,0.1000,0.1000,0.5492516756057739,9.99999993922529e-09
677,2.7730,185.1944,0.9000,0.9000,0.1000,0.1000,0.5489670038223267,9.99999993922529e-09
678,2.7731,185.1944,0.9000,0.9000,0.1000,0.1000,0.5488390922546387,9.99999993922529e-09
679,2.7737,185.1944,0.9000,0.9000,0.1000,0.1000,0.5482308268547058,9.99999993922529e-09
680,2.7733,185.1945,0.9000,0.9000,0.1000,0.1000,0.548626720905304,9.99999993922529e-09
681,2.7735,185.1945,0.9000,0.9000,0.1000,0.1000,0.5484198927879333,9.99999993922529e-09
682,2.7752,185.1945,0.9000,0.9000,0.1000,0.1000,0.546708881855011,9.99999993922529e-09
683,2.7725,185.1945,0.9000,0.9000,0.1000,0.1000,0.5494090914726257,9.99999993922529e-09
684,2.7725,185.1945,0.9000,0.9000,0.1000,0.1000,0.5494007468223572,9.99999993922529e-09
685,2.7745,185.1945,0.9000,0.9000,0.1000,0.1000,0.5474657416343689,9.99999993922529e-09
686,2.7740,185.1945,0.9000,0.9000,0.1000,0.1000,0.5478978753089905,9.99999993922529e-09
687,2.7729,185.1946,0.9000,0.9000,0.1000,0.1000,0.5490517616271973,9.99999993922529e-09
688,2.7743,185.1946,0.9000,0.9000,0.1000,0.1000,0.5476416945457458,9.99999993922529e-09
689,2.7748,185.1946,0.9000,0.9000,0.1000,0.1000,0.5471014976501465,9.99999993922529e-09
690,2.7743,185.1946,0.9000,0.9000,0.1000,0.1000,0.5476511716842651,9.99999993922529e-09
691,2.7740,185.1946,0.9000,0.9000,0.1000,0.1000,0.5478827953338623,9.99999993922529e-09
692,2.7747,185.1946,0.9000,0.9000,0.1000,0.1000,0.5472158193588257,9.99999993922529e-09
693,2.7754,185.1946,0.9000,0.9000,0.1000,0.1000,0.5465746521949768,9.99999993922529e-09
694,2.7742,185.1946,0.9000,0.9000,0.1000,0.1000,0.54774010181427,9.99999993922529e-09
695,2.7721,185.1947,0.9000,0.9000,0.1000,0.1000,0.5497924089431763,9.99999993922529e-09
696,2.7735,185.1947,0.9000,0.9000,0.1000,0.1000,0.548430323600769,9.99999993922529e-09
697,2.7745,185.1947,0.9000,0.9000,0.1000,0.1000,0.5473954081535339,9.99999993922529e-09
698,2.7747,185.1947,0.9000,0.9000,0.1000,0.1000,0.5472720861434937,9.99999993922529e-09
699,2.7736,185.1947,0.9000,0.9000,0.1000,0.1000,0.5483664870262146,9.99999993922529e-09
700,2.7737,185.1947,0.9000,0.9000,0.1000,0.1000,0.5482337474822998,9.99999993922529e-09
701,2.7724,185.1947,0.9000,0.9000,0.1000,0.1000,0.5495730042457581,9.99999993922529e-09
702,2.7745,185.1947,0.9000,0.9000,0.1000,0.1000,0.5473877787590027,9.99999993922529e-09
703,2.7740,185.1947,0.9000,0.9000,0.1000,0.1000,0.5479267835617065,9.99999993922529e-09
704,2.7743,185.1947,0.9000,0.9000,0.1000,0.1000,0.547656238079071,9.99999993922529e-09
705,2.7728,185.1947,0.9000,0.9000,0.1000,0.1000,0.5491774678230286,9.99999993922529e-09
706,2.7733,185.1947,0.9000,0.9000,0.1000,0.1000,0.5486739873886108,9.99999993922529e-09
707,2.7740,185.1947,0.9000,0.9000,0.1000,0.1000,0.5479372143745422,9.99999993922529e-09
708,2.7726,185.1947,0.9000,0.9000,0.1000,0.1000,0.5493639707565308,9.99999993922529e-09
709,2.7729,185.1947,0.9000,0.9000,0.1000,0.1000,0.5490114092826843,9.99999993922529e-09
710,2.7742,185.1947,0.9000,0.9000,0.1000,0.1000,0.5476846098899841,9.99999993922529e-09
711,2.7730,185.1947,0.9000,0.9000,0.1000,0.1000,0.5489100217819214,9.99999993922529e-09
712,2.7736,185.1948,0.9000,0.9000,0.1000,0.1000,0.5483499765396118,9.99999993922529e-09
713,2.7742,185.1948,0.9000,0.9000,0.1000,0.1000,0.5477551221847534,9.99999993922529e-09
714,2.7732,185.1948,0.9000,0.9000,0.1000,0.1000,0.5487784147262573,9.99999993922529e-09
715,2.7721,185.1948,0.9000,0.9000,0.1000,0.1000,0.549780011177063,9.99999993922529e-09
716,2.7723,185.1948,0.9000,0.9000,0.1000,0.1000,0.5495834350585938,9.99999993922529e-09
717,2.7723,185.1948,0.9000,0.9000,0.1000,0.1000,0.5496534109115601,9.99999993922529e-09
718,2.7762,185.1948,0.9000,0.9000,0.1000,0.1000,0.545704185962677,9.99999993922529e-09
719,2.7725,185.1948,0.9000,0.9000,0.1000,0.1000,0.5494350790977478,9.99999993922529e-09
720,2.7742,185.1948,0.9000,0.9000,0.1000,0.1000,0.5476914644241333,9.99999993922529e-09
721,2.7751,185.1948,0.9000,0.9000,0.1000,0.1000,0.546843409538269,9.99999993922529e-09
722,2.7730,185.1948,0.9000,0.9000,0.1000,0.1000,0.5489256381988525,9.99999993922529e-09
723,2.7735,185.1948,0.8963,0.9000,0.1037,0.1000,0.548388659954071,9.99999993922529e-09
724,2.7724,185.1948,0.9000,0.9000,0.1000,0.1000,0.5495277047157288,9.99999993922529e-09
725,2.7737,185.1948,0.9000,0.9000,0.1000,0.1000,0.5481812953948975,9.99999993922529e-09
726,2.7725,185.1948,0.9000,0.9000,0.1000,0.1000,0.5494163632392883,9.99999993922529e-09
727,2.7751,185.1948,0.9000,0.9000,0.1000,0.1000,0.5468085408210754,9.99999993922529e-09
728,2.7741,185.1948,0.9000,0.9000,0.1000,0.1000,0.5478578805923462,9.99999993922529e-09
729,2.7727,185.1949,0.9000,0.9000,0.1000,0.1000,0.5492695569992065,9.99999993922529e-09
730,2.7727,185.1948,0.9000,0.9000,0.1000,0.1000,0.5492491126060486,9.99999993922529e-09
731,2.7741,185.1948,0.9000,0.9000,0.1000,0.1000,0.5478405952453613,9.99999993922529e-09
732,2.7735,185.1949,0.9000,0.9000,0.1000,0.1000,0.5484073162078857,9.99999993922529e-09
733,2.7751,185.1949,0.9000,0.9000,0.1000,0.1000,0.5468158721923828,9.99999993922529e-09
734,2.7738,185.1949,0.9000,0.9000,0.1000,0.1000,0.5481506586074829,9.99999993922529e-09
735,2.7742,185.1949,0.9000,0.9000,0.1000,0.1000,0.5477088093757629,9.99999993922529e-09
736,2.7729,185.1949,0.9000,0.9000,0.1000,0.1000,0.5490691661834717,9.99999993922529e-09
737,2.7731,185.1949,0.9000,0.9000,0.1000,0.1000,0.5488470792770386,9.99999993922529e-09
738,2.7727,185.1949,0.9000,0.9000,0.1000,0.1000,0.5491887927055359,9.99999993922529e-09
739,2.7733,185.1949,0.9000,0.9000,0.1000,0.1000,0.5486640930175781,9.99999993922529e-09
740,2.7747,185.1949,0.9000,0.9000,0.1000,0.1000,0.5472026467323303,9.99999993922529e-09
741,2.7745,185.1949,0.9000,0.9000,0.1000,0.1000,0.5474691987037659,9.99999993922529e-09
742,2.7752,185.1949,0.9000,0.9000,0.1000,0.1000,0.5466812252998352,9.99999993922529e-09
743,2.7751,185.1949,0.9000,0.9000,0.1000,0.1000,0.5467842817306519,9.99999993922529e-09
744,2.7730,185.1949,0.9000,0.9000,0.1000,0.1000,0.5489442944526672,9.99999993922529e-09
745,2.7724,185.1949,0.9000,0.9000,0.1000,0.1000,0.549489438533783,9.99999993922529e-09
746,2.7731,185.1949,0.9000,0.9000,0.1000,0.1000,0.5488013625144958,9.99999993922529e-09
747,2.7732,185.1949,0.9000,0.9000,0.1000,0.1000,0.5487596392631531,9.99999993922529e-09
748,2.7741,185.1949,0.9000,0.9000,0.1000,0.1000,0.5478772521018982,9.99999993922529e-09
749,2.7741,185.1949,0.9000,0.9000,0.1000,0.1000,0.5478030443191528,9.99999993922529e-09
750,2.7740,185.1949,0.9000,0.9000,0.1000,0.1000,0.547906219959259,9.99999993922529e-09
751,2.7740,185.1949,0.9000,0.9000,0.1000,0.1000,0.5479493737220764,9.99999993922529e-09
752,2.7743,185.1949,0.9000,0.9000,0.1000,0.1000,0.5476366281509399,9.99999993922529e-09
753,2.7720,185.1949,0.9000,0.9000,0.1000,0.1000,0.5499419569969177,9.99999993922529e-09
754,2.7735,185.1949,0.9000,0.9000,0.1000,0.1000,0.5484622716903687,9.99999993922529e-09
755,2.7726,185.1949,0.9000,0.9000,0.1000,0.1000,0.5493541955947876,9.99999993922529e-09
756,2.7742,185.1949,0.9000,0.9000,0.1000,0.1000,0.5477223992347717,9.99999993922529e-09
757,2.7737,185.1949,0.9000,0.9000,0.1000,0.1000,0.5482606291770935,9.99999993922529e-09
758,2.7733,185.1949,0.9000,0.9000,0.1000,0.1000,0.5486393570899963,9.99999993922529e-09
759,2.7735,185.1949,0.9000,0.9000,0.1000,0.1000,0.5484690070152283,9.99999993922529e-09
760,2.7730,185.1949,0.9000,0.9000,0.1000,0.1000,0.5489271879196167,9.99999993922529e-09
761,2.7736,185.1949,0.9000,0.9000,0.1000,0.1000,0.5483787655830383,9.99999993922529e-09
762,2.7725,185.1949,0.9000,0.9000,0.1000,0.1000,0.5494223237037659,9.99999993922529e-09
763,2.7743,185.1949,0.9000,0.9000,0.1000,0.1000,0.5476212501525879,9.99999993922529e-09
764,2.7744,185.1949,0.9000,0.9000,0.1000,0.1000,0.5475693941116333,9.99999993922529e-09
765,2.7734,185.1949,0.9000,0.9000,0.1000,0.1000,0.5485682487487793,9.99999993922529e-09
766,2.7738,185.1949,0.9000,0.9000,0.1000,0.1000,0.5480813384056091,9.99999993922529e-09
767,2.7748,185.1949,0.9000,0.9000,0.1000,0.1000,0.5471767783164978,9.99999993922529e-09
768,2.7734,185.1949,0.9000,0.9000,0.1000,0.1000,0.5485048890113831,9.99999993922529e-09
769,2.7746,185.1949,0.9000,0.9000,0.1000,0.1000,0.5473027229309082,9.99999993922529e-09
770,2.7757,185.1949,0.9000,0.9000,0.1000,0.1000,0.5462687015533447,9.99999993922529e-09
771,2.7728,185.1949,0.9000,0.9000,0.1000,0.1000,0.5491324067115784,9.99999993922529e-09
772,2.7748,185.1949,0.9000,0.9000,0.1000,0.1000,0.5471413135528564,9.99999993922529e-09
773,2.7722,185.1949,0.9000,0.9000,0.1000,0.1000,0.5497365593910217,9.99999993922529e-09
774,2.7733,185.1949,0.9000,0.9000,0.1000,0.1000,0.548642098903656,9.99999993922529e-09
775,2.7728,185.1949,0.9000,0.9000,0.1000,0.1000,0.5491490960121155,9.99999993922529e-09
776,2.7723,185.1949,0.9000,0.9000,0.1000,0.1000,0.5496207475662231,9.99999993922529e-09
777,2.7754,185.1949,0.9000,0.9000,0.1000,0.1000,0.5465721487998962,9.99999993922529e-09
778,2.7754,185.1949,0.9000,0.9000,0.1000,0.1000,0.5465449094772339,9.99999993922529e-09
779,2.7747,185.1949,0.9000,0.9000,0.1000,0.1000,0.5472357869148254,9.99999993922529e-09
780,2.7740,185.1949,0.9000,0.9000,0.1000,0.1000,0.5478941202163696,9.99999993922529e-09
781,2.7725,185.1949,0.9000,0.9000,0.1000,0.1000,0.5493879318237305,9.99999993922529e-09
782,2.7744,185.1949,0.9000,0.9000,0.1000,0.1000,0.5475366115570068,9.99999993922529e-09
783,2.7755,185.1949,0.9000,0.9000,0.1000,0.1000,0.5464076995849609,9.99999993922529e-09
784,2.7732,185.1949,0.9000,0.9000,0.1000,0.1000,0.5487570762634277,9.99999993922529e-09
785,2.7735,185.1949,0.9000,0.9000,0.1000,0.1000,0.5484562516212463,9.99999993922529e-09
786,2.7733,185.1949,0.9000,0.9000,0.1000,0.1000,0.5485870242118835,9.99999993922529e-09
787,2.7743,185.1949,0.9000,0.9000,0.1000,0.1000,0.5476086735725403,9.99999993922529e-09
788,2.7737,185.1949,0.9000,0.9000,0.1000,0.1000,0.5481852889060974,9.99999993922529e-09
789,2.7742,185.1949,0.9000,0.9000,0.1000,0.1000,0.5476990938186646,9.99999993922529e-09
790,2.7746,185.1949,0.9000,0.9000,0.1000,0.1000,0.5473635196685791,9.99999993922529e-09
791,2.7734,185.1949,0.9000,0.9000,0.1000,0.1000,0.548545241355896,9.99999993922529e-09
792,2.7730,185.1949,0.9000,0.9000,0.1000,0.1000,0.5489796996116638,9.99999993922529e-09
793,2.7745,185.1949,0.9000,0.9000,0.1000,0.1000,0.5473868250846863,9.99999993922529e-09
794,2.7739,185.1949,0.9000,0.9000,0.1000,0.1000,0.5480413436889648,9.99999993922529e-09
795,2.7746,185.1949,0.9000,0.9000,0.1000,0.1000,0.5473083257675171,9.99999993922529e-09
796,2.7742,185.1949,0.9000,0.9000,0.1000,0.1000,0.5476959347724915,9.99999993922529e-09
797,2.7734,185.1949,0.9000,0.9000,0.1000,0.1000,0.5485569834709167,9.99999993922529e-09
798,2.7729,185.1949,0.9000,0.9000,0.1000,0.1000,0.5490537285804749,9.99999993922529e-09
799,2.7743,185.1949,0.9000,0.9000,0.1000,0.1000,0.5475804805755615,9.99999993922529e-09
800,2.7755,185.1949,0.9000,0.9000,0.1000,0.1000,0.5463864803314209,9.99999993922529e-09
801,2.7723,185.1949,0.9000,0.9000,0.1000,0.1000,0.549598217010498,9.99999993922529e-09
802,2.7735,185.1949,0.9000,0.9000,0.1000,0.1000,0.5484713912010193,9.99999993922529e-09
803,2.7751,185.1949,0.9000,0.9000,0.1000,0.1000,0.5468780994415283,9.99999993922529e-09
804,2.7732,185.1949,0.9000,0.9000,0.1000,0.1000,0.5487791895866394,9.99999993922529e-09
805,2.7734,185.1949,0.9000,0.9000,0.1000,0.1000,0.5484813451766968,9.99999993922529e-09
806,2.7748,185.1949,0.9000,0.9000,0.1000,0.1000,0.5471609234809875,9.99999993922529e-09
807,2.7744,185.1949,0.9000,0.9000,0.1000,0.1000,0.547532856464386,9.99999993922529e-09
808,2.7733,185.1949,0.9000,0.9000,0.1000,0.1000,0.5486475825309753,9.99999993922529e-09
809,2.7747,185.1949,0.9000,0.9000,0.1000,0.1000,0.5472171306610107,9.99999993922529e-09
810,2.7742,185.1949,0.9000,0.9000,0.1000,0.1000,0.5477503538131714,9.99999993922529e-09
811,2.7768,185.1949,0.9000,0.9000,0.1000,0.1000,0.5451768040657043,9.99999993922529e-09
812,2.7744,185.1950,0.9000,0.9000,0.1000,0.1000,0.5475606918334961,9.99999993922529e-09
813,2.7718,185.1950,0.9000,0.9000,0.1000,0.1000,0.5501129031181335,9.99999993922529e-09
814,2.7741,185.1950,0.9000,0.9000,0.1000,0.1000,0.5478601455688477,9.99999993922529e-09
815,2.7740,185.1949,0.8963,0.9000,0.1037,0.1000,0.547946572303772,9.99999993922529e-09
816,2.7740,185.1950,0.9000,0.9000,0.1000,0.1000,0.5479361414909363,9.99999993922529e-09
817,2.7737,185.1950,0.9000,0.9000,0.1000,0.1000,0.5482453107833862,9.99999993922529e-09
818,2.7736,185.1949,0.9000,0.9000,0.1000,0.1000,0.5483480095863342,9.99999993922529e-09
819,2.7753,185.1950,0.9000,0.9000,0.1000,0.1000,0.5466309189796448,9.99999993922529e-09
820,2.7748,185.1950,0.9000,0.9000,0.1000,0.1000,0.547179102897644,9.99999993922529e-09
821,2.7735,185.1950,0.9000,0.9000,0.1000,0.1000,0.5483884811401367,9.99999993922529e-09
822,2.7743,185.1950,0.9000,0.9000,0.1000,0.1000,0.5476505756378174,9.99999993922529e-09
823,2.7726,185.1950,0.9000,0.9000,0.1000,0.1000,0.5492975115776062,9.99999993922529e-09
824,2.7745,185.1950,0.9000,0.9000,0.1000,0.1000,0.5474636554718018,9.99999993922529e-09
825,2.7740,185.1950,0.9000,0.9000,0.1000,0.1000,0.5479236245155334,9.99999993922529e-09
826,2.7742,185.1950,0.9000,0.9000,0.1000,0.1000,0.5477074384689331,9.99999993922529e-09
827,2.7749,185.1950,0.9000,0.9000,0.1000,0.1000,0.5470729470252991,9.99999993922529e-09
828,2.7730,185.1950,0.9000,0.9000,0.1000,0.1000,0.5489189028739929,9.99999993922529e-09
829,2.7748,185.1950,0.9000,0.9000,0.1000,0.1000,0.5471470355987549,9.99999993922529e-09
830,2.7735,185.1950,0.9000,0.9000,0.1000,0.1000,0.5484504103660583,9.99999993922529e-09
831,2.7745,185.1950,0.9000,0.9000,0.1000,0.1000,0.5474683046340942,9.99999993922529e-09
832,2.7726,185.1950,0.9000,0.9000,0.1000,0.1000,0.5493666529655457,9.99999993922529e-09
833,2.7744,185.1950,0.9000,0.9000,0.1000,0.1000,0.5475515723228455,9.99999993922529e-09
834,2.7723,185.1950,0.9000,0.9000,0.1000,0.1000,0.5496298670768738,9.99999993922529e-09
835,2.7750,185.1950,0.9000,0.9000,0.1000,0.1000,0.5469777584075928,9.99999993922529e-09
836,2.7752,185.1950,0.9000,0.9000,0.1000,0.1000,0.5467163324356079,9.99999993922529e-09
837,2.7723,185.1950,0.9000,0.9000,0.1000,0.1000,0.5496171712875366,9.99999993922529e-09
838,2.7738,185.1950,0.9000,0.9000,0.1000,0.1000,0.5481791496276855,9.99999993922529e-09
839,2.7729,185.1950,0.9000,0.9000,0.1000,0.1000,0.5490657091140747,9.99999993922529e-09
840,2.7743,185.1950,0.9000,0.9000,0.1000,0.1000,0.5476181507110596,9.99999993922529e-09
841,2.7736,185.1950,0.9000,0.9000,0.1000,0.1000,0.5483684539794922,9.99999993922529e-09
842,2.7743,185.1950,0.9000,0.9000,0.1000,0.1000,0.547618567943573,9.99999993922529e-09
843,2.7740,185.1950,0.9000,0.9000,0.1000,0.1000,0.547966718673706,9.99999993922529e-09
844,2.7736,185.1950,0.9000,0.9000,0.1000,0.1000,0.5483590364456177,9.99999993922529e-09
845,2.7736,185.1950,0.9000,0.9000,0.1000,0.1000,0.5482904314994812,9.99999993922529e-09
846,2.7740,185.1950,0.9000,0.9000,0.1000,0.1000,0.5479376316070557,9.99999993922529e-09
847,2.7721,185.1950,0.9000,0.9000,0.1000,0.1000,0.5498247146606445,9.99999993922529e-09
848,2.7744,185.1950,0.9000,0.9000,0.1000,0.1000,0.5475592017173767,9.99999993922529e-09
849,2.7744,185.1950,0.9000,0.9000,0.1000,0.1000,0.5475601553916931,9.99999993922529e-09
850,2.7743,185.1950,0.9000,0.9000,0.1000,0.1000,0.5475870966911316,9.99999993922529e-09
851,2.7752,185.1950,0.9000,0.9000,0.1000,0.1000,0.5466824173927307,9.99999993922529e-09
852,2.7738,185.1950,0.9000,0.9000,0.1000,0.1000,0.5481669306755066,9.99999993922529e-09
853,2.7737,185.1950,0.9000,0.9000,0.1000,0.1000,0.5482438206672668,9.99999993922529e-09
854,2.7717,185.1950,0.9000,0.9000,0.1000,0.1000,0.5502440929412842,9.99999993922529e-09
855,2.7746,185.1950,0.9000,0.9000,0.1000,0.1000,0.5473692417144775,9.99999993922529e-09
856,2.7738,185.1950,0.9000,0.9000,0.1000,0.1000,0.5480818152427673,9.99999993922529e-09
857,2.7738,185.1950,0.9000,0.9000,0.1000,0.1000,0.5480990409851074,9.99999993922529e-09
858,2.7739,185.1950,0.9000,0.9000,0.1000,0.1000,0.5480513572692871,9.99999993922529e-09
859,2.7727,185.1950,0.9000,0.9000,0.1000,0.1000,0.5492328405380249,9.99999993922529e-09
860,2.7747,185.1950,0.9000,0.9000,0.1000,0.1000,0.5472371578216553,9.99999993922529e-09
861,2.7729,185.1950,0.9000,0.9000,0.1000,0.1000,0.5489989519119263,9.99999993922529e-09
862,2.7735,185.1950,0.8963,0.9000,0.1037,0.1000,0.5483987331390381,9.99999993922529e-09
863,2.7741,185.1950,0.9000,0.9000,0.1000,0.1000,0.5478324294090271,9.99999993922529e-09
864,2.7730,185.1950,0.8963,0.9000,0.1037,0.1000,0.5489271879196167,9.99999993922529e-09
865,2.7724,185.1950,0.9000,0.9000,0.1000,0.1000,0.5495473146438599,9.99999993922529e-09
866,2.7751,185.1950,0.9000,0.9000,0.1000,0.1000,0.5468594431877136,9.99999993922529e-09
867,2.7742,185.1950,0.9000,0.9000,0.1000,0.1000,0.5477364659309387,9.99999993922529e-09
868,2.7731,185.1950,0.9000,0.9000,0.1000,0.1000,0.5488101243972778,9.99999993922529e-09
869,2.7732,185.1950,0.9000,0.9000,0.1000,0.1000,0.5487040877342224,9.99999993922529e-09
870,2.7750,185.1950,0.9000,0.9000,0.1000,0.1000,0.546949565410614,9.99999993922529e-09
871,2.7749,185.1950,0.9000,0.9000,0.1000,0.1000,0.5470438599586487,9.99999993922529e-09
872,2.7745,185.1950,0.8963,0.9000,0.1037,0.1000,0.5474016070365906,9.99999993922529e-09
873,2.7743,185.1950,0.9000,0.9000,0.1000,0.1000,0.5476741790771484,9.99999993922529e-09
874,2.7729,185.1950,0.9000,0.9000,0.1000,0.1000,0.5490677952766418,9.99999993922529e-09
875,2.7751,185.1950,0.9000,0.9000,0.1000,0.1000,0.5468742251396179,9.99999993922529e-09
876,2.7736,185.1950,0.9000,0.9000,0.1000,0.1000,0.5482937693595886,9.99999993922529e-09
877,2.7732,185.1950,0.9000,0.9000,0.1000,0.1000,0.5487764477729797,9.99999993922529e-09
878,2.7729,185.1950,0.9000,0.9000,0.1000,0.1000,0.549034595489502,9.99999993922529e-09
879,2.7725,185.1950,0.9000,0.9000,0.1000,0.1000,0.5493888854980469,9.99999993922529e-09
880,2.7745,185.1950,0.9000,0.9000,0.1000,0.1000,0.5474354028701782,9.99999993922529e-09
881,2.7727,185.1950,0.9000,0.9000,0.1000,0.1000,0.5492293238639832,9.99999993922529e-09
882,2.7723,185.1950,0.9000,0.9000,0.1000,0.1000,0.5496737360954285,9.99999993922529e-09
883,2.7747,185.1950,0.9000,0.9000,0.1000,0.1000,0.5472185015678406,9.99999993922529e-09
884,2.7751,185.1950,0.9000,0.9000,0.1000,0.1000,0.5468023419380188,9.99999993922529e-09
885,2.7731,185.1950,0.9000,0.9000,0.1000,0.1000,0.5488556027412415,9.99999993922529e-09
886,2.7738,185.1950,0.9000,0.9000,0.1000,0.1000,0.54811692237854,9.99999993922529e-09
887,2.7740,185.1950,0.9000,0.9000,0.1000,0.1000,0.5479637384414673,9.99999993922529e-09
888,2.7743,185.1950,0.9000,0.9000,0.1000,0.1000,0.5475846529006958,9.99999993922529e-09
889,2.7725,185.1950,0.9000,0.9000,0.1000,0.1000,0.5494402050971985,9.99999993922529e-09
890,2.7731,185.1950,0.9000,0.9000,0.1000,0.1000,0.5487821698188782,9.99999993922529e-09
891,2.7737,185.1950,0.9000,0.9000,0.1000,0.1000,0.5481814742088318,9.99999993922529e-09
892,2.7728,185.1950,0.9000,0.9000,0.1000,0.1000,0.5491741299629211,9.99999993922529e-09
893,2.7756,185.1950,0.9000,0.9000,0.1000,0.1000,0.5463526844978333,9.99999993922529e-09
894,2.7750,185.1950,0.9000,0.9000,0.1000,0.1000,0.5469260811805725,9.99999993922529e-09
895,2.7742,185.1950,0.9000,0.9000,0.1000,0.1000,0.5477074384689331,9.99999993922529e-09
896,2.7742,185.1950,0.9000,0.9000,0.1000,0.1000,0.5477745532989502,9.99999993922529e-09
897,2.7742,185.1950,0.9000,0.9000,0.1000,0.1000,0.5477780103683472,9.99999993922529e-09
898,2.7714,185.1950,0.9000,0.9000,0.1000,0.1000,0.5505232214927673,9.99999993922529e-09
899,2.7736,185.1950,0.9000,0.9000,0.1000,0.1000,0.548300564289093,9.99999993922529e-09
900,2.7738,185.1950,0.9000,0.9000,0.1000,0.1000,0.5481700301170349,9.99999993922529e-09
901,2.7740,185.1950,0.9000,0.9000,0.1000,0.1000,0.5479335188865662,9.99999993922529e-09
902,2.7753,185.1950,0.9000,0.9000,0.1000,0.1000,0.5466285347938538,9.99999993922529e-09
903,2.7718,185.1950,0.9000,0.9000,0.1000,0.1000,0.5501422882080078,9.99999993922529e-09
904,2.7722,185.1950,0.9000,0.9000,0.1000,0.1000,0.5497497320175171,9.99999993922529e-09
905,2.7723,185.1950,0.9000,0.9000,0.1000,0.1000,0.5496741533279419,9.99999993922529e-09
906,2.7733,185.1950,0.9000,0.9000,0.1000,0.1000,0.5486247539520264,9.99999993922529e-09
907,2.7737,185.1950,0.9000,0.9000,0.1000,0.1000,0.5482635498046875,9.99999993922529e-09
908,2.7748,185.1950,0.9000,0.9000,0.1000,0.1000,0.5471726655960083,9.99999993922529e-09
909,2.7739,185.1950,0.9000,0.9000,0.1000,0.1000,0.5480592250823975,9.99999993922529e-09
910,2.7730,185.1950,0.9000,0.9000,0.1000,0.1000,0.5489369034767151,9.99999993922529e-09
911,2.7732,185.1950,0.9000,0.9000,0.1000,0.1000,0.548690140247345,9.99999993922529e-09
912,2.7733,185.1950,0.9000,0.9000,0.1000,0.1000,0.5486594438552856,9.99999993922529e-09
913,2.7719,185.1950,0.9000,0.9000,0.1000,0.1000,0.55003422498703,9.99999993922529e-09
914,2.7718,185.1950,0.9000,0.9000,0.1000,0.1000,0.5501617193222046,9.99999993922529e-09
915,2.7736,185.1950,0.9000,0.9000,0.1000,0.1000,0.5482834577560425,9.99999993922529e-09
916,2.7739,185.1950,0.9000,0.9000,0.1000,0.1000,0.5480188131332397,9.99999993922529e-09
917,2.7744,185.1950,0.9000,0.9000,0.1000,0.1000,0.5475141406059265,9.99999993922529e-09
918,2.7750,185.1950,0.9000,0.9000,0.1000,0.1000,0.5469198822975159,9.99999993922529e-09
919,2.7763,185.1950,0.9000,0.9000,0.1000,0.1000,0.5456615090370178,9.99999993922529e-09
920,2.7737,185.1950,0.9000,0.9000,0.1000,0.1000,0.5481898784637451,9.99999993922529e-09
921,2.7735,185.1950,0.9000,0.9000,0.1000,0.1000,0.5484334230422974,9.99999993922529e-09
922,2.7749,185.1950,0.9000,0.9000,0.1000,0.1000,0.5469967126846313,9.99999993922529e-09
923,2.7723,185.1950,0.9000,0.9000,0.1000,0.1000,0.549592912197113,9.99999993922529e-09
924,2.7723,185.1950,0.9000,0.9000,0.1000,0.1000,0.5496250987052917,9.99999993922529e-09
925,2.7736,185.1950,0.9000,0.9000,0.1000,0.1000,0.5483798980712891,9.99999993922529e-09
926,2.7732,185.1950,0.9000,0.9000,0.1000,0.1000,0.548763632774353,9.99999993922529e-09
927,2.7738,185.1950,0.9000,0.9000,0.1000,0.1000,0.548119843006134,9.99999993922529e-09
928,2.7737,185.1950,0.9000,0.9000,0.1000,0.1000,0.5482608675956726,9.99999993922529e-09
929,2.7734,185.1950,0.9000,0.9000,0.1000,0.1000,0.5485796928405762,9.99999993922529e-09
930,2.7744,185.1950,0.9000,0.9000,0.1000,0.1000,0.5475053191184998,9.99999993922529e-09
931,2.7746,185.1950,0.9000,0.9000,0.1000,0.1000,0.5473340153694153,9.99999993922529e-09
932,2.7730,185.1950,0.9000,0.9000,0.1000,0.1000,0.5489064455032349,9.99999993922529e-09
933,2.7749,185.1950,0.9000,0.9000,0.1000,0.1000,0.5470036864280701,9.99999993922529e-09
934,2.7749,185.1950,0.9000,0.9000,0.1000,0.1000,0.5469891428947449,9.99999993922529e-09
935,2.7712,185.1950,0.9000,0.9000,0.1000,0.1000,0.5507205724716187,9.99999993922529e-09
936,2.7724,185.1950,0.9000,0.9000,0.1000,0.1000,0.5495626330375671,9.99999993922529e-09
937,2.7755,185.1950,0.9000,0.9000,0.1000,0.1000,0.5464262366294861,9.99999993922529e-09
938,2.7734,185.1950,0.9000,0.9000,0.1000,0.1000,0.5485678315162659,9.99999993922529e-09
939,2.7743,185.1950,0.9000,0.9000,0.1000,0.1000,0.5476104021072388,9.99999993922529e-09
940,2.7747,185.1950,0.9000,0.9000,0.1000,0.1000,0.5472694039344788,9.99999993922529e-09
941,2.7743,185.1950,0.9000,0.9000,0.1000,0.1000,0.5476257801055908,9.99999993922529e-09
942,2.7763,185.1950,0.9000,0.9000,0.1000,0.1000,0.545620858669281,9.99999993922529e-09
943,2.7728,185.1950,0.9000,0.9000,0.1000,0.1000,0.5491722226142883,9.99999993922529e-09
944,2.7744,185.1950,0.9000,0.9000,0.1000,0.1000,0.5474919080734253,9.99999993922529e-09
945,2.7755,185.1950,0.9000,0.9000,0.1000,0.1000,0.546390950679779,9.99999993922529e-09
946,2.7742,185.1950,0.9000,0.9000,0.1000,0.1000,0.5477674603462219,9.99999993922529e-09
947,2.7718,185.1950,0.9000,0.9000,0.1000,0.1000,0.5500982999801636,9.99999993922529e-09
948,2.7711,185.1950,0.9000,0.9000,0.1000,0.1000,0.5508631467819214,9.99999993922529e-09
949,2.7747,185.1950,0.9000,0.9000,0.1000,0.1000,0.5472763180732727,9.99999993922529e-09
950,2.7748,185.1950,0.9000,0.9000,0.1000,0.1000,0.5471569299697876,9.99999993922529e-09
951,2.7738,185.1950,0.9000,0.9000,0.1000,0.1000,0.5481592416763306,9.99999993922529e-09
952,2.7733,185.1950,0.9000,0.9000,0.1000,0.1000,0.5485956072807312,9.99999993922529e-09
953,2.7752,185.1950,0.9000,0.9000,0.1000,0.1000,0.546741247177124,9.99999993922529e-09
954,2.7736,185.1950,0.9000,0.9000,0.1000,0.1000,0.5483317375183105,9.99999993922529e-09
955,2.7734,185.1950,0.9000,0.9000,0.1000,0.1000,0.5484920740127563,9.99999993922529e-09
956,2.7734,185.1950,0.9000,0.9000,0.1000,0.1000,0.5485334396362305,9.99999993922529e-09
957,2.7721,185.1950,0.9000,0.9000,0.1000,0.1000,0.5498778223991394,9.99999993922529e-09
958,2.7745,185.1950,0.9000,0.9000,0.1000,0.1000,0.5474525690078735,9.99999993922529e-09
959,2.7737,185.1950,0.9000,0.9000,0.1000,0.1000,0.5482499003410339,9.99999993922529e-09
960,2.7719,185.1950,0.9000,0.9000,0.1000,0.1000,0.5500795841217041,9.99999993922529e-09
961,2.7746,185.1950,0.9000,0.9000,0.1000,0.1000,0.5473092198371887,9.99999993922529e-09
962,2.7734,185.1950,0.9000,0.9000,0.1000,0.1000,0.5485397577285767,9.99999993922529e-09
963,2.7717,185.1950,0.9000,0.9000,0.1000,0.1000,0.5502245426177979,9.99999993922529e-09
964,2.7725,185.1950,0.9000,0.9000,0.1000,0.1000,0.5494622588157654,9.99999993922529e-09
965,2.7726,185.1950,0.9000,0.9000,0.1000,0.1000,0.5493216514587402,9.99999993922529e-09
966,2.7745,185.1950,0.9000,0.9000,0.1000,0.1000,0.547456681728363,9.99999993922529e-09
967,2.7737,185.1950,0.9000,0.9000,0.1000,0.1000,0.5482293367385864,9.99999993922529e-09
968,2.7726,185.1950,0.9000,0.9000,0.1000,0.1000,0.5493224859237671,9.99999993922529e-09
969,2.7727,185.1950,0.9000,0.9000,0.1000,0.1000,0.5492559671401978,9.99999993922529e-09
970,2.7724,185.1950,0.8963,0.9000,0.1037,0.1000,0.5495752096176147,9.99999993922529e-09
971,2.7724,185.1950,0.9000,0.9000,0.1000,0.1000,0.5495619773864746,9.99999993922529e-09
972,2.7747,185.1950,0.9000,0.9000,0.1000,0.1000,0.5471968054771423,9.99999993922529e-09
973,2.7744,185.1950,0.9000,0.9000,0.1000,0.1000,0.5474865436553955,9.99999993922529e-09
974,2.7735,185.1950,0.8963,0.9000,0.1037,0.1000,0.5484297871589661,9.99999993922529e-09
975,2.7749,185.1950,0.9000,0.9000,0.1000,0.1000,0.5470355153083801,9.99999993922529e-09
976,2.7743,185.1950,0.9000,0.9000,0.1000,0.1000,0.5476709008216858,9.99999993922529e-09
977,2.7757,185.1950,0.9000,0.9000,0.1000,0.1000,0.5462484955787659,9.99999993922529e-09
978,2.7743,185.1950,0.9000,0.9000,0.1000,0.1000,0.5476544499397278,9.99999993922529e-09
979,2.7745,185.1950,0.9000,0.9000,0.1000,0.1000,0.5474408864974976,9.99999993922529e-09
980,2.7722,185.1950,0.9000,0.9000,0.1000,0.1000,0.5497180223464966,9.99999993922529e-09
981,2.7746,185.1950,0.9000,0.9000,0.1000,0.1000,0.5473524928092957,9.99999993922529e-09
982,2.7729,185.1950,0.9000,0.9000,0.1000,0.1000,0.5490649938583374,9.99999993922529e-09
983,2.7743,185.1950,0.9000,0.9000,0.1000,0.1000,0.5476347804069519,9.99999993922529e-09
984,2.7728,185.1950,0.9000,0.9000,0.1000,0.1000,0.5490958094596863,9.99999993922529e-09
985,2.7725,185.1950,0.9000,0.9000,0.1000,0.1000,0.5494675636291504,9.99999993922529e-09
986,2.7736,185.1950,0.9000,0.9000,0.1000,0.1000,0.5483543872833252,9.99999993922529e-09
987,2.7740,185.1950,0.9000,0.9000,0.1000,0.1000,0.5479329824447632,9.99999993922529e-09
988,2.7719,185.1950,0.9000,0.9000,0.1000,0.1000,0.550076425075531,9.99999993922529e-09
989,2.7736,185.1950,0.9000,0.9000,0.1000,0.1000,0.548318088054657,9.99999993922529e-09
990,2.7728,185.1950,0.9000,0.9000,0.1000,0.1000,0.5491487383842468,9.99999993922529e-09
991,2.7723,185.1950,0.9000,0.9000,0.1000,0.1000,0.5495895147323608,9.99999993922529e-09
992,2.7730,185.1950,0.9000,0.9000,0.1000,0.1000,0.5489194393157959,9.99999993922529e-09
993,2.7740,185.1950,0.9000,0.9000,0.1000,0.1000,0.5478894114494324,9.99999993922529e-09
994,2.7750,185.1950,0.9000,0.9000,0.1000,0.1000,0.5469760894775391,9.99999993922529e-09
995,2.7703,185.1950,0.8963,0.9000,0.1037,0.1000,0.551619827747345,9.99999993922529e-09
996,2.7756,185.1950,0.9000,0.9000,0.1000,0.1000,0.546323299407959,9.99999993922529e-09
997,2.7726,185.1950,0.9000,0.9000,0.1000,0.1000,0.549376904964447,9.99999993922529e-09
998,2.7735,185.1950,0.9000,0.9000,0.1000,0.1000,0.5483933687210083,9.99999993922529e-09
999,2.7735,185.1950,0.9000,0.9000,0.1000,0.1000,0.5484503507614136,9.99999993922529e-09
