0,0.0527,104.9573,0.1889,0.1889,0.8111,0.8111,3.2692227363586426,9.999999960041972e-12
1,0.1053,104.8915,0.2111,0.2148,0.7889,0.7852,3.216635227203369,9.999999960041972e-12
2,0.1517,104.8741,0.2222,0.2222,0.7778,0.7778,3.170193672180176,9.999999960041972e-12
3,0.1984,104.9293,0.2333,0.2296,0.7667,0.7704,3.1234893798828125,9.999999960041972e-12
4,0.2448,105.0237,0.2667,0.2630,0.7333,0.7370,3.0770890712738037,9.999999960041972e-12
5,0.2925,105.1345,0.3074,0.2963,0.6926,0.7037,3.029463052749634,9.999999960041972e-12
6,0.3397,105.2520,0.3556,0.3630,0.6444,0.6370,2.9822585582733154,9.999999960041972e-12
7,0.3911,105.4229,0.3889,0.3889,0.6111,0.6111,2.9308013916015625,9.999999960041972e-12
8,0.4404,105.6220,0.4333,0.4333,0.5667,0.5667,2.881561279296875,9.999999960041972e-12
9,0.4953,105.8918,0.4444,0.4481,0.5556,0.5519,2.82665753364563,9.999999960041972e-12
10,0.5530,106.1959,0.4778,0.4741,0.5222,0.5259,2.7688865661621094,9.999999960041972e-12
11,0.6110,106.5145,0.4926,0.4963,0.5074,0.5037,2.7108967304229736,9.999999960041972e-12
12,0.6694,106.9085,0.5259,0.5185,0.4741,0.4815,2.652571201324463,9.999999960041972e-12
13,0.7300,107.3367,0.5444,0.5370,0.4556,0.4630,2.591972589492798,9.999999960041972e-12
14,0.7872,107.7742,0.5519,0.5519,0.4481,0.4481,2.534705638885498,9.999999960041972e-12
15,0.8480,108.2296,0.5593,0.5593,0.4407,0.4407,2.473917007446289,9.999999960041972e-12
16,0.9061,108.7151,0.5741,0.5778,0.4259,0.4222,2.4158413410186768,9.999999960041972e-12
17,0.9636,109.1710,0.5926,0.5889,0.4074,0.4111,2.3582935333251953,9.999999960041972e-12
18,1.0204,109.7411,0.6037,0.6037,0.3963,0.3963,2.3014914989471436,9.999999960041972e-12
19,1.0767,110.2620,0.6148,0.6111,0.3852,0.3889,2.245211601257324,9.999999960041972e-12
20,1.1307,110.7918,0.6370,0.6333,0.3630,0.3667,2.1911869049072266,9.999999960041972e-12
21,1.1848,111.3638,0.6407,0.6444,0.3593,0.3556,2.1371169090270996,9.999999960041972e-12
22,1.2367,111.9035,0.6630,0.6667,0.3370,0.3333,2.085275411605835,9.999999960041972e-12
23,1.2904,112.4818,0.6778,0.6778,0.3222,0.3222,2.031547784805298,9.999999960041972e-12
24,1.3403,113.0593,0.6778,0.6741,0.3222,0.3259,1.9816348552703857,9.999999960041972e-12
25,1.3867,113.7330,0.6889,0.6889,0.3111,0.3111,1.9352163076400757,9.999999960041972e-12
26,1.4323,114.3475,0.7000,0.7037,0.3000,0.2963,1.889620304107666,9.999999960041972e-12
27,1.4791,115.0795,0.7296,0.7370,0.2704,0.2630,1.8428441286087036,9.999999960041972e-12
28,1.5234,115.7470,0.7481,0.7481,0.2519,0.2519,1.7985759973526,9.999999960041972e-12
29,1.5657,116.3806,0.7630,0.7593,0.2370,0.2407,1.7562350034713745,9.999999960041972e-12
30,1.6072,117.0514,0.7778,0.7741,0.2222,0.2259,1.7147254943847656,9.999999960041972e-12
31,1.6474,117.7704,0.7852,0.7889,0.2148,0.2111,1.6745293140411377,9.999999960041972e-12
32,1.6814,118.4046,0.7889,0.7889,0.2111,0.2111,1.6405471563339233,9.999999960041972e-12
33,1.7173,119.0509,0.7852,0.7889,0.2148,0.2111,1.604663610458374,9.999999960041972e-12
34,1.7510,119.7096,0.8000,0.8000,0.2000,0.2000,1.5709527730941772,9.999999960041972e-12
35,1.7824,120.3727,0.8000,0.8000,0.2000,0.2000,1.5395451784133911,9.999999960041972e-12
36,1.8137,121.0538,0.8000,0.8037,0.2000,0.1963,1.5082056522369385,9.999999960041972e-12
37,1.8443,121.6700,0.8074,0.8074,0.1926,0.1926,1.4776606559753418,9.999999960041972e-12
38,1.8717,122.4004,0.8111,0.8185,0.1889,0.1815,1.450276494026184,9.999999960041972e-12
39,1.8974,123.0230,0.8185,0.8185,0.1815,0.1815,1.4245693683624268,9.999999960041972e-12
40,1.9233,123.6736,0.8185,0.8185,0.1815,0.1815,1.3986719846725464,9.999999960041972e-12
41,1.9471,124.2874,0.8185,0.8185,0.1815,0.1815,1.3748294115066528,9.999999960041972e-12
42,1.9704,124.8913,0.8185,0.8185,0.1815,0.1815,1.3515766859054565,9.999999960041972e-12
43,1.9916,125.4822,0.8185,0.8185,0.1815,0.1815,1.3303126096725464,9.999999960041972e-12
44,2.0094,126.0261,0.8185,0.8185,0.1815,0.1815,1.3124998807907104,9.999999960041972e-12
45,2.0322,126.6708,0.8222,0.8222,0.1778,0.1778,1.2897082567214966,9.999999960041972e-12
46,2.0481,127.3043,0.8222,0.8259,0.1778,0.1741,1.273859977722168,9.999999960041972e-12
47,2.0681,127.8247,0.8259,0.8259,0.1741,0.1741,1.253811240196228,9.999999960041972e-12
48,2.0863,128.3218,0.8296,0.8259,0.1704,0.1741,1.2356677055358887,9.999999960041972e-12
49,2.1019,128.8121,0.8296,0.8296,0.1704,0.1704,1.220055341720581,9.999999960041972e-12
50,2.1192,129.3830,0.8407,0.8407,0.1593,0.1593,1.202747106552124,9.999999960041972e-12
51,2.1328,129.9606,0.8444,0.8481,0.1556,0.1519,1.1891220808029175,9.999999960041972e-12
52,2.1472,130.5265,0.8481,0.8481,0.1519,0.1519,1.174681305885315,9.999999960041972e-12
53,2.1615,131.0081,0.8519,0.8519,0.1481,0.1481,1.1604504585266113,9.999999960041972e-12
54,2.1726,131.5098,0.8519,0.8519,0.1481,0.1481,1.1493111848831177,9.999999960041972e-12
55,2.1847,132.0904,0.8519,0.8519,0.1481,0.1481,1.137223482131958,9.999999960041972e-12
56,2.1978,132.5457,0.8519,0.8519,0.1481,0.1481,1.1241611242294312,9.999999960041972e-12
57,2.2094,133.0386,0.8556,0.8556,0.1444,0.1444,1.1125352382659912,9.999999960041972e-12
58,2.2209,133.4975,0.8556,0.8519,0.1444,0.1481,1.101012945175171,9.999999960041972e-12
59,2.2312,133.9440,0.8519,0.8556,0.1481,0.1444,1.0907325744628906,9.999999960041972e-12
60,2.2432,134.3491,0.8556,0.8556,0.1444,0.1444,1.0787280797958374,9.999999960041972e-12
61,2.2545,134.7519,0.8556,0.8556,0.1444,0.1444,1.067423939704895,9.999999960041972e-12
62,2.2632,135.1027,0.8556,0.8556,0.1444,0.1444,1.0586925745010376,9.999999960041972e-12
63,2.2742,135.5277,0.8556,0.8556,0.1444,0.1444,1.0477025508880615,9.999999960041972e-12
64,2.2835,135.9654,0.8556,0.8556,0.1444,0.1444,1.0383961200714111,9.999999960041972e-12
65,2.2918,136.3437,0.8556,0.8556,0.1444,0.1444,1.0301603078842163,9.999999960041972e-12
66,2.2993,136.6851,0.8556,0.8556,0.1444,0.1444,1.0226011276245117,9.999999960041972e-12
67,2.3083,137.0460,0.8556,0.8556,0.1444,0.1444,1.0136243104934692,9.999999960041972e-12
68,2.3161,137.3585,0.8593,0.8593,0.1407,0.1407,1.005804419517517,9.999999960041972e-12
69,2.3244,137.7105,0.8593,0.8593,0.1407,0.1407,0.997539758682251,9.999999960041972e-12
70,2.3323,138.0472,0.8593,0.8593,0.1407,0.1407,0.9896620512008667,9.999999960041972e-12
71,2.3392,138.4162,0.8593,0.8593,0.1407,0.1407,0.9827418923377991,9.999999960041972e-12
72,2.3479,138.7345,0.8593,0.8593,0.1407,0.1407,0.9740062952041626,9.999999960041972e-12
73,2.3526,139.1170,0.8593,0.8593,0.1407,0.1407,0.9693211317062378,9.999999960041972e-12
74,2.3604,139.4529,0.8593,0.8593,0.1407,0.1407,0.9615655541419983,9.999999960041972e-12
75,2.3671,139.7623,0.8593,0.8593,0.1407,0.1407,0.9548453688621521,9.999999960041972e-12
76,2.3733,140.0536,0.8593,0.8593,0.1407,0.1407,0.9486716985702515,9.999999960041972e-12
77,2.3788,140.3555,0.8593,0.8593,0.1407,0.1407,0.9431003928184509,9.999999960041972e-12
78,2.3846,140.6382,0.8593,0.8593,0.1407,0.1407,0.9372972846031189,9.999999960041972e-12
79,2.3905,140.9406,0.8593,0.8593,0.1407,0.1407,0.9314624071121216,9.999999960041972e-12
80,2.3953,141.1789,0.8630,0.8630,0.1370,0.1370,0.9265905022621155,9.999999960041972e-12
81,2.4016,141.5184,0.8630,0.8630,0.1370,0.1370,0.9202873110771179,9.999999960041972e-12
82,2.4074,141.7814,0.8630,0.8630,0.1370,0.1370,0.9145298600196838,9.999999960041972e-12
83,2.4110,142.0564,0.8667,0.8667,0.1333,0.1333,0.9109433889389038,9.999999960041972e-12
84,2.4160,142.2929,0.8667,0.8667,0.1333,0.1333,0.9059688448905945,9.999999960041972e-12
85,2.4205,142.5827,0.8741,0.8741,0.1259,0.1259,0.9014158248901367,9.999999960041972e-12
86,2.4261,142.8512,0.8741,0.8741,0.1259,0.1259,0.8958517909049988,9.999999960041972e-12
87,2.4313,143.0906,0.8704,0.8741,0.1296,0.1259,0.8906264901161194,9.999999960041972e-12
88,2.4350,143.3746,0.8741,0.8741,0.1259,0.1259,0.8869430422782898,9.999999960041972e-12
89,2.4391,143.6228,0.8741,0.8741,0.1259,0.1259,0.8827821016311646,9.999999960041972e-12
90,2.4438,143.9017,0.8741,0.8741,0.1259,0.1259,0.8781092762947083,9.999999960041972e-12
91,2.4480,144.1344,0.8741,0.8741,0.1259,0.1259,0.8739714622497559,9.999999960041972e-12
92,2.4511,144.3841,0.8741,0.8741,0.1259,0.1259,0.8708652853965759,9.999999960041972e-12
93,2.4551,144.5997,0.8741,0.8778,0.1259,0.1222,0.8668683767318726,9.999999960041972e-12
94,2.4596,144.7801,0.8778,0.8778,0.1222,0.1222,0.8623000383377075,9.999999960041972e-12
95,2.4627,144.9854,0.8778,0.8741,0.1222,0.1259,0.8591992855072021,9.999999960041972e-12
96,2.4675,145.2142,0.8778,0.8778,0.1222,0.1222,0.854379415512085,9.999999960041972e-12
97,2.4706,145.4621,0.8778,0.8778,0.1222,0.1222,0.851292610168457,9.999999960041972e-12
98,2.4741,145.6656,0.8741,0.8778,0.1259,0.1222,0.8478377461433411,9.999999960041972e-12
99,2.4780,145.8796,0.8778,0.8778,0.1222,0.1222,0.8438888192176819,9.999999960041972e-12
100,2.4816,146.0832,0.8778,0.8778,0.1222,0.1222,0.8402793407440186,9.999999960041972e-12
101,2.4846,146.2774,0.8778,0.8778,0.1222,0.1222,0.837316632270813,9.999999960041972e-12
102,2.4889,146.4666,0.8778,0.8778,0.1222,0.1222,0.8329805135726929,9.999999960041972e-12
103,2.4893,146.6741,0.8815,0.8778,0.1185,0.1222,0.832580029964447,9.999999960041972e-12
104,2.4927,146.8411,0.8778,0.8778,0.1222,0.1222,0.8292317986488342,9.999999960041972e-12
105,2.4959,147.0205,0.8778,0.8778,0.1222,0.1222,0.8260480761528015,9.999999960041972e-12
106,2.5002,147.1943,0.8778,0.8778,0.1222,0.1222,0.8216781616210938,9.999999960041972e-12
107,2.5006,147.4345,0.8778,0.8778,0.1222,0.1222,0.8212927579879761,9.999999960041972e-12
108,2.5053,147.6026,0.8778,0.8778,0.1222,0.1222,0.8166303634643555,9.999999960041972e-12
109,2.5087,147.8033,0.8778,0.8778,0.1222,0.1222,0.8131920099258423,9.999999960041972e-12
110,2.5113,148.0067,0.8778,0.8778,0.1222,0.1222,0.81058269739151,9.999999960041972e-12
111,2.5098,148.1933,0.8778,0.8778,0.1222,0.1222,0.8120871782302856,9.999999960041972e-12
112,2.5152,148.3379,0.8778,0.8778,0.1222,0.1222,0.8066926002502441,9.999999960041972e-12
113,2.5171,148.4998,0.8778,0.8778,0.1222,0.1222,0.804865300655365,9.999999960041972e-12
114,2.5213,148.6555,0.8778,0.8778,0.1222,0.1222,0.8006604909896851,9.999999960041972e-12
115,2.5209,148.8279,0.8778,0.8778,0.1222,0.1222,0.8009947538375854,9.999999960041972e-12
116,2.5239,148.9661,0.8778,0.8778,0.1222,0.1222,0.7979841232299805,9.999999960041972e-12
117,2.5264,149.0972,0.8815,0.8778,0.1185,0.1222,0.7955382466316223,9.999999960041972e-12
118,2.5287,149.2473,0.8815,0.8778,0.1185,0.1222,0.7932659983634949,9.999999960041972e-12
119,2.5303,149.4088,0.8778,0.8778,0.1222,0.1222,0.7916145324707031,9.999999960041972e-12
120,2.5300,149.5789,0.8815,0.8778,0.1185,0.1222,0.791952908039093,9.999999960041972e-12
121,2.5335,149.7359,0.8778,0.8815,0.1222,0.1185,0.7883982062339783,9.999999960041972e-12
122,2.5349,149.8667,0.8815,0.8815,0.1185,0.1185,0.7870163321495056,9.999999960041972e-12
123,2.5377,149.9939,0.8778,0.8815,0.1222,0.1185,0.7841827273368835,9.999999960041972e-12
124,2.5391,150.1331,0.8815,0.8815,0.1185,0.1185,0.782821774482727,9.999999960041972e-12
125,2.5431,150.2632,0.8815,0.8815,0.1185,0.1185,0.7788524031639099,9.999999960041972e-12
126,2.5426,150.4181,0.8815,0.8815,0.1185,0.1185,0.7793310880661011,9.999999960041972e-12
127,2.5460,150.5558,0.8815,0.8815,0.1185,0.1185,0.7759737372398376,9.999999960041972e-12
128,2.5461,150.6954,0.8815,0.8815,0.1185,0.1185,0.7758573293685913,9.999999960041972e-12
129,2.5472,150.8439,0.8815,0.8815,0.1185,0.1185,0.7747183442115784,9.999999960041972e-12
130,2.5492,150.9675,0.8815,0.8815,0.1185,0.1185,0.7726781368255615,9.999999960041972e-12
131,2.5515,151.1229,0.8815,0.8815,0.1185,0.1185,0.7704167366027832,9.999999960041972e-12
132,2.5532,151.2418,0.8815,0.8815,0.1185,0.1185,0.7686991691589355,9.999999960041972e-12
133,2.5539,151.3848,0.8815,0.8815,0.1185,0.1185,0.767998218536377,9.999999960041972e-12
134,2.5557,151.4915,0.8815,0.8815,0.1185,0.1185,0.7662035226821899,9.999999960041972e-12
135,2.5571,151.6157,0.8815,0.8815,0.1185,0.1185,0.7648600935935974,9.999999960041972e-12
136,2.5596,151.7389,0.8852,0.8815,0.1148,0.1185,0.7622891068458557,9.999999960041972e-12
137,2.5600,151.8495,0.8815,0.8815,0.1185,0.1185,0.7619430422782898,9.999999960041972e-12
138,2.5605,151.9724,0.8815,0.8815,0.1185,0.1185,0.7614688873291016,9.999999960041972e-12
139,2.5626,152.0845,0.8815,0.8815,0.1185,0.1185,0.7593563795089722,9.999999960041972e-12
140,2.5627,152.1860,0.8852,0.8815,0.1148,0.1185,0.7592695355415344,9.999999960041972e-12
141,2.5638,152.3076,0.8815,0.8815,0.1185,0.1185,0.758104145526886,9.999999960041972e-12
142,2.5642,152.3917,0.8815,0.8815,0.1185,0.1185,0.7577286958694458,9.999999960041972e-12
143,2.5654,152.4987,0.8815,0.8815,0.1185,0.1185,0.7565640807151794,9.999999960041972e-12
144,2.5679,152.5989,0.8815,0.8815,0.1185,0.1185,0.7540438771247864,9.999999960041972e-12
145,2.5706,152.7099,0.8815,0.8815,0.1185,0.1185,0.7513005137443542,9.999999960041972e-12
146,2.5705,152.8098,0.8815,0.8815,0.1185,0.1185,0.7514015436172485,9.999999960041972e-12
147,2.5723,152.9073,0.8815,0.8815,0.1185,0.1185,0.7496101260185242,9.999999960041972e-12
148,2.5727,152.9941,0.8815,0.8815,0.1185,0.1185,0.7492362260818481,9.999999960041972e-12
149,2.5726,153.1044,0.8815,0.8815,0.1185,0.1185,0.7492801547050476,9.999999960041972e-12
150,2.5747,153.1868,0.8815,0.8815,0.1185,0.1185,0.7471948862075806,9.999999960041972e-12
151,2.5747,153.2870,0.8815,0.8815,0.1185,0.1185,0.7472683191299438,9.999999960041972e-12
152,2.5770,153.3801,0.8815,0.8815,0.1185,0.1185,0.744958221912384,9.999999960041972e-12
153,2.5777,153.4705,0.8815,0.8815,0.1185,0.1185,0.7442086338996887,9.999999960041972e-12
154,2.5777,153.5659,0.8852,0.8815,0.1148,0.1185,0.7442461252212524,9.999999960041972e-12
155,2.5793,153.6562,0.8815,0.8815,0.1185,0.1185,0.742638885974884,9.999999960041972e-12
156,2.5793,153.7553,0.8815,0.8815,0.1185,0.1185,0.742650032043457,9.999999960041972e-12
157,2.5816,153.8453,0.8815,0.8815,0.1185,0.1185,0.7403279542922974,9.999999960041972e-12
158,2.5833,153.9291,0.8815,0.8815,0.1185,0.1185,0.7385886907577515,9.999999960041972e-12
159,2.5829,153.9983,0.8815,0.8815,0.1185,0.1185,0.7390632629394531,9.999999960041972e-12
160,2.5834,154.0781,0.8815,0.8815,0.1185,0.1185,0.7385502457618713,9.999999960041972e-12
161,2.5826,154.1615,0.8815,0.8815,0.1185,0.1185,0.7393479943275452,9.999999960041972e-12
162,2.5878,154.2459,0.8815,0.8815,0.1185,0.1185,0.7340830564498901,9.999999960041972e-12
163,2.5870,154.3259,0.8815,0.8815,0.1185,0.1185,0.734898030757904,9.999999960041972e-12
164,2.5860,154.3807,0.8815,0.8815,0.1185,0.1185,0.7359148859977722,9.999999960041972e-12
165,2.5884,154.4752,0.8815,0.8815,0.1185,0.1185,0.7335627675056458,9.999999960041972e-12
166,2.5913,154.5401,0.8815,0.8815,0.1185,0.1185,0.7306141257286072,9.999999960041972e-12
167,2.5893,154.6146,0.8815,0.8815,0.1185,0.1185,0.7326192259788513,9.999999960041972e-12
168,2.5907,154.6888,0.8815,0.8815,0.1185,0.1185,0.7312114834785461,9.999999960041972e-12
169,2.5897,154.7549,0.8815,0.8815,0.1185,0.1185,0.7321848273277283,9.999999960041972e-12
170,2.5904,154.8170,0.8815,0.8815,0.1185,0.1185,0.7314925193786621,9.999999960041972e-12
171,2.5924,154.8810,0.8852,0.8815,0.1148,0.1185,0.7295498847961426,9.999999960041972e-12
172,2.5932,154.9460,0.8815,0.8815,0.1185,0.1185,0.7287530899047852,9.999999960041972e-12
173,2.5924,155.0079,0.8815,0.8815,0.1185,0.1185,0.7295143008232117,9.999999960041972e-12
174,2.5931,155.0619,0.8815,0.8815,0.1185,0.1185,0.7288024425506592,9.999999960041972e-12
175,2.5957,155.1311,0.8815,0.8815,0.1185,0.1185,0.7262652516365051,9.999999960041972e-12
176,2.5966,155.2004,0.8815,0.8815,0.1185,0.1185,0.7253026962280273,9.999999960041972e-12
177,2.5959,155.2678,0.8815,0.8815,0.1185,0.1185,0.7260320782661438,9.999999960041972e-12
178,2.5974,155.3321,0.8815,0.8815,0.1185,0.1185,0.7245334982872009,9.999999960041972e-12
179,2.5964,155.3966,0.8815,0.8815,0.1185,0.1185,0.7255090475082397,9.999999960041972e-12
180,2.5980,155.4460,0.8815,0.8815,0.1185,0.1185,0.72390216588974,9.999999960041972e-12
181,2.6009,155.5060,0.8815,0.8815,0.1185,0.1185,0.7210493087768555,9.999999960041972e-12
182,2.6006,155.5567,0.8815,0.8815,0.1185,0.1185,0.7212909460067749,9.999999960041972e-12
183,2.6000,155.6189,0.8815,0.8815,0.1185,0.1185,0.7219016551971436,9.999999960041972e-12
184,2.6013,155.6745,0.8815,0.8815,0.1185,0.1185,0.7206522822380066,9.999999960041972e-12
185,2.6020,155.7288,0.8815,0.8815,0.1185,0.1185,0.7199661135673523,9.999999960041972e-12
186,2.5993,155.7799,0.8815,0.8815,0.1185,0.1185,0.7225930690765381,9.999999960041972e-12
187,2.6022,155.8246,0.8815,0.8815,0.1185,0.1185,0.7197657227516174,9.999999960041972e-12
188,2.6046,155.8767,0.8815,0.8815,0.1185,0.1185,0.7173470854759216,9.999999960041972e-12
189,2.6043,155.9276,0.8815,0.8815,0.1185,0.1185,0.7176133990287781,9.999999960041972e-12
190,2.6041,155.9725,0.8815,0.8815,0.1185,0.1185,0.7178574204444885,9.999999960041972e-12
191,2.6044,156.0275,0.8815,0.8815,0.1185,0.1185,0.717513918876648,9.999999960041972e-12
192,2.6049,156.0712,0.8815,0.8815,0.1185,0.1185,0.717021644115448,9.999999960041972e-12
193,2.6049,156.1341,0.8815,0.8815,0.1185,0.1185,0.7170061469078064,9.999999960041972e-12
194,2.6042,156.1822,0.8815,0.8815,0.1185,0.1185,0.7177244424819946,9.999999960041972e-12
195,2.6064,156.2266,0.8815,0.8815,0.1185,0.1185,0.7155019640922546,9.999999960041972e-12
196,2.6077,156.2674,0.8815,0.8815,0.1185,0.1185,0.714257538318634,9.999999960041972e-12
197,2.6073,156.3188,0.8815,0.8815,0.1185,0.1185,0.7146311402320862,9.999999960041972e-12
198,2.6082,156.3610,0.8815,0.8815,0.1185,0.1185,0.7137216925621033,9.999999960041972e-12
199,2.6073,156.4147,0.8815,0.8815,0.1185,0.1185,0.7146570682525635,9.999999960041972e-12
200,2.6075,156.4541,0.8815,0.8815,0.1185,0.1185,0.7144689559936523,9.999999960041972e-12
201,2.6061,156.5032,0.8815,0.8815,0.1185,0.1185,0.7158780694007874,9.999999960041972e-12
202,2.6090,156.5473,0.8778,0.8815,0.1222,0.1185,0.7129745483398438,9.999999960041972e-12
203,2.6097,156.5946,0.8815,0.8815,0.1185,0.1185,0.7122287154197693,9.999999960041972e-12
204,2.6090,156.6448,0.8778,0.8815,0.1222,0.1185,0.7129276394844055,9.999999960041972e-12
205,2.6114,156.6877,0.8815,0.8815,0.1185,0.1185,0.710506796836853,9.999999960041972e-12
206,2.6103,156.7242,0.8815,0.8815,0.1185,0.1185,0.711610734462738,9.999999960041972e-12
207,2.6107,156.7621,0.8815,0.8815,0.1185,0.1185,0.7112705111503601,9.999999960041972e-12
208,2.6107,156.7983,0.8815,0.8815,0.1185,0.1185,0.7112205028533936,9.999999960041972e-12
209,2.6129,156.8422,0.8815,0.8815,0.1185,0.1185,0.709010899066925,9.999999960041972e-12
210,2.6113,156.8755,0.8815,0.8815,0.1185,0.1185,0.710638165473938,9.999999960041972e-12
211,2.6123,156.9214,0.8778,0.8815,0.1222,0.1185,0.709587812423706,9.999999960041972e-12
212,2.6127,156.9600,0.8815,0.8815,0.1185,0.1185,0.7091924548149109,9.999999960041972e-12
213,2.6131,157.0045,0.8815,0.8815,0.1185,0.1185,0.7088298201560974,9.999999960041972e-12
214,2.6122,157.0385,0.8815,0.8815,0.1185,0.1185,0.7097778916358948,9.999999960041972e-12
215,2.6137,157.0734,0.8815,0.8815,0.1185,0.1185,0.708253800868988,9.999999960041972e-12
216,2.6150,157.1070,0.8815,0.8815,0.1185,0.1185,0.7068944573402405,9.999999960041972e-12
217,2.6165,157.1453,0.8815,0.8815,0.1185,0.1185,0.7054025530815125,9.999999960041972e-12
218,2.6167,157.1800,0.8815,0.8815,0.1185,0.1185,0.7052096128463745,9.999999960041972e-12
219,2.6142,157.2116,0.8815,0.8815,0.1185,0.1185,0.7077673077583313,9.999999960041972e-12
220,2.6158,157.2405,0.8815,0.8815,0.1185,0.1185,0.706082820892334,9.999999960041972e-12
221,2.6144,157.2747,0.8815,0.8815,0.1185,0.1185,0.7075652480125427,9.999999960041972e-12
222,2.6163,157.3099,0.8815,0.8815,0.1185,0.1185,0.7056311368942261,9.999999960041972e-12
223,2.6172,157.3404,0.8815,0.8815,0.1185,0.1185,0.7047316431999207,9.999999960041972e-12
224,2.6171,157.3750,0.8815,0.8815,0.1185,0.1185,0.7048072218894958,9.999999960041972e-12
225,2.6161,157.4101,0.8815,0.8815,0.1185,0.1185,0.7058567404747009,9.999999960041972e-12
226,2.6173,157.4387,0.8815,0.8815,0.1185,0.1185,0.7045977711677551,9.999999960041972e-12
227,2.6170,157.4680,0.8815,0.8815,0.1185,0.1185,0.7049657106399536,9.999999960041972e-12
228,2.6162,157.4972,0.8815,0.8815,0.1185,0.1185,0.7057183980941772,9.999999960041972e-12
229,2.6177,157.5284,0.8815,0.8815,0.1185,0.1185,0.7042681574821472,9.999999960041972e-12
230,2.6179,157.5558,0.8815,0.8815,0.1185,0.1185,0.7040565609931946,9.999999960041972e-12
231,2.6178,157.5847,0.8815,0.8815,0.1185,0.1185,0.7041033506393433,9.999999960041972e-12
232,2.6197,157.6155,0.8815,0.8815,0.1185,0.1185,0.7021891474723816,9.999999960041972e-12
233,2.6194,157.6377,0.8815,0.8815,0.1185,0.1185,0.7025672793388367,9.999999960041972e-12
234,2.6196,157.6696,0.8815,0.8815,0.1185,0.1185,0.7023590207099915,9.999999960041972e-12
235,2.6200,157.6946,0.8815,0.8815,0.1185,0.1185,0.7019522190093994,9.999999960041972e-12
236,2.6197,157.7260,0.8815,0.8815,0.1185,0.1185,0.7022154927253723,9.999999960041972e-12
237,2.6200,157.7504,0.8815,0.8815,0.1185,0.1185,0.7019450664520264,9.999999960041972e-12
238,2.6201,157.7778,0.8815,0.8815,0.1185,0.1185,0.7018544673919678,9.999999960041972e-12
239,2.6223,157.8009,0.8778,0.8815,0.1222,0.1185,0.6996110677719116,9.999999960041972e-12
240,2.6207,157.8271,0.8815,0.8815,0.1185,0.1185,0.7011818885803223,9.999999960041972e-12
241,2.6210,157.8512,0.8815,0.8815,0.1185,0.1185,0.7008988261222839,9.999999960041972e-12
242,2.6215,157.8766,0.8815,0.8815,0.1185,0.1185,0.7004156112670898,9.999999960041972e-12
243,2.6203,157.9031,0.8815,0.8815,0.1185,0.1185,0.701607882976532,9.999999960041972e-12
244,2.6218,157.9285,0.8815,0.8815,0.1185,0.1185,0.7000967264175415,9.999999960041972e-12
245,2.6224,157.9492,0.8778,0.8815,0.1222,0.1185,0.6995163559913635,9.999999960041972e-12
246,2.6229,157.9704,0.8815,0.8815,0.1185,0.1185,0.6990545392036438,9.999999960041972e-12
247,2.6216,157.9909,0.8815,0.8815,0.1185,0.1185,0.7003003358840942,9.999999960041972e-12
248,2.6238,158.0113,0.8815,0.8815,0.1185,0.1185,0.698115348815918,9.999999960041972e-12
249,2.6218,158.0307,0.8815,0.8815,0.1185,0.1185,0.7001737952232361,9.999999960041972e-12
250,2.6227,158.0565,0.8815,0.8815,0.1185,0.1185,0.6992358565330505,9.999999960041972e-12
251,2.6228,158.0747,0.8815,0.8815,0.1185,0.1185,0.699131965637207,9.999999960041972e-12
252,2.6236,158.0919,0.8815,0.8815,0.1185,0.1185,0.6983508467674255,9.999999960041972e-12
253,2.6239,158.1133,0.8815,0.8815,0.1185,0.1185,0.6980609893798828,9.999999960041972e-12
254,2.6237,158.1330,0.8815,0.8815,0.1185,0.1185,0.698270857334137,9.999999960041972e-12
255,2.6240,158.1566,0.8815,0.8815,0.1185,0.1185,0.6979053020477295,9.999999960041972e-12
256,2.6226,158.1772,0.8815,0.8815,0.1185,0.1185,0.6993520855903625,9.999999960041972e-12
257,2.6249,158.1979,0.8815,0.8815,0.1185,0.1185,0.6970194578170776,9.999999960041972e-12
258,2.6241,158.2201,0.8815,0.8815,0.1185,0.1185,0.6978472471237183,9.999999960041972e-12
259,2.6237,158.2377,0.8815,0.8815,0.1185,0.1185,0.6982601284980774,9.999999960041972e-12
260,2.6231,158.2566,0.8815,0.8815,0.1185,0.1185,0.6988540887832642,9.999999960041972e-12
261,2.6239,158.2745,0.8815,0.8815,0.1185,0.1185,0.6980134844779968,9.999999960041972e-12
262,2.6251,158.2937,0.8815,0.8815,0.1185,0.1185,0.6968151330947876,9.999999960041972e-12
263,2.6257,158.3153,0.8778,0.8815,0.1222,0.1185,0.6961970925331116,9.999999960041972e-12
264,2.6252,158.3329,0.8852,0.8815,0.1148,0.1185,0.6967398524284363,9.999999960041972e-12
265,2.6242,158.3494,0.8815,0.8815,0.1185,0.1185,0.6977303624153137,9.999999960041972e-12
266,2.6250,158.3632,0.8852,0.8815,0.1148,0.1185,0.6969112157821655,9.999999960041972e-12
267,2.6248,158.3786,0.8778,0.8815,0.1222,0.1185,0.6971489191055298,9.999999960041972e-12
268,2.6256,158.3962,0.8852,0.8815,0.1148,0.1185,0.6963575482368469,9.999999960041972e-12
269,2.6247,158.4145,0.8815,0.8815,0.1185,0.1185,0.6971807479858398,9.999999960041972e-12
270,2.6254,158.4309,0.8815,0.8815,0.1185,0.1185,0.6965010762214661,9.999999960041972e-12
271,2.6254,158.4483,0.8852,0.8815,0.1148,0.1185,0.6964821219444275,9.999999960041972e-12
272,2.6260,158.4652,0.8852,0.8815,0.1148,0.1185,0.6959030032157898,9.999999960041972e-12
273,2.6282,158.4791,0.8815,0.8815,0.1185,0.1185,0.693743109703064,9.999999960041972e-12
274,2.6270,158.4957,0.8852,0.8815,0.1148,0.1185,0.6949228048324585,9.999999960041972e-12
275,2.6251,158.5124,0.8778,0.8815,0.1222,0.1185,0.696868360042572,9.999999960041972e-12
276,2.6253,158.5264,0.8815,0.8815,0.1185,0.1185,0.6966081857681274,9.999999960041972e-12
277,2.6284,158.5394,0.8852,0.8815,0.1148,0.1185,0.6934871673583984,9.999999960041972e-12
278,2.6291,158.5544,0.8815,0.8815,0.1185,0.1185,0.6928146481513977,9.999999960041972e-12
279,2.6276,158.5711,0.8815,0.8815,0.1185,0.1185,0.6943087577819824,9.999999960041972e-12
280,2.6263,158.5863,0.8815,0.8815,0.1185,0.1185,0.6956710815429688,9.999999960041972e-12
281,2.6269,158.6002,0.8815,0.8815,0.1185,0.1185,0.6950744390487671,9.999999960041972e-12
282,2.6277,158.6130,0.8815,0.8815,0.1185,0.1185,0.6941925287246704,9.999999960041972e-12
283,2.6275,158.6243,0.8815,0.8815,0.1185,0.1185,0.6944777369499207,9.999999960041972e-12
284,2.6293,158.6379,0.8815,0.8815,0.1185,0.1185,0.6925987005233765,9.999999960041972e-12
285,2.6262,158.6515,0.8815,0.8815,0.1185,0.1185,0.6957388520240784,9.999999960041972e-12
286,2.6269,158.6651,0.8852,0.8815,0.1148,0.1185,0.6950467824935913,9.999999960041972e-12
287,2.6283,158.6768,0.8852,0.8815,0.1148,0.1185,0.6936408877372742,9.999999960041972e-12
288,2.6279,158.6892,0.8815,0.8815,0.1185,0.1185,0.6939787268638611,9.999999960041972e-12
289,2.6265,158.7010,0.8852,0.8815,0.1148,0.1185,0.6954156756401062,9.999999960041972e-12
290,2.6293,158.7102,0.8815,0.8815,0.1185,0.1185,0.6926697492599487,9.999999960041972e-12
291,2.6283,158.7215,0.8815,0.8815,0.1185,0.1185,0.6936107277870178,9.999999960041972e-12
292,2.6279,158.7324,0.8815,0.8815,0.1185,0.1185,0.694040060043335,9.999999960041972e-12
293,2.6275,158.7436,0.8852,0.8815,0.1148,0.1185,0.6944195628166199,9.999999960041972e-12
294,2.6283,158.7535,0.8778,0.8815,0.1222,0.1185,0.6936178207397461,9.999999960041972e-12
295,2.6275,158.7640,0.8815,0.8815,0.1185,0.1185,0.6944268345832825,9.999999960041972e-12
296,2.6292,158.7771,0.8815,0.8815,0.1185,0.1185,0.6927458643913269,9.999999960041972e-12
297,2.6293,158.7878,0.8852,0.8815,0.1148,0.1185,0.6926373839378357,9.999999960041972e-12
298,2.6288,158.7971,0.8815,0.8815,0.1185,0.1185,0.6931207180023193,9.999999960041972e-12
299,2.6293,158.8094,0.8815,0.8815,0.1185,0.1185,0.6926125288009644,9.999999960041972e-12
300,2.6291,158.8188,0.8852,0.8815,0.1148,0.1185,0.69284987449646,9.999999960041972e-12
301,2.6292,158.8296,0.8852,0.8815,0.1148,0.1185,0.6927729845046997,9.999999960041972e-12
302,2.6297,158.8380,0.8815,0.8815,0.1185,0.1185,0.6922484636306763,9.999999960041972e-12
303,2.6281,158.8479,0.8815,0.8815,0.1185,0.1185,0.6937886476516724,9.999999960041972e-12
304,2.6308,158.8578,0.8815,0.8815,0.1185,0.1185,0.6911596059799194,9.999999960041972e-12
305,2.6291,158.8676,0.8815,0.8815,0.1185,0.1185,0.6928210258483887,9.999999960041972e-12
306,2.6284,158.8779,0.8778,0.8815,0.1222,0.1185,0.6934909820556641,9.999999960041972e-12
307,2.6284,158.8853,0.8815,0.8815,0.1185,0.1185,0.6935511827468872,9.999999960041972e-12
308,2.6284,158.8921,0.8815,0.8815,0.1185,0.1185,0.6935341954231262,9.999999960041972e-12
309,2.6303,158.9014,0.8815,0.8815,0.1185,0.1185,0.6916225552558899,9.999999960041972e-12
310,2.6291,158.9098,0.8815,0.8815,0.1185,0.1185,0.6928684115409851,9.999999960041972e-12
311,2.6303,158.9184,0.8852,0.8815,0.1148,0.1185,0.6916583776473999,9.999999960041972e-12
312,2.6303,158.9264,0.8852,0.8815,0.1148,0.1185,0.6916589140892029,9.999999960041972e-12
313,2.6301,158.9361,0.8815,0.8815,0.1185,0.1185,0.691844642162323,9.999999960041972e-12
314,2.6289,158.9449,0.8815,0.8815,0.1185,0.1185,0.6930766105651855,9.999999960041972e-12
315,2.6319,158.9538,0.8815,0.8815,0.1185,0.1185,0.6899867653846741,9.999999960041972e-12
316,2.6312,158.9625,0.8852,0.8815,0.1148,0.1185,0.6906858682632446,9.999999960041972e-12
317,2.6321,158.9719,0.8852,0.8815,0.1148,0.1185,0.6898371577262878,9.999999960041972e-12
318,2.6303,158.9786,0.8852,0.8815,0.1148,0.1185,0.691582441329956,9.999999960041972e-12
319,2.6296,158.9872,0.8815,0.8815,0.1185,0.1185,0.6923439502716064,9.999999960041972e-12
320,2.6314,158.9950,0.8852,0.8815,0.1148,0.1185,0.6905246376991272,9.999999960041972e-12
321,2.6306,159.0029,0.8815,0.8815,0.1185,0.1185,0.6913100481033325,9.999999960041972e-12
322,2.6302,159.0099,0.8815,0.8815,0.1185,0.1185,0.6916795372962952,9.999999960041972e-12
323,2.6302,159.0179,0.8778,0.8815,0.1222,0.1185,0.6916823983192444,9.999999960041972e-12
324,2.6313,159.0251,0.8852,0.8815,0.1148,0.1185,0.6906602382659912,9.999999960041972e-12
325,2.6316,159.0329,0.8815,0.8815,0.1185,0.1185,0.6902788281440735,9.999999960041972e-12
326,2.6311,159.0394,0.8815,0.8815,0.1185,0.1185,0.6908015012741089,9.999999960041972e-12
327,2.6332,159.0460,0.8852,0.8815,0.1148,0.1185,0.6887179017066956,9.999999960041972e-12
328,2.6312,159.0528,0.8852,0.8815,0.1148,0.1185,0.6907506585121155,9.999999960041972e-12
329,2.6309,159.0587,0.8778,0.8815,0.1222,0.1185,0.6910164952278137,9.999999960041972e-12
330,2.6316,159.0662,0.8852,0.8815,0.1148,0.1185,0.6903468370437622,9.999999960041972e-12
331,2.6322,159.0722,0.8815,0.8815,0.1185,0.1185,0.6897727251052856,9.999999960041972e-12
332,2.6300,159.0787,0.8815,0.8815,0.1185,0.1185,0.6919022798538208,9.999999960041972e-12
333,2.6323,159.0847,0.8815,0.8815,0.1185,0.1185,0.6896390914916992,9.999999960041972e-12
334,2.6308,159.0921,0.8815,0.8815,0.1185,0.1185,0.6910884380340576,9.999999960041972e-12
335,2.6320,159.0970,0.8778,0.8815,0.1222,0.1185,0.68988436460495,9.999999960041972e-12
336,2.6316,159.1035,0.8815,0.8815,0.1185,0.1185,0.6902875304222107,9.999999960041972e-12
337,2.6305,159.1091,0.8815,0.8815,0.1185,0.1185,0.6914412379264832,9.999999960041972e-12
338,2.6325,159.1154,0.8815,0.8815,0.1185,0.1185,0.6894540786743164,9.999999960041972e-12
339,2.6321,159.1208,0.8815,0.8815,0.1185,0.1185,0.689816415309906,9.999999960041972e-12
340,2.6305,159.1267,0.8815,0.8815,0.1185,0.1185,0.6914272308349609,9.999999960041972e-12
341,2.6298,159.1318,0.8778,0.8815,0.1222,0.1185,0.6921709775924683,9.999999960041972e-12
342,2.6331,159.1371,0.8815,0.8815,0.1185,0.1185,0.6888024806976318,9.999999960041972e-12
343,2.6296,159.1422,0.8852,0.8815,0.1148,0.1185,0.6923240423202515,9.999999960041972e-12
344,2.6314,159.1472,0.8815,0.8815,0.1185,0.1185,0.6904999017715454,9.999999960041972e-12
345,2.6327,159.1534,0.8815,0.8815,0.1185,0.1185,0.689229428768158,9.999999960041972e-12
346,2.6319,159.1587,0.8815,0.8815,0.1185,0.1185,0.6900489330291748,9.999999960041972e-12
347,2.6334,159.1637,0.8852,0.8815,0.1148,0.1185,0.6884839534759521,9.999999960041972e-12
348,2.6325,159.1691,0.8815,0.8815,0.1185,0.1185,0.6894496083259583,9.999999960041972e-12
349,2.6315,159.1743,0.8815,0.8815,0.1185,0.1185,0.690455973148346,9.999999960041972e-12
350,2.6317,159.1788,0.8815,0.8815,0.1185,0.1185,0.6902322173118591,9.999999960041972e-12
351,2.6311,159.1835,0.8778,0.8815,0.1222,0.1185,0.6908066868782043,9.999999960041972e-12
352,2.6314,159.1878,0.8815,0.8815,0.1185,0.1185,0.6905354857444763,9.999999960041972e-12
353,2.6327,159.1933,0.8815,0.8815,0.1185,0.1185,0.6892727613449097,9.999999960041972e-12
354,2.6325,159.1975,0.8815,0.8815,0.1185,0.1185,0.6893994808197021,9.999999960041972e-12
355,2.6309,159.2016,0.8815,0.8815,0.1185,0.1185,0.6910601854324341,9.999999960041972e-12
356,2.6320,159.2059,0.8815,0.8815,0.1185,0.1185,0.6899172067642212,9.999999960041972e-12
357,2.6325,159.2102,0.8815,0.8815,0.1185,0.1185,0.6894078850746155,9.999999960041972e-12
358,2.6300,159.2142,0.8852,0.8815,0.1148,0.1185,0.6919368505477905,9.999999960041972e-12
359,2.6320,159.2186,0.8815,0.8815,0.1185,0.1185,0.6899701952934265,9.999999960041972e-12
360,2.6327,159.2230,0.8815,0.8815,0.1185,0.1185,0.6892195343971252,9.999999960041972e-12
361,2.6329,159.2270,0.8815,0.8815,0.1185,0.1185,0.6890519857406616,9.999999960041972e-12
362,2.6325,159.2313,0.8815,0.8815,0.1185,0.1185,0.6893781423568726,9.999999960041972e-12
363,2.6328,159.2344,0.8778,0.8815,0.1222,0.1185,0.6891483664512634,9.999999960041972e-12
364,2.6338,159.2386,0.8778,0.8815,0.1222,0.1185,0.6881276369094849,9.999999960041972e-12
365,2.6338,159.2426,0.8815,0.8815,0.1185,0.1185,0.6881608366966248,9.999999960041972e-12
366,2.6321,159.2466,0.8815,0.8815,0.1185,0.1185,0.6898515224456787,9.999999960041972e-12
367,2.6333,159.2504,0.8815,0.8815,0.1185,0.1185,0.6885790228843689,9.999999960041972e-12
368,2.6329,159.2539,0.8815,0.8815,0.1185,0.1185,0.6890172958374023,9.999999960041972e-12
369,2.6345,159.2574,0.8852,0.8815,0.1148,0.1185,0.6874618530273438,9.999999960041972e-12
370,2.6324,159.2610,0.8852,0.8815,0.1148,0.1185,0.689549446105957,9.999999960041972e-12
371,2.6311,159.2644,0.8815,0.8815,0.1185,0.1185,0.690839946269989,9.999999960041972e-12
372,2.6312,159.2681,0.8815,0.8815,0.1185,0.1185,0.6907278299331665,9.999999960041972e-12
373,2.6339,159.2713,0.8815,0.8815,0.1185,0.1185,0.6880411505699158,9.999999960041972e-12
374,2.6336,159.2748,0.8815,0.8815,0.1185,0.1185,0.6883712410926819,9.999999960041972e-12
375,2.6320,159.2784,0.8778,0.8815,0.1222,0.1185,0.6898981928825378,9.999999960041972e-12
376,2.6332,159.2816,0.8815,0.8852,0.1185,0.1148,0.6886782646179199,9.999999960041972e-12
377,2.6334,159.2849,0.8778,0.8815,0.1222,0.1185,0.688485324382782,9.999999960041972e-12
378,2.6329,159.2884,0.8778,0.8815,0.1222,0.1185,0.6890206336975098,9.999999960041972e-12
379,2.6333,159.2917,0.8815,0.8815,0.1185,0.1185,0.6886006593704224,9.999999960041972e-12
380,2.6343,159.2942,0.8815,0.8815,0.1185,0.1185,0.6876081228256226,9.999999960041972e-12
381,2.6309,159.2971,0.8815,0.8815,0.1185,0.1185,0.6910632848739624,9.999999960041972e-12
382,2.6332,159.2995,0.8815,0.8815,0.1185,0.1185,0.6887744069099426,9.999999960041972e-12
383,2.6323,159.3017,0.8815,0.8815,0.1185,0.1185,0.6896680593490601,9.999999960041972e-12
384,2.6333,159.3049,0.8815,0.8815,0.1185,0.1185,0.6886509656906128,9.999999960041972e-12
385,2.6335,159.3079,0.8778,0.8815,0.1222,0.1185,0.688460111618042,9.999999960041972e-12
386,2.6343,159.3109,0.8815,0.8815,0.1185,0.1185,0.6876538991928101,9.999999960041972e-12
387,2.6332,159.3138,0.8815,0.8815,0.1185,0.1185,0.6886898875236511,9.999999960041972e-12
388,2.6326,159.3163,0.8778,0.8815,0.1222,0.1185,0.6893290281295776,9.999999960041972e-12
389,2.6302,159.3189,0.8778,0.8815,0.1222,0.1185,0.6917181015014648,9.999999960041972e-12
390,2.6321,159.3217,0.8815,0.8815,0.1185,0.1185,0.6897789239883423,9.999999960041972e-12
391,2.6338,159.3241,0.8815,0.8815,0.1185,0.1185,0.688163697719574,9.999999960041972e-12
392,2.6332,159.3263,0.8815,0.8815,0.1185,0.1185,0.6887401938438416,9.999999960041972e-12
393,2.6318,159.3288,0.8815,0.8815,0.1185,0.1185,0.6901509761810303,9.999999960041972e-12
394,2.6338,159.3316,0.8852,0.8815,0.1148,0.1185,0.6881712675094604,9.999999960041972e-12
395,2.6327,159.3337,0.8852,0.8815,0.1148,0.1185,0.6891911029815674,9.999999960041972e-12
396,2.6332,159.3362,0.8815,0.8815,0.1185,0.1185,0.688724160194397,9.999999960041972e-12
397,2.6331,159.3385,0.8815,0.8815,0.1185,0.1185,0.688806414604187,9.999999960041972e-12
398,2.6340,159.3407,0.8815,0.8815,0.1185,0.1185,0.6878944039344788,9.999999960041972e-12
399,2.6342,159.3430,0.8815,0.8815,0.1185,0.1185,0.6877458691596985,9.999999960041972e-12
400,2.6334,159.3455,0.8815,0.8815,0.1185,0.1185,0.688541054725647,9.999999960041972e-12
401,2.6341,159.3481,0.8815,0.8815,0.1185,0.1185,0.6878090500831604,9.999999960041972e-12
402,2.6333,159.3500,0.8852,0.8815,0.1148,0.1185,0.6886585354804993,9.999999960041972e-12
403,2.6337,159.3521,0.8815,0.8815,0.1185,0.1185,0.6882167458534241,9.999999960041972e-12
404,2.6332,159.3537,0.8815,0.8815,0.1185,0.1185,0.6887367963790894,9.999999960041972e-12
405,2.6335,159.3554,0.8815,0.8815,0.1185,0.1185,0.6884750127792358,9.999999960041972e-12
406,2.6337,159.3579,0.8852,0.8815,0.1148,0.1185,0.6882011890411377,9.999999960041972e-12
407,2.6331,159.3597,0.8815,0.8815,0.1185,0.1185,0.6888440847396851,9.999999960041972e-12
408,2.6323,159.3615,0.8815,0.8815,0.1185,0.1185,0.6896507740020752,9.999999960041972e-12
409,2.6324,159.3630,0.8815,0.8815,0.1185,0.1185,0.6895411014556885,9.999999960041972e-12
410,2.6347,159.3651,0.8815,0.8815,0.1185,0.1185,0.6871852278709412,9.999999960041972e-12
411,2.6325,159.3670,0.8815,0.8815,0.1185,0.1185,0.689420759677887,9.999999960041972e-12
412,2.6333,159.3688,0.8815,0.8815,0.1185,0.1185,0.6886105537414551,9.999999960041972e-12
413,2.6326,159.3710,0.8778,0.8815,0.1222,0.1185,0.6893411874771118,9.999999960041972e-12
414,2.6338,159.3728,0.8815,0.8852,0.1185,0.1148,0.6880837678909302,9.999999960041972e-12
415,2.6343,159.3747,0.8852,0.8815,0.1148,0.1185,0.6876463890075684,9.999999960041972e-12
416,2.6343,159.3764,0.8815,0.8815,0.1185,0.1185,0.6876646876335144,9.999999960041972e-12
417,2.6339,159.3781,0.8815,0.8815,0.1185,0.1185,0.6880346536636353,9.999999960041972e-12
418,2.6316,159.3798,0.8815,0.8815,0.1185,0.1185,0.6902974843978882,9.999999960041972e-12
419,2.6323,159.3813,0.8815,0.8815,0.1185,0.1185,0.6896495819091797,9.999999960041972e-12
420,2.6338,159.3831,0.8815,0.8815,0.1185,0.1185,0.688103973865509,9.999999960041972e-12
421,2.6344,159.3847,0.8815,0.8815,0.1185,0.1185,0.687490701675415,9.999999960041972e-12
422,2.6352,159.3865,0.8852,0.8815,0.1148,0.1185,0.6866849064826965,9.999999960041972e-12
423,2.6333,159.3880,0.8815,0.8815,0.1185,0.1185,0.6886399984359741,9.999999960041972e-12
424,2.6331,159.3895,0.8815,0.8815,0.1185,0.1185,0.6888017058372498,9.999999960041972e-12
425,2.6335,159.3911,0.8852,0.8815,0.1148,0.1185,0.6884257197380066,9.999999960041972e-12
426,2.6328,159.3925,0.8815,0.8815,0.1185,0.1185,0.6891061663627625,9.999999960041972e-12
427,2.6332,159.3940,0.8815,0.8815,0.1185,0.1185,0.6886955499649048,9.999999960041972e-12
428,2.6337,159.3955,0.8815,0.8815,0.1185,0.1185,0.6882645487785339,9.999999960041972e-12
429,2.6327,159.3970,0.8815,0.8815,0.1185,0.1185,0.6891926527023315,9.999999960041972e-12
430,2.6329,159.3988,0.8778,0.8815,0.1222,0.1185,0.6890504360198975,9.999999960041972e-12
431,2.6339,159.4003,0.8815,0.8815,0.1185,0.1185,0.6879810094833374,9.999999960041972e-12
432,2.6329,159.4016,0.8815,0.8815,0.1185,0.1185,0.6890470385551453,9.999999960041972e-12
433,2.6337,159.4032,0.8815,0.8852,0.1185,0.1148,0.6882415413856506,9.999999960041972e-12
434,2.6359,159.4043,0.8815,0.8815,0.1185,0.1185,0.6859788298606873,9.999999960041972e-12
435,2.6350,159.4055,0.8815,0.8815,0.1185,0.1185,0.6869449615478516,9.999999960041972e-12
436,2.6333,159.4068,0.8815,0.8815,0.1185,0.1185,0.6886682510375977,9.999999960041972e-12
437,2.6344,159.4080,0.8778,0.8815,0.1222,0.1185,0.6875410079956055,9.999999960041972e-12
438,2.6346,159.4094,0.8852,0.8815,0.1148,0.1185,0.6872949600219727,9.999999960041972e-12
439,2.6342,159.4105,0.8815,0.8815,0.1185,0.1185,0.6876856088638306,9.999999960041972e-12
440,2.6321,159.4120,0.8778,0.8852,0.1222,0.1148,0.6898389458656311,9.999999960041972e-12
441,2.6323,159.4135,0.8778,0.8815,0.1222,0.1185,0.6896426677703857,9.999999960041972e-12
442,2.6344,159.4146,0.8815,0.8815,0.1185,0.1185,0.6875688433647156,9.999999960041972e-12
443,2.6342,159.4159,0.8852,0.8815,0.1148,0.1185,0.6877374649047852,9.999999960041972e-12
444,2.6353,159.4172,0.8852,0.8815,0.1148,0.1185,0.6866382360458374,9.999999960041972e-12
445,2.6347,159.4182,0.8815,0.8852,0.1185,0.1148,0.6871978640556335,9.999999960041972e-12
446,2.6348,159.4191,0.8852,0.8815,0.1148,0.1185,0.6871260404586792,9.999999960041972e-12
447,2.6330,159.4203,0.8852,0.8815,0.1148,0.1185,0.6888790726661682,9.999999960041972e-12
448,2.6346,159.4213,0.8815,0.8852,0.1185,0.1148,0.6872787475585938,9.999999960041972e-12
449,2.6313,159.4225,0.8852,0.8815,0.1148,0.1185,0.6906270980834961,9.999999960041972e-12
450,2.6340,159.4235,0.8852,0.8815,0.1148,0.1185,0.687879741191864,9.999999960041972e-12
451,2.6346,159.4244,0.8852,0.8815,0.1148,0.1185,0.6872831583023071,9.999999960041972e-12
452,2.6338,159.4255,0.8815,0.8815,0.1185,0.1185,0.6881723403930664,9.999999960041972e-12
453,2.6362,159.4263,0.8815,0.8815,0.1185,0.1185,0.6857648491859436,9.999999960041972e-12
454,2.6338,159.4273,0.8815,0.8815,0.1185,0.1185,0.688174307346344,9.999999960041972e-12
455,2.6353,159.4283,0.8815,0.8815,0.1185,0.1185,0.6866612434387207,9.999999960041972e-12
456,2.6344,159.4291,0.8852,0.8815,0.1148,0.1185,0.6875690221786499,9.999999960041972e-12
457,2.6330,159.4300,0.8815,0.8815,0.1185,0.1185,0.6889098882675171,9.999999960041972e-12
458,2.6346,159.4308,0.8815,0.8815,0.1185,0.1185,0.6873184442520142,9.999999960041972e-12
459,2.6345,159.4316,0.8815,0.8815,0.1185,0.1185,0.6874412894248962,9.999999960041972e-12
460,2.6342,159.4325,0.8815,0.8815,0.1185,0.1185,0.6877514123916626,9.999999960041972e-12
461,2.6334,159.4335,0.8815,0.8815,0.1185,0.1185,0.6885122656822205,9.999999960041972e-12
462,2.6334,159.4345,0.8815,0.8815,0.1185,0.1185,0.6885731816291809,9.999999960041972e-12
463,2.6328,159.4353,0.8778,0.8815,0.1222,0.1185,0.689098060131073,9.999999960041972e-12
464,2.6339,159.4361,0.8815,0.8815,0.1185,0.1185,0.6880024671554565,9.999999960041972e-12
465,2.6337,159.4370,0.8852,0.8815,0.1148,0.1185,0.6882718801498413,9.999999960041972e-12
466,2.6340,159.4377,0.8815,0.8815,0.1185,0.1185,0.6879042387008667,9.999999960041972e-12
467,2.6345,159.4388,0.8815,0.8815,0.1185,0.1185,0.6874500513076782,9.999999960041972e-12
468,2.6343,159.4396,0.8815,0.8815,0.1185,0.1185,0.6875898241996765,9.999999960041972e-12
469,2.6342,159.4404,0.8778,0.8815,0.1222,0.1185,0.687681257724762,9.999999960041972e-12
470,2.6339,159.4413,0.8815,0.8815,0.1185,0.1185,0.6880226731300354,9.999999960041972e-12
471,2.6326,159.4420,0.8815,0.8815,0.1185,0.1185,0.6893067359924316,9.999999960041972e-12
472,2.6344,159.4428,0.8815,0.8815,0.1185,0.1185,0.6875165700912476,9.999999960041972e-12
473,2.6328,159.4435,0.8778,0.8815,0.1222,0.1185,0.6891075968742371,9.999999960041972e-12
474,2.6355,159.4441,0.8815,0.8815,0.1185,0.1185,0.6864725947380066,9.999999960041972e-12
475,2.6354,159.4447,0.8852,0.8815,0.1148,0.1185,0.6864993572235107,9.999999960041972e-12
476,2.6338,159.4454,0.8815,0.8815,0.1185,0.1185,0.6880919337272644,9.999999960041972e-12
477,2.6338,159.4461,0.8815,0.8815,0.1185,0.1185,0.6881107091903687,9.999999960041972e-12
478,2.6317,159.4468,0.8815,0.8852,0.1185,0.1148,0.6902230381965637,9.999999960041972e-12
479,2.6340,159.4473,0.8852,0.8815,0.1148,0.1185,0.687920868396759,9.999999960041972e-12
480,2.6334,159.4481,0.8815,0.8815,0.1185,0.1185,0.688566267490387,9.999999960041972e-12
481,2.6355,159.4487,0.8815,0.8815,0.1185,0.1185,0.6864553093910217,9.999999960041972e-12
482,2.6342,159.4492,0.8815,0.8815,0.1185,0.1185,0.6877622008323669,9.999999960041972e-12
483,2.6346,159.4499,0.8815,0.8815,0.1185,0.1185,0.687367856502533,9.999999960041972e-12
484,2.6327,159.4505,0.8815,0.8815,0.1185,0.1185,0.6892467141151428,9.999999960041972e-12
485,2.6343,159.4509,0.8815,0.8852,0.1185,0.1148,0.6876409649848938,9.999999960041972e-12
486,2.6351,159.4516,0.8815,0.8815,0.1185,0.1185,0.6867813467979431,9.999999960041972e-12
487,2.6339,159.4524,0.8778,0.8815,0.1222,0.1185,0.6880666613578796,9.999999960041972e-12
488,2.6347,159.4528,0.8778,0.8815,0.1222,0.1185,0.687267005443573,9.999999960041972e-12
489,2.6351,159.4533,0.8815,0.8815,0.1185,0.1185,0.6868396401405334,9.999999960041972e-12
490,2.6344,159.4540,0.8852,0.8815,0.1148,0.1185,0.687489926815033,9.999999960041972e-12
491,2.6351,159.4546,0.8815,0.8815,0.1185,0.1185,0.6868324279785156,9.999999960041972e-12
492,2.6341,159.4551,0.8852,0.8815,0.1148,0.1185,0.687812328338623,9.999999960041972e-12
493,2.6352,159.4557,0.8815,0.8815,0.1185,0.1185,0.6867694854736328,9.999999960041972e-12
494,2.6343,159.4563,0.8852,0.8815,0.1148,0.1185,0.6876420378684998,9.999999960041972e-12
495,2.6359,159.4568,0.8815,0.8815,0.1185,0.1185,0.6860538721084595,9.999999960041972e-12
496,2.6342,159.4573,0.8852,0.8815,0.1148,0.1185,0.6877123713493347,9.999999960041972e-12
497,2.6353,159.4579,0.8815,0.8815,0.1185,0.1185,0.6866040229797363,9.999999960041972e-12
498,2.6335,159.4584,0.8815,0.8815,0.1185,0.1185,0.6883803009986877,9.999999960041972e-12
499,2.6337,159.4589,0.8815,0.8815,0.1185,0.1185,0.6882140040397644,9.999999960041972e-12
500,2.6358,159.4594,0.8852,0.8815,0.1148,0.1185,0.6860911250114441,9.999999960041972e-12
501,2.6342,159.4598,0.8815,0.8815,0.1185,0.1185,0.6877168416976929,9.999999960041972e-12
502,2.6347,159.4603,0.8815,0.8815,0.1185,0.1185,0.6872303485870361,9.999999960041972e-12
503,2.6336,159.4608,0.8815,0.8815,0.1185,0.1185,0.6883079409599304,9.999999960041972e-12
504,2.6344,159.4612,0.8815,0.8815,0.1185,0.1185,0.6874819993972778,9.999999960041972e-12
505,2.6351,159.4616,0.8815,0.8815,0.1185,0.1185,0.6867840886116028,9.999999960041972e-12
506,2.6331,159.4620,0.8815,0.8815,0.1185,0.1185,0.6888731718063354,9.999999960041972e-12
507,2.6349,159.4625,0.8815,0.8815,0.1185,0.1185,0.6870535016059875,9.999999960041972e-12
508,2.6353,159.4631,0.8815,0.8815,0.1185,0.1185,0.6866461634635925,9.999999960041972e-12
509,2.6347,159.4635,0.8852,0.8815,0.1148,0.1185,0.6872426271438599,9.999999960041972e-12
510,2.6322,159.4640,0.8815,0.8815,0.1185,0.1185,0.6897103786468506,9.999999960041972e-12
511,2.6340,159.4644,0.8815,0.8815,0.1185,0.1185,0.6879693269729614,9.999999960041972e-12
512,2.6329,159.4648,0.8815,0.8815,0.1185,0.1185,0.6889994740486145,9.999999960041972e-12
513,2.6348,159.4652,0.8852,0.8815,0.1148,0.1185,0.6870887875556946,9.999999960041972e-12
514,2.6334,159.4656,0.8815,0.8815,0.1185,0.1185,0.6885143518447876,9.999999960041972e-12
515,2.6344,159.4661,0.8815,0.8815,0.1185,0.1185,0.6874974370002747,9.999999960041972e-12
516,2.6346,159.4664,0.8852,0.8815,0.1148,0.1185,0.687288224697113,9.999999960041972e-12
517,2.6334,159.4668,0.8815,0.8815,0.1185,0.1185,0.6885232329368591,9.999999960041972e-12
518,2.6336,159.4672,0.8815,0.8815,0.1185,0.1185,0.6883237361907959,9.999999960041972e-12
519,2.6330,159.4676,0.8815,0.8852,0.1185,0.1148,0.6888913512229919,9.999999960041972e-12
520,2.6337,159.4680,0.8852,0.8815,0.1148,0.1185,0.6882734298706055,9.999999960041972e-12
521,2.6365,159.4683,0.8815,0.8852,0.1185,0.1148,0.6853851675987244,9.999999960041972e-12
522,2.6352,159.4686,0.8815,0.8815,0.1185,0.1185,0.6867736577987671,9.999999960041972e-12
523,2.6337,159.4690,0.8815,0.8815,0.1185,0.1185,0.688268780708313,9.999999960041972e-12
524,2.6348,159.4694,0.8815,0.8815,0.1185,0.1185,0.6870825886726379,9.999999960041972e-12
525,2.6354,159.4697,0.8815,0.8815,0.1185,0.1185,0.6865691542625427,9.999999960041972e-12
526,2.6352,159.4700,0.8815,0.8815,0.1185,0.1185,0.6867109537124634,9.999999960041972e-12
527,2.6334,159.4704,0.8815,0.8815,0.1185,0.1185,0.688502311706543,9.999999960041972e-12
528,2.6358,159.4707,0.8815,0.8815,0.1185,0.1185,0.6861726641654968,9.999999960041972e-12
529,2.6346,159.4710,0.8815,0.8815,0.1185,0.1185,0.6872979402542114,9.999999960041972e-12
530,2.6343,159.4714,0.8852,0.8815,0.1148,0.1185,0.6876029372215271,9.999999960041972e-12
531,2.6350,159.4717,0.8852,0.8815,0.1148,0.1185,0.6869158744812012,9.999999960041972e-12
532,2.6347,159.4720,0.8852,0.8815,0.1148,0.1185,0.6872544288635254,9.999999960041972e-12
533,2.6359,159.4723,0.8852,0.8815,0.1148,0.1185,0.6860761642456055,9.999999960041972e-12
534,2.6350,159.4725,0.8815,0.8815,0.1185,0.1185,0.6868847608566284,9.999999960041972e-12
535,2.6353,159.4729,0.8778,0.8815,0.1222,0.1185,0.6865932941436768,9.999999960041972e-12
536,2.6346,159.4732,0.8815,0.8815,0.1185,0.1185,0.6873008608818054,9.999999960041972e-12
537,2.6343,159.4733,0.8852,0.8815,0.1148,0.1185,0.6876620650291443,9.999999960041972e-12
538,2.6340,159.4735,0.8852,0.8815,0.1148,0.1185,0.687908411026001,9.999999960041972e-12
539,2.6350,159.4739,0.8852,0.8815,0.1148,0.1185,0.686878502368927,9.999999960041972e-12
540,2.6340,159.4741,0.8815,0.8815,0.1185,0.1185,0.6879507899284363,9.999999960041972e-12
541,2.6339,159.4744,0.8852,0.8815,0.1148,0.1185,0.6880237460136414,9.999999960041972e-12
542,2.6355,159.4747,0.8815,0.8815,0.1185,0.1185,0.6863870024681091,9.999999960041972e-12
543,2.6359,159.4749,0.8815,0.8815,0.1185,0.1185,0.6860178709030151,9.999999960041972e-12
544,2.6332,159.4751,0.8815,0.8815,0.1185,0.1185,0.688771665096283,9.999999960041972e-12
545,2.6356,159.4754,0.8815,0.8852,0.1185,0.1148,0.6862810850143433,9.999999960041972e-12
546,2.6361,159.4757,0.8852,0.8815,0.1148,0.1185,0.6858395338058472,9.999999960041972e-12
547,2.6343,159.4759,0.8815,0.8815,0.1185,0.1185,0.6876195669174194,9.999999960041972e-12
548,2.6351,159.4761,0.8852,0.8815,0.1148,0.1185,0.6868076324462891,9.999999960041972e-12
549,2.6330,159.4764,0.8815,0.8815,0.1185,0.1185,0.6889185309410095,9.999999960041972e-12
550,2.6354,159.4767,0.8815,0.8815,0.1185,0.1185,0.6865739822387695,9.999999960041972e-12
551,2.6352,159.4769,0.8815,0.8815,0.1185,0.1185,0.686734676361084,9.999999960041972e-12
552,2.6343,159.4771,0.8815,0.8815,0.1185,0.1185,0.6876444220542908,9.999999960041972e-12
553,2.6341,159.4773,0.8815,0.8815,0.1185,0.1185,0.6878479719161987,9.999999960041972e-12
554,2.6350,159.4776,0.8815,0.8815,0.1185,0.1185,0.6869604587554932,9.999999960041972e-12
555,2.6338,159.4778,0.8815,0.8815,0.1185,0.1185,0.6880782246589661,9.999999960041972e-12
556,2.6352,159.4780,0.8815,0.8815,0.1185,0.1185,0.6867225766181946,9.999999960041972e-12
557,2.6345,159.4782,0.8852,0.8815,0.1148,0.1185,0.687458872795105,9.999999960041972e-12
558,2.6345,159.4784,0.8815,0.8815,0.1185,0.1185,0.6874094605445862,9.999999960041972e-12
559,2.6349,159.4786,0.8815,0.8815,0.1185,0.1185,0.6869823932647705,9.999999960041972e-12
560,2.6351,159.4787,0.8815,0.8815,0.1185,0.1185,0.686806321144104,9.999999960041972e-12
561,2.6358,159.4789,0.8815,0.8815,0.1185,0.1185,0.686098575592041,9.999999960041972e-12
562,2.6348,159.4791,0.8852,0.8815,0.1148,0.1185,0.6870872974395752,9.999999960041972e-12
563,2.6347,159.4793,0.8852,0.8815,0.1148,0.1185,0.6872302293777466,9.999999960041972e-12
564,2.6340,159.4794,0.8852,0.8815,0.1148,0.1185,0.6879640221595764,9.999999960041972e-12
565,2.6341,159.4796,0.8815,0.8815,0.1185,0.1185,0.6878214478492737,9.999999960041972e-12
566,2.6343,159.4797,0.8815,0.8815,0.1185,0.1185,0.6875863671302795,9.999999960041972e-12
567,2.6330,159.4799,0.8852,0.8815,0.1148,0.1185,0.6889227032661438,9.999999960041972e-12
568,2.6340,159.4801,0.8815,0.8815,0.1185,0.1185,0.6879754662513733,9.999999960041972e-12
569,2.6349,159.4802,0.8778,0.8815,0.1222,0.1185,0.687006413936615,9.999999960041972e-12
570,2.6336,159.4803,0.8815,0.8815,0.1185,0.1185,0.6883615851402283,9.999999960041972e-12
571,2.6349,159.4805,0.8852,0.8815,0.1148,0.1185,0.6870595216751099,9.999999960041972e-12
572,2.6347,159.4807,0.8778,0.8815,0.1222,0.1185,0.6871916651725769,9.999999960041972e-12
573,2.6334,159.4809,0.8815,0.8815,0.1185,0.1185,0.688544511795044,9.999999960041972e-12
574,2.6343,159.4810,0.8815,0.8852,0.1185,0.1148,0.6876452565193176,9.999999960041972e-12
575,2.6362,159.4812,0.8815,0.8815,0.1185,0.1185,0.685741126537323,9.999999960041972e-12
576,2.6357,159.4813,0.8815,0.8815,0.1185,0.1185,0.6862494349479675,9.999999960041972e-12
577,2.6340,159.4814,0.8815,0.8815,0.1185,0.1185,0.6879382729530334,9.999999960041972e-12
578,2.6359,159.4816,0.8852,0.8815,0.1148,0.1185,0.6860165596008301,9.999999960041972e-12
579,2.6338,159.4817,0.8778,0.8815,0.1222,0.1185,0.6881691813468933,9.999999960041972e-12
580,2.6333,159.4818,0.8815,0.8815,0.1185,0.1185,0.6886317729949951,9.999999960041972e-12
581,2.6337,159.4819,0.8815,0.8815,0.1185,0.1185,0.6881966590881348,9.999999960041972e-12
582,2.6334,159.4820,0.8852,0.8815,0.1148,0.1185,0.688561737537384,9.999999960041972e-12
583,2.6337,159.4821,0.8815,0.8815,0.1185,0.1185,0.6882727742195129,9.999999960041972e-12
584,2.6337,159.4822,0.8852,0.8815,0.1148,0.1185,0.6882249712944031,9.999999960041972e-12
585,2.6336,159.4824,0.8815,0.8815,0.1185,0.1185,0.6883566975593567,9.999999960041972e-12
586,2.6343,159.4825,0.8815,0.8815,0.1185,0.1185,0.6876322031021118,9.999999960041972e-12
587,2.6330,159.4826,0.8852,0.8815,0.1148,0.1185,0.6889345645904541,9.999999960041972e-12
588,2.6332,159.4827,0.8815,0.8815,0.1185,0.1185,0.6887474656105042,9.999999960041972e-12
589,2.6359,159.4828,0.8815,0.8815,0.1185,0.1185,0.686019778251648,9.999999960041972e-12
590,2.6344,159.4829,0.8852,0.8815,0.1148,0.1185,0.6875737309455872,9.999999960041972e-12
591,2.6345,159.4830,0.8778,0.8815,0.1222,0.1185,0.6874172687530518,9.999999960041972e-12
592,2.6338,159.4831,0.8815,0.8815,0.1185,0.1185,0.688125729560852,9.999999960041972e-12
593,2.6350,159.4832,0.8815,0.8815,0.1185,0.1185,0.6868913769721985,9.999999960041972e-12
594,2.6346,159.4833,0.8852,0.8815,0.1148,0.1185,0.6873279809951782,9.999999960041972e-12
595,2.6350,159.4834,0.8815,0.8815,0.1185,0.1185,0.6869477033615112,9.999999960041972e-12
596,2.6353,159.4835,0.8852,0.8815,0.1148,0.1185,0.6865846514701843,9.999999960041972e-12
597,2.6341,159.4836,0.8815,0.8815,0.1185,0.1185,0.6877896189689636,9.999999960041972e-12
598,2.6346,159.4836,0.8815,0.8815,0.1185,0.1185,0.6872971057891846,9.999999960041972e-12
599,2.6343,159.4837,0.8852,0.8815,0.1148,0.1185,0.6876580715179443,9.999999960041972e-12
600,2.6352,159.4838,0.8815,0.8815,0.1185,0.1185,0.6867483258247375,9.999999960041972e-12
601,2.6346,159.4839,0.8778,0.8815,0.1222,0.1185,0.6873538494110107,9.999999960041972e-12
602,2.6342,159.4839,0.8815,0.8815,0.1185,0.1185,0.6877407431602478,9.999999960041972e-12
603,2.6353,159.4840,0.8815,0.8815,0.1185,0.1185,0.6865823864936829,9.999999960041972e-12
604,2.6348,159.4841,0.8815,0.8815,0.1185,0.1185,0.6871007084846497,9.999999960041972e-12
605,2.6347,159.4842,0.8815,0.8815,0.1185,0.1185,0.6872109770774841,9.999999960041972e-12
606,2.6345,159.4842,0.8815,0.8815,0.1185,0.1185,0.6874046921730042,9.999999960041972e-12
607,2.6357,159.4843,0.8815,0.8815,0.1185,0.1185,0.6862115263938904,9.999999960041972e-12
608,2.6333,159.4844,0.8815,0.8815,0.1185,0.1185,0.6886262893676758,9.999999960041972e-12
609,2.6339,159.4845,0.8852,0.8815,0.1148,0.1185,0.6880517601966858,9.999999960041972e-12
610,2.6334,159.4845,0.8815,0.8815,0.1185,0.1185,0.688561737537384,9.999999960041972e-12
611,2.6353,159.4846,0.8815,0.8815,0.1185,0.1185,0.6866114139556885,9.999999960041972e-12
612,2.6339,159.4847,0.8815,0.8815,0.1185,0.1185,0.6879868507385254,9.999999960041972e-12
613,2.6323,159.4847,0.8815,0.8815,0.1185,0.1185,0.6896100044250488,9.999999960041972e-12
614,2.6362,159.4848,0.8852,0.8815,0.1148,0.1185,0.6857203245162964,9.999999960041972e-12
615,2.6342,159.4848,0.8815,0.8815,0.1185,0.1185,0.6877102851867676,9.999999960041972e-12
616,2.6349,159.4849,0.8778,0.8815,0.1222,0.1185,0.6870301365852356,9.999999960041972e-12
617,2.6334,159.4849,0.8815,0.8815,0.1185,0.1185,0.6884808540344238,9.999999960041972e-12
618,2.6347,159.4850,0.8815,0.8815,0.1185,0.1185,0.687263548374176,9.999999960041972e-12
619,2.6337,159.4850,0.8815,0.8815,0.1185,0.1185,0.6882066130638123,9.999999960041972e-12
620,2.6350,159.4850,0.8852,0.8815,0.1148,0.1185,0.6869229674339294,9.999999960041972e-12
621,2.6342,159.4851,0.8815,0.8815,0.1185,0.1185,0.6876929998397827,9.999999960041972e-12
622,2.6345,159.4851,0.8815,0.8815,0.1185,0.1185,0.6874452829360962,9.999999960041972e-12
623,2.6330,159.4852,0.8815,0.8815,0.1185,0.1185,0.6889435648918152,9.999999960041972e-12
624,2.6349,159.4852,0.8815,0.8815,0.1185,0.1185,0.6870242953300476,9.999999960041972e-12
625,2.6348,159.4853,0.8852,0.8815,0.1148,0.1185,0.6870943307876587,9.999999960041972e-12
626,2.6362,159.4853,0.8852,0.8815,0.1148,0.1185,0.6857042908668518,9.999999960041972e-12
627,2.6335,159.4854,0.8778,0.8815,0.1222,0.1185,0.6884713172912598,9.999999960041972e-12
628,2.6336,159.4854,0.8815,0.8815,0.1185,0.1185,0.6883423328399658,9.999999960041972e-12
629,2.6355,159.4854,0.8815,0.8815,0.1185,0.1185,0.686434805393219,9.999999960041972e-12
630,2.6348,159.4855,0.8815,0.8815,0.1185,0.1185,0.6870965957641602,9.999999960041972e-12
631,2.6340,159.4855,0.8815,0.8815,0.1185,0.1185,0.6878932118415833,9.999999960041972e-12
632,2.6363,159.4855,0.8815,0.8815,0.1185,0.1185,0.6856626868247986,9.999999960041972e-12
633,2.6346,159.4856,0.8852,0.8815,0.1148,0.1185,0.6873015761375427,9.999999960041972e-12
634,2.6339,159.4856,0.8852,0.8815,0.1148,0.1185,0.6879870295524597,9.999999960041972e-12
635,2.6340,159.4856,0.8815,0.8815,0.1185,0.1185,0.6878952383995056,9.999999960041972e-12
636,2.6346,159.4857,0.8815,0.8815,0.1185,0.1185,0.6873460412025452,9.999999960041972e-12
637,2.6356,159.4857,0.8815,0.8815,0.1185,0.1185,0.6862969398498535,9.999999960041972e-12
638,2.6350,159.4857,0.8815,0.8815,0.1185,0.1185,0.6869008541107178,9.999999960041972e-12
639,2.6357,159.4857,0.8852,0.8815,0.1148,0.1185,0.6861843466758728,9.999999960041972e-12
640,2.6351,159.4858,0.8815,0.8815,0.1185,0.1185,0.6868016719818115,9.999999960041972e-12
641,2.6349,159.4858,0.8815,0.8815,0.1185,0.1185,0.687078058719635,9.999999960041972e-12
642,2.6352,159.4858,0.8815,0.8815,0.1185,0.1185,0.6867683529853821,9.999999960041972e-12
643,2.6347,159.4858,0.8815,0.8815,0.1185,0.1185,0.6872022747993469,9.999999960041972e-12
644,2.6342,159.4859,0.8815,0.8815,0.1185,0.1185,0.6877199411392212,9.999999960041972e-12
645,2.6352,159.4859,0.8852,0.8815,0.1148,0.1185,0.6867331862449646,9.999999960041972e-12
646,2.6349,159.4859,0.8815,0.8815,0.1185,0.1185,0.6870265007019043,9.999999960041972e-12
647,2.6350,159.4860,0.8852,0.8815,0.1148,0.1185,0.6869234442710876,9.999999960041972e-12
648,2.6343,159.4860,0.8815,0.8815,0.1185,0.1185,0.687628448009491,9.999999960041972e-12
649,2.6347,159.4860,0.8815,0.8815,0.1185,0.1185,0.6871923208236694,9.999999960041972e-12
650,2.6350,159.4860,0.8815,0.8815,0.1185,0.1185,0.6868926882743835,9.999999960041972e-12
651,2.6342,159.4861,0.8815,0.8815,0.1185,0.1185,0.687742292881012,9.999999960041972e-12
652,2.6351,159.4861,0.8852,0.8815,0.1148,0.1185,0.6868242621421814,9.999999960041972e-12
653,2.6343,159.4861,0.8815,0.8815,0.1185,0.1185,0.6875998973846436,9.999999960041972e-12
654,2.6351,159.4861,0.8852,0.8815,0.1148,0.1185,0.6868273615837097,9.999999960041972e-12
655,2.6337,159.4861,0.8815,0.8815,0.1185,0.1185,0.688239336013794,9.999999960041972e-12
656,2.6351,159.4862,0.8852,0.8815,0.1148,0.1185,0.686860203742981,9.999999960041972e-12
657,2.6346,159.4862,0.8852,0.8815,0.1148,0.1185,0.6873602271080017,9.999999960041972e-12
658,2.6346,159.4862,0.8815,0.8815,0.1185,0.1185,0.6872993111610413,9.999999960041972e-12
659,2.6351,159.4862,0.8815,0.8815,0.1185,0.1185,0.6868335604667664,9.999999960041972e-12
660,2.6359,159.4862,0.8815,0.8815,0.1185,0.1185,0.6860284209251404,9.999999960041972e-12
661,2.6340,159.4862,0.8852,0.8815,0.1148,0.1185,0.6879032254219055,9.999999960041972e-12
662,2.6355,159.4862,0.8815,0.8815,0.1185,0.1185,0.6864088773727417,9.999999960041972e-12
663,2.6343,159.4863,0.8815,0.8815,0.1185,0.1185,0.6876486539840698,9.999999960041972e-12
664,2.6341,159.4863,0.8852,0.8815,0.1148,0.1185,0.6878401041030884,9.999999960041972e-12
665,2.6341,159.4863,0.8815,0.8815,0.1185,0.1185,0.6878662109375,9.999999960041972e-12
666,2.6353,159.4863,0.8815,0.8815,0.1185,0.1185,0.686606228351593,9.999999960041972e-12
667,2.6345,159.4863,0.8778,0.8815,0.1222,0.1185,0.6873883605003357,9.999999960041972e-12
668,2.6351,159.4863,0.8815,0.8815,0.1185,0.1185,0.6868129968643188,9.999999960041972e-12
669,2.6345,159.4863,0.8815,0.8815,0.1185,0.1185,0.6874662637710571,9.999999960041972e-12
670,2.6337,159.4863,0.8778,0.8852,0.1222,0.1148,0.6882709860801697,9.999999960041972e-12
671,2.6357,159.4863,0.8852,0.8815,0.1148,0.1185,0.6862267851829529,9.999999960041972e-12
672,2.6332,159.4863,0.8815,0.8815,0.1185,0.1185,0.6887291073799133,9.999999960041972e-12
673,2.6336,159.4864,0.8815,0.8815,0.1185,0.1185,0.6883224844932556,9.999999960041972e-12
674,2.6328,159.4864,0.8815,0.8815,0.1185,0.1185,0.6891182661056519,9.999999960041972e-12
675,2.6340,159.4864,0.8815,0.8815,0.1185,0.1185,0.6879035830497742,9.999999960041972e-12
676,2.6338,159.4864,0.8852,0.8815,0.1148,0.1185,0.6881299018859863,9.999999960041972e-12
677,2.6350,159.4864,0.8815,0.8815,0.1185,0.1185,0.6868982315063477,9.999999960041972e-12
678,2.6360,159.4864,0.8815,0.8815,0.1185,0.1185,0.6859588027000427,9.999999960041972e-12
679,2.6341,159.4864,0.8815,0.8815,0.1185,0.1185,0.6878216862678528,9.999999960041972e-12
680,2.6338,159.4864,0.8815,0.8815,0.1185,0.1185,0.6881217956542969,9.999999960041972e-12
681,2.6346,159.4864,0.8815,0.8815,0.1185,0.1185,0.687286376953125,9.999999960041972e-12
682,2.6352,159.4864,0.8815,0.8815,0.1185,0.1185,0.6867446899414062,9.999999960041972e-12
683,2.6342,159.4864,0.8815,0.8815,0.1185,0.1185,0.6877003312110901,9.999999960041972e-12
684,2.6326,159.4865,0.8815,0.8815,0.1185,0.1185,0.6892870664596558,9.999999960041972e-12
685,2.6345,159.4865,0.8852,0.8815,0.1148,0.1185,0.6874411106109619,9.999999960041972e-12
686,2.6353,159.4865,0.8852,0.8815,0.1148,0.1185,0.6865832209587097,9.999999960041972e-12
687,2.6346,159.4865,0.8815,0.8852,0.1185,0.1148,0.6872936487197876,9.999999960041972e-12
688,2.6352,159.4865,0.8815,0.8815,0.1185,0.1185,0.6867309212684631,9.999999960041972e-12
689,2.6339,159.4865,0.8852,0.8815,0.1148,0.1185,0.6879863739013672,9.999999960041972e-12
690,2.6350,159.4865,0.8852,0.8815,0.1148,0.1185,0.6869544386863708,9.999999960041972e-12
691,2.6337,159.4865,0.8815,0.8815,0.1185,0.1185,0.6881908178329468,9.999999960041972e-12
692,2.6355,159.4865,0.8815,0.8815,0.1185,0.1185,0.6864636540412903,9.999999960041972e-12
693,2.6344,159.4865,0.8778,0.8815,0.1222,0.1185,0.6875567436218262,9.999999960041972e-12
694,2.6345,159.4865,0.8852,0.8815,0.1148,0.1185,0.6873947978019714,9.999999960041972e-12
695,2.6345,159.4865,0.8852,0.8815,0.1148,0.1185,0.6874176263809204,9.999999960041972e-12
696,2.6344,159.4865,0.8815,0.8815,0.1185,0.1185,0.687542200088501,9.999999960041972e-12
697,2.6359,159.4865,0.8852,0.8815,0.1148,0.1185,0.6860126256942749,9.999999960041972e-12
698,2.6346,159.4865,0.8815,0.8815,0.1185,0.1185,0.687349259853363,9.999999960041972e-12
699,2.6340,159.4865,0.8778,0.8852,0.1222,0.1148,0.6878884434700012,9.999999960041972e-12
700,2.6341,159.4865,0.8815,0.8815,0.1185,0.1185,0.6878617405891418,9.999999960041972e-12
701,2.6349,159.4865,0.8852,0.8815,0.1148,0.1185,0.6870476007461548,9.999999960041972e-12
702,2.6347,159.4866,0.8852,0.8852,0.1148,0.1148,0.6872050166130066,9.999999960041972e-12
703,2.6332,159.4866,0.8815,0.8815,0.1185,0.1185,0.6887136101722717,9.999999960041972e-12
704,2.6358,159.4866,0.8815,0.8815,0.1185,0.1185,0.6861128807067871,9.999999960041972e-12
705,2.6346,159.4866,0.8815,0.8815,0.1185,0.1185,0.6873090863227844,9.999999960041972e-12
706,2.6349,159.4866,0.8852,0.8852,0.1148,0.1148,0.6870068311691284,9.999999960041972e-12
707,2.6340,159.4866,0.8852,0.8815,0.1148,0.1185,0.6879553198814392,9.999999960041972e-12
708,2.6363,159.4866,0.8852,0.8815,0.1148,0.1185,0.6856256723403931,9.999999960041972e-12
709,2.6346,159.4866,0.8815,0.8815,0.1185,0.1185,0.687328040599823,9.999999960041972e-12
710,2.6334,159.4866,0.8815,0.8815,0.1185,0.1185,0.6885574460029602,9.999999960041972e-12
711,2.6337,159.4866,0.8815,0.8815,0.1185,0.1185,0.6882198452949524,9.999999960041972e-12
712,2.6345,159.4866,0.8778,0.8815,0.1222,0.1185,0.6874198317527771,9.999999960041972e-12
713,2.6348,159.4866,0.8815,0.8815,0.1185,0.1185,0.6871234178543091,9.999999960041972e-12
714,2.6338,159.4866,0.8815,0.8815,0.1185,0.1185,0.688158392906189,9.999999960041972e-12
715,2.6358,159.4866,0.8815,0.8815,0.1185,0.1185,0.6861271858215332,9.999999960041972e-12
716,2.6337,159.4866,0.8778,0.8815,0.1222,0.1185,0.6882570385932922,9.999999960041972e-12
717,2.6345,159.4866,0.8852,0.8815,0.1148,0.1185,0.6874279975891113,9.999999960041972e-12
718,2.6355,159.4866,0.8815,0.8815,0.1185,0.1185,0.6864197254180908,9.999999960041972e-12
719,2.6356,159.4866,0.8815,0.8815,0.1185,0.1185,0.686320960521698,9.999999960041972e-12
720,2.6338,159.4866,0.8815,0.8815,0.1185,0.1185,0.6881041526794434,9.999999960041972e-12
721,2.6372,159.4866,0.8852,0.8815,0.1148,0.1185,0.6846922636032104,9.999999960041972e-12
722,2.6344,159.4866,0.8815,0.8815,0.1185,0.1185,0.6875215172767639,9.999999960041972e-12
723,2.6352,159.4866,0.8852,0.8815,0.1148,0.1185,0.6866856217384338,9.999999960041972e-12
724,2.6347,159.4866,0.8852,0.8815,0.1148,0.1185,0.6872734427452087,9.999999960041972e-12
725,2.6340,159.4866,0.8852,0.8815,0.1148,0.1185,0.6879469156265259,9.999999960041972e-12
726,2.6348,159.4866,0.8815,0.8815,0.1185,0.1185,0.6870985627174377,9.999999960041972e-12
727,2.6345,159.4866,0.8815,0.8815,0.1185,0.1185,0.6873782873153687,9.999999960041972e-12
728,2.6354,159.4866,0.8815,0.8815,0.1185,0.1185,0.6865091323852539,9.999999960041972e-12
729,2.6349,159.4866,0.8852,0.8815,0.1148,0.1185,0.6870236992835999,9.999999960041972e-12
730,2.6343,159.4866,0.8815,0.8815,0.1185,0.1185,0.6876574158668518,9.999999960041972e-12
731,2.6345,159.4866,0.8815,0.8815,0.1185,0.1185,0.6874443888664246,9.999999960041972e-12
732,2.6342,159.4866,0.8815,0.8852,0.1185,0.1148,0.687701404094696,9.999999960041972e-12
733,2.6331,159.4866,0.8815,0.8815,0.1185,0.1185,0.688841700553894,9.999999960041972e-12
734,2.6352,159.4866,0.8815,0.8815,0.1185,0.1185,0.6867637634277344,9.999999960041972e-12
735,2.6352,159.4866,0.8815,0.8815,0.1185,0.1185,0.6866852045059204,9.999999960041972e-12
736,2.6341,159.4867,0.8852,0.8815,0.1148,0.1185,0.6878216862678528,9.999999960041972e-12
737,2.6337,159.4867,0.8778,0.8815,0.1222,0.1185,0.688202440738678,9.999999960041972e-12
738,2.6352,159.4867,0.8815,0.8815,0.1185,0.1185,0.6866905689239502,9.999999960041972e-12
739,2.6339,159.4867,0.8778,0.8815,0.1222,0.1185,0.6880679726600647,9.999999960041972e-12
740,2.6351,159.4867,0.8815,0.8815,0.1185,0.1185,0.6868209838867188,9.999999960041972e-12
741,2.6355,159.4867,0.8778,0.8815,0.1222,0.1185,0.6864073276519775,9.999999960041972e-12
742,2.6344,159.4867,0.8852,0.8815,0.1148,0.1185,0.6875609755516052,9.999999960041972e-12
743,2.6349,159.4867,0.8778,0.8815,0.1222,0.1185,0.6870659589767456,9.999999960041972e-12
744,2.6353,159.4867,0.8852,0.8815,0.1148,0.1185,0.6866440176963806,9.999999960041972e-12
745,2.6339,159.4867,0.8815,0.8815,0.1185,0.1185,0.6880193948745728,9.999999960041972e-12
746,2.6357,159.4867,0.8815,0.8852,0.1185,0.1148,0.6862754821777344,9.999999960041972e-12
747,2.6346,159.4867,0.8815,0.8815,0.1185,0.1185,0.6873128414154053,9.999999960041972e-12
748,2.6361,159.4867,0.8815,0.8815,0.1185,0.1185,0.6858322620391846,9.999999960041972e-12
749,2.6334,159.4867,0.8815,0.8815,0.1185,0.1185,0.6885476112365723,9.999999960041972e-12
750,2.6343,159.4867,0.8852,0.8815,0.1148,0.1185,0.6876517534255981,9.999999960041972e-12
751,2.6336,159.4867,0.8815,0.8815,0.1185,0.1185,0.6883487701416016,9.999999960041972e-12
752,2.6332,159.4867,0.8778,0.8815,0.1222,0.1185,0.6886920928955078,9.999999960041972e-12
753,2.6371,159.4867,0.8815,0.8815,0.1185,0.1185,0.6847890019416809,9.999999960041972e-12
754,2.6347,159.4867,0.8815,0.8815,0.1185,0.1185,0.6872014403343201,9.999999960041972e-12
755,2.6339,159.4867,0.8815,0.8815,0.1185,0.1185,0.6880135536193848,9.999999960041972e-12
756,2.6342,159.4867,0.8815,0.8815,0.1185,0.1185,0.6877128481864929,9.999999960041972e-12
757,2.6351,159.4867,0.8778,0.8815,0.1222,0.1185,0.6868289113044739,9.999999960041972e-12
758,2.6351,159.4867,0.8778,0.8815,0.1222,0.1185,0.6868375539779663,9.999999960041972e-12
759,2.6349,159.4867,0.8815,0.8815,0.1185,0.1185,0.6870212554931641,9.999999960041972e-12
760,2.6321,159.4867,0.8815,0.8815,0.1185,0.1185,0.6897892355918884,9.999999960041972e-12
761,2.6345,159.4867,0.8778,0.8815,0.1222,0.1185,0.6874537467956543,9.999999960041972e-12
762,2.6343,159.4867,0.8815,0.8815,0.1185,0.1185,0.687633216381073,9.999999960041972e-12
763,2.6349,159.4867,0.8852,0.8815,0.1148,0.1185,0.6870594024658203,9.999999960041972e-12
764,2.6351,159.4867,0.8778,0.8815,0.1222,0.1185,0.6868733763694763,9.999999960041972e-12
765,2.6342,159.4867,0.8815,0.8815,0.1185,0.1185,0.6877052783966064,9.999999960041972e-12
766,2.6337,159.4867,0.8815,0.8815,0.1185,0.1185,0.6882476806640625,9.999999960041972e-12
767,2.6344,159.4867,0.8815,0.8815,0.1185,0.1185,0.6875550746917725,9.999999960041972e-12
768,2.6357,159.4867,0.8815,0.8815,0.1185,0.1185,0.6862367987632751,9.999999960041972e-12
769,2.6332,159.4867,0.8815,0.8815,0.1185,0.1185,0.6887046694755554,9.999999960041972e-12
770,2.6343,159.4867,0.8852,0.8815,0.1148,0.1185,0.6876686811447144,9.999999960041972e-12
771,2.6341,159.4867,0.8852,0.8815,0.1148,0.1185,0.6878098845481873,9.999999960041972e-12
772,2.6350,159.4867,0.8815,0.8815,0.1185,0.1185,0.6868948936462402,9.999999960041972e-12
773,2.6360,159.4867,0.8815,0.8815,0.1185,0.1185,0.6859557032585144,9.999999960041972e-12
774,2.6338,159.4867,0.8815,0.8852,0.1185,0.1148,0.6880846619606018,9.999999960041972e-12
775,2.6345,159.4867,0.8815,0.8815,0.1185,0.1185,0.6873974204063416,9.999999960041972e-12
776,2.6346,159.4867,0.8815,0.8852,0.1185,0.1148,0.6873137950897217,9.999999960041972e-12
777,2.6348,159.4867,0.8815,0.8815,0.1185,0.1185,0.6871311068534851,9.999999960041972e-12
778,2.6331,159.4867,0.8778,0.8815,0.1222,0.1185,0.6888158917427063,9.999999960041972e-12
779,2.6344,159.4867,0.8815,0.8815,0.1185,0.1185,0.687533974647522,9.999999960041972e-12
780,2.6354,159.4867,0.8815,0.8852,0.1185,0.1148,0.6865507960319519,9.999999960041972e-12
781,2.6351,159.4867,0.8815,0.8815,0.1185,0.1185,0.6868337988853455,9.999999960041972e-12
782,2.6349,159.4867,0.8815,0.8815,0.1185,0.1185,0.6870536804199219,9.999999960041972e-12
783,2.6346,159.4867,0.8815,0.8815,0.1185,0.1185,0.687315046787262,9.999999960041972e-12
784,2.6346,159.4867,0.8852,0.8815,0.1148,0.1185,0.6873235702514648,9.999999960041972e-12
785,2.6324,159.4867,0.8815,0.8815,0.1185,0.1185,0.6895073056221008,9.999999960041972e-12
786,2.6343,159.4867,0.8815,0.8815,0.1185,0.1185,0.6876333951950073,9.999999960041972e-12
787,2.6343,159.4867,0.8815,0.8815,0.1185,0.1185,0.6876214146614075,9.999999960041972e-12
788,2.6337,159.4867,0.8815,0.8815,0.1185,0.1185,0.6882211565971375,9.999999960041972e-12
789,2.6346,159.4867,0.8815,0.8815,0.1185,0.1185,0.6872919201850891,9.999999960041972e-12
790,2.6342,159.4867,0.8852,0.8815,0.1148,0.1185,0.6876794695854187,9.999999960041972e-12
791,2.6345,159.4867,0.8852,0.8815,0.1148,0.1185,0.6874157786369324,9.999999960041972e-12
792,2.6347,159.4867,0.8815,0.8815,0.1185,0.1185,0.6872523427009583,9.999999960041972e-12
793,2.6338,159.4867,0.8815,0.8815,0.1185,0.1185,0.688174843788147,9.999999960041972e-12
794,2.6356,159.4867,0.8852,0.8815,0.1148,0.1185,0.6862940192222595,9.999999960041972e-12
795,2.6350,159.4867,0.8815,0.8815,0.1185,0.1185,0.6869337558746338,9.999999960041972e-12
796,2.6351,159.4867,0.8815,0.8815,0.1185,0.1185,0.6867902874946594,9.999999960041972e-12
797,2.6350,159.4867,0.8852,0.8815,0.1148,0.1185,0.6869106888771057,9.999999960041972e-12
798,2.6349,159.4867,0.8852,0.8815,0.1148,0.1185,0.6870254874229431,9.999999960041972e-12
799,2.6350,159.4867,0.8815,0.8815,0.1185,0.1185,0.6869340538978577,9.999999960041972e-12
800,2.6343,159.4867,0.8815,0.8815,0.1185,0.1185,0.6876575946807861,9.999999960041972e-12
801,2.6339,159.4867,0.8815,0.8815,0.1185,0.1185,0.6880164742469788,9.999999960041972e-12
802,2.6340,159.4867,0.8815,0.8815,0.1185,0.1185,0.6878926753997803,9.999999960041972e-12
803,2.6334,159.4867,0.8815,0.8815,0.1185,0.1185,0.6885636448860168,9.999999960041972e-12
804,2.6353,159.4867,0.8815,0.8815,0.1185,0.1185,0.686610221862793,9.999999960041972e-12
805,2.6346,159.4867,0.8852,0.8815,0.1148,0.1185,0.6873340010643005,9.999999960041972e-12
806,2.6364,159.4867,0.8815,0.8815,0.1185,0.1185,0.6855412125587463,9.999999960041972e-12
807,2.6353,159.4867,0.8852,0.8815,0.1148,0.1185,0.6866100430488586,9.999999960041972e-12
808,2.6345,159.4867,0.8815,0.8852,0.1185,0.1148,0.6874680519104004,9.999999960041972e-12
809,2.6350,159.4867,0.8815,0.8815,0.1185,0.1185,0.6868802905082703,9.999999960041972e-12
810,2.6341,159.4867,0.8815,0.8815,0.1185,0.1185,0.6878722906112671,9.999999960041972e-12
811,2.6327,159.4867,0.8852,0.8815,0.1148,0.1185,0.6892663240432739,9.999999960041972e-12
812,2.6352,159.4867,0.8852,0.8815,0.1148,0.1185,0.6867209076881409,9.999999960041972e-12
813,2.6340,159.4867,0.8815,0.8815,0.1185,0.1185,0.6879215836524963,9.999999960041972e-12
814,2.6361,159.4867,0.8815,0.8815,0.1185,0.1185,0.6858759522438049,9.999999960041972e-12
815,2.6345,159.4867,0.8815,0.8815,0.1185,0.1185,0.6874420642852783,9.999999960041972e-12
816,2.6353,159.4867,0.8815,0.8815,0.1185,0.1185,0.6866502165794373,9.999999960041972e-12
817,2.6350,159.4867,0.8852,0.8815,0.1148,0.1185,0.6868833899497986,9.999999960041972e-12
818,2.6351,159.4867,0.8815,0.8852,0.1185,0.1148,0.6868528127670288,9.999999960041972e-12
819,2.6346,159.4867,0.8815,0.8815,0.1185,0.1185,0.6873524188995361,9.999999960041972e-12
820,2.6363,159.4867,0.8815,0.8815,0.1185,0.1185,0.6856579780578613,9.999999960041972e-12
821,2.6347,159.4867,0.8815,0.8815,0.1185,0.1185,0.6872243285179138,9.999999960041972e-12
822,2.6345,159.4867,0.8852,0.8815,0.1148,0.1185,0.6874378323554993,9.999999960041972e-12
823,2.6352,159.4867,0.8852,0.8815,0.1148,0.1185,0.6867157220840454,9.999999960041972e-12
824,2.6330,159.4867,0.8815,0.8815,0.1185,0.1185,0.6888907551765442,9.999999960041972e-12
825,2.6343,159.4867,0.8815,0.8815,0.1185,0.1185,0.6875903010368347,9.999999960041972e-12
826,2.6343,159.4867,0.8778,0.8815,0.1222,0.1185,0.6875845789909363,9.999999960041972e-12
827,2.6341,159.4867,0.8815,0.8815,0.1185,0.1185,0.6877825260162354,9.999999960041972e-12
828,2.6347,159.4867,0.8778,0.8815,0.1222,0.1185,0.6871936917304993,9.999999960041972e-12
829,2.6337,159.4867,0.8815,0.8815,0.1185,0.1185,0.6881993412971497,9.999999960041972e-12
830,2.6349,159.4867,0.8815,0.8815,0.1185,0.1185,0.6870540380477905,9.999999960041972e-12
831,2.6341,159.4867,0.8778,0.8815,0.1222,0.1185,0.6878060698509216,9.999999960041972e-12
832,2.6348,159.4867,0.8852,0.8815,0.1148,0.1185,0.6871392726898193,9.999999960041972e-12
833,2.6359,159.4867,0.8852,0.8815,0.1148,0.1185,0.6860374808311462,9.999999960041972e-12
834,2.6348,159.4867,0.8815,0.8815,0.1185,0.1185,0.6870883703231812,9.999999960041972e-12
835,2.6347,159.4867,0.8815,0.8815,0.1185,0.1185,0.6872139573097229,9.999999960041972e-12
836,2.6344,159.4867,0.8815,0.8815,0.1185,0.1185,0.6875600218772888,9.999999960041972e-12
837,2.6348,159.4867,0.8815,0.8815,0.1185,0.1185,0.6871767640113831,9.999999960041972e-12
838,2.6353,159.4867,0.8778,0.8815,0.1222,0.1185,0.68663489818573,9.999999960041972e-12
839,2.6345,159.4867,0.8815,0.8815,0.1185,0.1185,0.6874154806137085,9.999999960041972e-12
840,2.6338,159.4867,0.8815,0.8815,0.1185,0.1185,0.6881616711616516,9.999999960041972e-12
841,2.6342,159.4867,0.8815,0.8815,0.1185,0.1185,0.6877637505531311,9.999999960041972e-12
842,2.6343,159.4867,0.8852,0.8815,0.1148,0.1185,0.6876205205917358,9.999999960041972e-12
843,2.6334,159.4867,0.8852,0.8815,0.1148,0.1185,0.688554048538208,9.999999960041972e-12
844,2.6351,159.4867,0.8815,0.8815,0.1185,0.1185,0.6868114471435547,9.999999960041972e-12
845,2.6353,159.4867,0.8815,0.8815,0.1185,0.1185,0.6866162419319153,9.999999960041972e-12
846,2.6345,159.4867,0.8778,0.8815,0.1222,0.1185,0.6874315142631531,9.999999960041972e-12
847,2.6341,159.4867,0.8815,0.8815,0.1185,0.1185,0.6878657341003418,9.999999960041972e-12
848,2.6346,159.4867,0.8852,0.8815,0.1148,0.1185,0.6873176693916321,9.999999960041972e-12
849,2.6334,159.4867,0.8852,0.8815,0.1148,0.1185,0.6885003447532654,9.999999960041972e-12
850,2.6338,159.4867,0.8815,0.8815,0.1185,0.1185,0.6881750226020813,9.999999960041972e-12
851,2.6347,159.4867,0.8852,0.8852,0.1148,0.1148,0.6872761249542236,9.999999960041972e-12
852,2.6339,159.4867,0.8815,0.8815,0.1185,0.1185,0.6880708336830139,9.999999960041972e-12
853,2.6343,159.4867,0.8852,0.8815,0.1148,0.1185,0.6876208782196045,9.999999960041972e-12
854,2.6352,159.4867,0.8815,0.8815,0.1185,0.1185,0.6867138147354126,9.999999960041972e-12
855,2.6338,159.4867,0.8815,0.8815,0.1185,0.1185,0.6881776452064514,9.999999960041972e-12
856,2.6341,159.4867,0.8852,0.8815,0.1148,0.1185,0.6878664493560791,9.999999960041972e-12
857,2.6345,159.4867,0.8815,0.8815,0.1185,0.1185,0.6874586939811707,9.999999960041972e-12
858,2.6337,159.4867,0.8815,0.8852,0.1185,0.1148,0.6882036328315735,9.999999960041972e-12
859,2.6333,159.4867,0.8852,0.8815,0.1148,0.1185,0.6886225938796997,9.999999960041972e-12
860,2.6342,159.4867,0.8815,0.8815,0.1185,0.1185,0.6877641081809998,9.999999960041972e-12
861,2.6340,159.4867,0.8815,0.8815,0.1185,0.1185,0.6879121661186218,9.999999960041972e-12
862,2.6338,159.4867,0.8778,0.8815,0.1222,0.1185,0.6881319284439087,9.999999960041972e-12
863,2.6342,159.4867,0.8852,0.8815,0.1148,0.1185,0.6876910924911499,9.999999960041972e-12
864,2.6348,159.4867,0.8852,0.8815,0.1148,0.1185,0.6871650815010071,9.999999960041972e-12
865,2.6374,159.4867,0.8852,0.8815,0.1148,0.1185,0.6845616102218628,9.999999960041972e-12
866,2.6340,159.4867,0.8815,0.8815,0.1185,0.1185,0.6879327893257141,9.999999960041972e-12
867,2.6365,159.4867,0.8815,0.8815,0.1185,0.1185,0.6853790283203125,9.999999960041972e-12
868,2.6353,159.4867,0.8815,0.8815,0.1185,0.1185,0.6865891218185425,9.999999960041972e-12
869,2.6358,159.4867,0.8815,0.8815,0.1185,0.1185,0.686134934425354,9.999999960041972e-12
870,2.6349,159.4867,0.8815,0.8815,0.1185,0.1185,0.6870113015174866,9.999999960041972e-12
871,2.6344,159.4867,0.8852,0.8815,0.1148,0.1185,0.6875037550926208,9.999999960041972e-12
872,2.6345,159.4867,0.8778,0.8815,0.1222,0.1185,0.6874258518218994,9.999999960041972e-12
873,2.6348,159.4867,0.8852,0.8815,0.1148,0.1185,0.6871286630630493,9.999999960041972e-12
874,2.6336,159.4867,0.8815,0.8815,0.1185,0.1185,0.6883670687675476,9.999999960041972e-12
875,2.6340,159.4867,0.8815,0.8815,0.1185,0.1185,0.6879327297210693,9.999999960041972e-12
876,2.6343,159.4867,0.8815,0.8815,0.1185,0.1185,0.6876659393310547,9.999999960041972e-12
877,2.6351,159.4867,0.8815,0.8815,0.1185,0.1185,0.6868745684623718,9.999999960041972e-12
878,2.6344,159.4867,0.8852,0.8815,0.1148,0.1185,0.6875137686729431,9.999999960041972e-12
879,2.6353,159.4867,0.8815,0.8815,0.1185,0.1185,0.6866382360458374,9.999999960041972e-12
880,2.6354,159.4867,0.8852,0.8852,0.1148,0.1148,0.6865607500076294,9.999999960041972e-12
881,2.6351,159.4867,0.8852,0.8815,0.1148,0.1185,0.6868528127670288,9.999999960041972e-12
882,2.6349,159.4867,0.8852,0.8815,0.1148,0.1185,0.687057614326477,9.999999960041972e-12
883,2.6326,159.4867,0.8778,0.8815,0.1222,0.1185,0.6892905235290527,9.999999960041972e-12
884,2.6342,159.4867,0.8815,0.8815,0.1185,0.1185,0.687720537185669,9.999999960041972e-12
885,2.6338,159.4867,0.8852,0.8815,0.1148,0.1185,0.6881163120269775,9.999999960041972e-12
886,2.6337,159.4867,0.8778,0.8815,0.1222,0.1185,0.6882030367851257,9.999999960041972e-12
887,2.6331,159.4867,0.8815,0.8815,0.1185,0.1185,0.6888310313224792,9.999999960041972e-12
888,2.6357,159.4867,0.8852,0.8815,0.1148,0.1185,0.6862375140190125,9.999999960041972e-12
889,2.6353,159.4867,0.8815,0.8815,0.1185,0.1185,0.6866078972816467,9.999999960041972e-12
890,2.6356,159.4867,0.8815,0.8815,0.1185,0.1185,0.6863467693328857,9.999999960041972e-12
891,2.6337,159.4867,0.8815,0.8815,0.1185,0.1185,0.6882343292236328,9.999999960041972e-12
892,2.6328,159.4867,0.8815,0.8815,0.1185,0.1185,0.6891234517097473,9.999999960041972e-12
893,2.6337,159.4867,0.8778,0.8815,0.1222,0.1185,0.6882699728012085,9.999999960041972e-12
894,2.6344,159.4867,0.8815,0.8815,0.1185,0.1185,0.6875510811805725,9.999999960041972e-12
895,2.6331,159.4867,0.8815,0.8815,0.1185,0.1185,0.6888415217399597,9.999999960041972e-12
896,2.6353,159.4867,0.8852,0.8815,0.1148,0.1185,0.6865783929824829,9.999999960041972e-12
897,2.6338,159.4867,0.8815,0.8815,0.1185,0.1185,0.688149094581604,9.999999960041972e-12
898,2.6352,159.4867,0.8815,0.8815,0.1185,0.1185,0.6867774128913879,9.999999960041972e-12
899,2.6360,159.4867,0.8815,0.8815,0.1185,0.1185,0.6859616637229919,9.999999960041972e-12
900,2.6353,159.4867,0.8815,0.8815,0.1185,0.1185,0.6866404414176941,9.999999960041972e-12
901,2.6353,159.4867,0.8815,0.8815,0.1185,0.1185,0.6866591572761536,9.999999960041972e-12
902,2.6359,159.4867,0.8815,0.8815,0.1185,0.1185,0.6860476136207581,9.999999960041972e-12
903,2.6350,159.4867,0.8815,0.8815,0.1185,0.1185,0.6869277358055115,9.999999960041972e-12
904,2.6359,159.4867,0.8815,0.8815,0.1185,0.1185,0.6860395073890686,9.999999960041972e-12
905,2.6354,159.4867,0.8815,0.8815,0.1185,0.1185,0.6864961385726929,9.999999960041972e-12
906,2.6354,159.4867,0.8815,0.8815,0.1185,0.1185,0.6865630149841309,9.999999960041972e-12
907,2.6336,159.4867,0.8815,0.8815,0.1185,0.1185,0.6883638501167297,9.999999960041972e-12
908,2.6346,159.4867,0.8815,0.8815,0.1185,0.1185,0.6873659491539001,9.999999960041972e-12
909,2.6338,159.4867,0.8815,0.8815,0.1185,0.1185,0.6881186366081238,9.999999960041972e-12
910,2.6348,159.4867,0.8815,0.8852,0.1185,0.1148,0.6870863437652588,9.999999960041972e-12
911,2.6355,159.4867,0.8815,0.8815,0.1185,0.1185,0.686459481716156,9.999999960041972e-12
912,2.6339,159.4867,0.8852,0.8815,0.1148,0.1185,0.6879936456680298,9.999999960041972e-12
913,2.6333,159.4867,0.8778,0.8815,0.1222,0.1185,0.6886528730392456,9.999999960041972e-12
914,2.6347,159.4867,0.8815,0.8815,0.1185,0.1185,0.6872528195381165,9.999999960041972e-12
915,2.6359,159.4867,0.8852,0.8815,0.1148,0.1185,0.6860552430152893,9.999999960041972e-12
916,2.6358,159.4867,0.8815,0.8815,0.1185,0.1185,0.6861591935157776,9.999999960041972e-12
917,2.6350,159.4867,0.8815,0.8815,0.1185,0.1185,0.6868913173675537,9.999999960041972e-12
918,2.6363,159.4867,0.8852,0.8815,0.1148,0.1185,0.6856516003608704,9.999999960041972e-12
919,2.6354,159.4867,0.8778,0.8815,0.1222,0.1185,0.6865591406822205,9.999999960041972e-12
920,2.6360,159.4867,0.8815,0.8815,0.1185,0.1185,0.6859194040298462,9.999999960041972e-12
921,2.6349,159.4867,0.8815,0.8815,0.1185,0.1185,0.6869819164276123,9.999999960041972e-12
922,2.6339,159.4867,0.8852,0.8815,0.1148,0.1185,0.6879895329475403,9.999999960041972e-12
923,2.6345,159.4867,0.8815,0.8815,0.1185,0.1185,0.6874264478683472,9.999999960041972e-12
924,2.6344,159.4867,0.8815,0.8815,0.1185,0.1185,0.687542200088501,9.999999960041972e-12
925,2.6336,159.4867,0.8852,0.8815,0.1148,0.1185,0.6883599758148193,9.999999960041972e-12
926,2.6350,159.4867,0.8815,0.8815,0.1185,0.1185,0.6869625449180603,9.999999960041972e-12
927,2.6341,159.4867,0.8815,0.8815,0.1185,0.1185,0.6878066658973694,9.999999960041972e-12
928,2.6335,159.4867,0.8815,0.8815,0.1185,0.1185,0.6884257197380066,9.999999960041972e-12
929,2.6360,159.4867,0.8852,0.8815,0.1148,0.1185,0.6859182119369507,9.999999960041972e-12
930,2.6329,159.4867,0.8815,0.8815,0.1185,0.1185,0.68905109167099,9.999999960041972e-12
931,2.6353,159.4867,0.8778,0.8815,0.1222,0.1185,0.6866291761398315,9.999999960041972e-12
932,2.6339,159.4867,0.8815,0.8815,0.1185,0.1185,0.6880754828453064,9.999999960041972e-12
933,2.6351,159.4867,0.8815,0.8815,0.1185,0.1185,0.6868497133255005,9.999999960041972e-12
934,2.6348,159.4867,0.8852,0.8815,0.1148,0.1185,0.6871399283409119,9.999999960041972e-12
935,2.6351,159.4867,0.8815,0.8815,0.1185,0.1185,0.68678879737854,9.999999960041972e-12
936,2.6359,159.4867,0.8852,0.8852,0.1148,0.1148,0.6860518455505371,9.999999960041972e-12
937,2.6351,159.4867,0.8815,0.8815,0.1185,0.1185,0.6868699193000793,9.999999960041972e-12
938,2.6325,159.4867,0.8815,0.8815,0.1185,0.1185,0.6894121170043945,9.999999960041972e-12
939,2.6347,159.4867,0.8815,0.8815,0.1185,0.1185,0.6872649192810059,9.999999960041972e-12
940,2.6341,159.4867,0.8815,0.8815,0.1185,0.1185,0.6877893209457397,9.999999960041972e-12
941,2.6353,159.4867,0.8852,0.8815,0.1148,0.1185,0.6866124868392944,9.999999960041972e-12
942,2.6353,159.4867,0.8852,0.8815,0.1148,0.1185,0.6866349577903748,9.999999960041972e-12
943,2.6357,159.4867,0.8852,0.8815,0.1148,0.1185,0.6862359046936035,9.999999960041972e-12
944,2.6340,159.4867,0.8852,0.8815,0.1148,0.1185,0.6879316568374634,9.999999960041972e-12
945,2.6340,159.4867,0.8852,0.8852,0.1148,0.1148,0.6879035234451294,9.999999960041972e-12
946,2.6336,159.4867,0.8852,0.8815,0.1148,0.1185,0.6883437633514404,9.999999960041972e-12
947,2.6328,159.4867,0.8815,0.8815,0.1185,0.1185,0.689142644405365,9.999999960041972e-12
948,2.6319,159.4867,0.8815,0.8815,0.1185,0.1185,0.6900617480278015,9.999999960041972e-12
949,2.6358,159.4867,0.8815,0.8815,0.1185,0.1185,0.6861298084259033,9.999999960041972e-12
950,2.6358,159.4867,0.8778,0.8815,0.1222,0.1185,0.6861414313316345,9.999999960041972e-12
951,2.6345,159.4867,0.8852,0.8815,0.1148,0.1185,0.6874361634254456,9.999999960041972e-12
952,2.6348,159.4867,0.8815,0.8815,0.1185,0.1185,0.6871505379676819,9.999999960041972e-12
953,2.6349,159.4867,0.8815,0.8815,0.1185,0.1185,0.687061071395874,9.999999960041972e-12
954,2.6350,159.4867,0.8815,0.8815,0.1185,0.1185,0.6869083046913147,9.999999960041972e-12
955,2.6350,159.4867,0.8815,0.8815,0.1185,0.1185,0.686974287033081,9.999999960041972e-12
956,2.6347,159.4867,0.8815,0.8815,0.1185,0.1185,0.6872575283050537,9.999999960041972e-12
957,2.6349,159.4867,0.8815,0.8815,0.1185,0.1185,0.6870119571685791,9.999999960041972e-12
958,2.6342,159.4867,0.8815,0.8815,0.1185,0.1185,0.6877400279045105,9.999999960041972e-12
959,2.6340,159.4867,0.8852,0.8815,0.1148,0.1185,0.6879516243934631,9.999999960041972e-12
960,2.6355,159.4867,0.8815,0.8815,0.1185,0.1185,0.6864079236984253,9.999999960041972e-12
961,2.6346,159.4867,0.8852,0.8815,0.1148,0.1185,0.6873773336410522,9.999999960041972e-12
962,2.6349,159.4867,0.8852,0.8815,0.1148,0.1185,0.6870195865631104,9.999999960041972e-12
963,2.6359,159.4867,0.8815,0.8815,0.1185,0.1185,0.6859914660453796,9.999999960041972e-12
964,2.6341,159.4867,0.8852,0.8815,0.1148,0.1185,0.687870442867279,9.999999960041972e-12
965,2.6343,159.4867,0.8778,0.8815,0.1222,0.1185,0.687667965888977,9.999999960041972e-12
966,2.6346,159.4867,0.8815,0.8815,0.1185,0.1185,0.6873018145561218,9.999999960041972e-12
967,2.6342,159.4867,0.8815,0.8815,0.1185,0.1185,0.6877246499061584,9.999999960041972e-12
968,2.6363,159.4867,0.8815,0.8815,0.1185,0.1185,0.6855786442756653,9.999999960041972e-12
969,2.6348,159.4867,0.8815,0.8815,0.1185,0.1185,0.6871147155761719,9.999999960041972e-12
970,2.6339,159.4867,0.8852,0.8815,0.1148,0.1185,0.688049852848053,9.999999960041972e-12
971,2.6342,159.4867,0.8852,0.8815,0.1148,0.1185,0.6877573132514954,9.999999960041972e-12
972,2.6350,159.4867,0.8815,0.8815,0.1185,0.1185,0.686928391456604,9.999999960041972e-12
973,2.6334,159.4867,0.8815,0.8815,0.1185,0.1185,0.6885085105895996,9.999999960041972e-12
974,2.6340,159.4867,0.8852,0.8815,0.1148,0.1185,0.6879358887672424,9.999999960041972e-12
975,2.6345,159.4867,0.8815,0.8815,0.1185,0.1185,0.6873897910118103,9.999999960041972e-12
976,2.6355,159.4867,0.8815,0.8815,0.1185,0.1185,0.6864023804664612,9.999999960041972e-12
977,2.6351,159.4867,0.8815,0.8852,0.1185,0.1148,0.6868057250976562,9.999999960041972e-12
978,2.6338,159.4867,0.8815,0.8815,0.1185,0.1185,0.6881043314933777,9.999999960041972e-12
979,2.6339,159.4867,0.8815,0.8815,0.1185,0.1185,0.6880223155021667,9.999999960041972e-12
980,2.6352,159.4867,0.8778,0.8815,0.1222,0.1185,0.6867026090621948,9.999999960041972e-12
981,2.6344,159.4867,0.8852,0.8815,0.1148,0.1185,0.687493085861206,9.999999960041972e-12
982,2.6344,159.4867,0.8852,0.8815,0.1148,0.1185,0.6874935626983643,9.999999960041972e-12
983,2.6341,159.4867,0.8815,0.8815,0.1185,0.1185,0.687831699848175,9.999999960041972e-12
984,2.6356,159.4867,0.8852,0.8815,0.1148,0.1185,0.6863138675689697,9.999999960041972e-12
985,2.6354,159.4867,0.8852,0.8815,0.1148,0.1185,0.686478853225708,9.999999960041972e-12
986,2.6348,159.4867,0.8815,0.8815,0.1185,0.1185,0.6871511340141296,9.999999960041972e-12
987,2.6350,159.4867,0.8852,0.8815,0.1148,0.1185,0.6869582533836365,9.999999960041972e-12
988,2.6338,159.4867,0.8815,0.8815,0.1185,0.1185,0.6881060600280762,9.999999960041972e-12
989,2.6347,159.4867,0.8815,0.8852,0.1185,0.1148,0.6872180104255676,9.999999960041972e-12
990,2.6350,159.4867,0.8852,0.8815,0.1148,0.1185,0.6869522929191589,9.999999960041972e-12
991,2.6348,159.4867,0.8852,0.8815,0.1148,0.1185,0.6871597170829773,9.999999960041972e-12
992,2.6320,159.4867,0.8852,0.8815,0.1148,0.1185,0.6899552941322327,9.999999960041972e-12
993,2.6353,159.4867,0.8815,0.8815,0.1185,0.1185,0.6866349577903748,9.999999960041972e-12
994,2.6330,159.4867,0.8778,0.8815,0.1222,0.1185,0.6889542937278748,9.999999960041972e-12
995,2.6346,159.4867,0.8815,0.8852,0.1185,0.1148,0.6873306035995483,9.999999960041972e-12
996,2.6359,159.4867,0.8852,0.8815,0.1148,0.1185,0.6860737800598145,9.999999960041972e-12
997,2.6363,159.4867,0.8815,0.8815,0.1185,0.1185,0.6856030821800232,9.999999960041972e-12
998,2.6344,159.4867,0.8852,0.8815,0.1148,0.1185,0.6875672936439514,9.999999960041972e-12
999,2.6348,159.4867,0.8815,0.8815,0.1185,0.1185,0.6870881915092468,9.999999960041972e-12
