0,0.0736,106.5478,0.1630,0.1630,0.8370,0.8370
1,0.1963,106.4722,0.2185,0.2185,0.7815,0.7815
2,0.3120,106.5202,0.3111,0.3148,0.6889,0.6852
3,0.4233,106.8271,0.3963,0.4000,0.6037,0.6000
4,0.5381,107.1531,0.4444,0.4481,0.5556,0.5519
5,0.6543,107.6020,0.5037,0.5074,0.4963,0.4926
6,0.7723,108.1285,0.5556,0.5519,0.4444,0.4481
7,0.8846,108.7029,0.5778,0.5778,0.4222,0.4222
8,1.0004,109.3559,0.6000,0.5963,0.4000,0.4037
9,1.1151,110.0738,0.6148,0.6111,0.3852,0.3889
10,1.2222,110.9190,0.6222,0.6259,0.3778,0.3741
11,1.3255,111.8303,0.6593,0.6556,0.3407,0.3444
12,1.4147,112.9178,0.6741,0.6741,0.3259,0.3259
13,1.5036,113.9514,0.6926,0.6926,0.3074,0.3074
14,1.5876,114.9485,0.7037,0.7074,0.2963,0.2926
15,1.6640,116.0444,0.7259,0.7259,0.2741,0.2741
16,1.7260,117.1762,0.7296,0.7296,0.2704,0.2704
17,1.7919,118.2977,0.7481,0.7481,0.2519,0.2519
18,1.8501,119.4679,0.7630,0.7630,0.2370,0.2370
19,1.8957,120.6676,0.7667,0.7630,0.2333,0.2370
20,1.9498,121.5262,0.7667,0.7630,0.2333,0.2370
21,2.0048,122.3878,0.7704,0.7741,0.2296,0.2259
22,2.0369,123.6061,0.7741,0.7778,0.2259,0.2222
23,2.0804,124.3853,0.7852,0.7889,0.2148,0.2111
24,2.1173,125.2355,0.8037,0.8037,0.1963,0.1963
25,2.1477,126.1005,0.7926,0.7963,0.2074,0.2037
26,2.1768,126.8197,0.8037,0.8000,0.1963,0.2000
27,2.2110,127.6767,0.8037,0.8000,0.1963,0.2000
28,2.2377,128.4257,0.8111,0.8111,0.1889,0.1889
29,2.2651,129.1919,0.8111,0.8111,0.1889,0.1889
30,2.2835,129.8970,0.8111,0.8111,0.1889,0.1889
31,2.3038,130.7147,0.8185,0.8185,0.1815,0.1815
32,2.3281,131.2827,0.8259,0.8296,0.1741,0.1704
33,2.3484,131.9286,0.8407,0.8370,0.1593,0.1630
34,2.3657,132.5751,0.8370,0.8370,0.1630,0.1630
35,2.3791,133.2762,0.8407,0.8370,0.1593,0.1630
36,2.3973,133.8276,0.8444,0.8444,0.1556,0.1556
37,2.4161,134.3616,0.8481,0.8481,0.1519,0.1519
38,2.4293,134.8499,0.8481,0.8481,0.1519,0.1519
39,2.4382,135.4009,0.8481,0.8481,0.1519,0.1519
40,2.4492,135.8550,0.8481,0.8481,0.1519,0.1519
41,2.4681,136.1604,0.8481,0.8481,0.1519,0.1519
42,2.4785,136.7110,0.8481,0.8481,0.1519,0.1519
43,2.4932,137.2755,0.8481,0.8481,0.1519,0.1519
44,2.4992,137.6899,0.8481,0.8481,0.1519,0.1519
45,2.5068,138.2810,0.8481,0.8481,0.1519,0.1519
46,2.5200,138.5877,0.8481,0.8481,0.1519,0.1519
47,2.5279,139.1751,0.8481,0.8481,0.1519,0.1519
48,2.5367,139.6535,0.8481,0.8481,0.1519,0.1519
49,2.5431,140.1440,0.8481,0.8481,0.1519,0.1519
50,2.5481,140.4270,0.8481,0.8481,0.1519,0.1519
51,2.5551,140.7694,0.8481,0.8519,0.1519,0.1481
52,2.5666,141.0828,0.8519,0.8519,0.1481,0.1481
53,2.5754,141.4147,0.8519,0.8519,0.1481,0.1481
54,2.5808,141.9291,0.8519,0.8519,0.1481,0.1481
55,2.5822,142.5012,0.8519,0.8519,0.1481,0.1481
56,2.5881,142.7728,0.8519,0.8519,0.1481,0.1481
57,2.5904,143.1050,0.8519,0.8519,0.1481,0.1481
58,2.6028,143.3470,0.8519,0.8519,0.1481,0.1481
59,2.6038,143.5953,0.8519,0.8519,0.1481,0.1481
60,2.6091,144.0213,0.8519,0.8519,0.1481,0.1481
61,2.6141,144.3024,0.8519,0.8519,0.1481,0.1481
62,2.6211,144.5481,0.8556,0.8556,0.1444,0.1444
63,2.6231,144.6792,0.8593,0.8630,0.1407,0.1370
64,2.6299,144.9415,0.8630,0.8593,0.1370,0.1407
65,2.6322,145.1805,0.8630,0.8630,0.1370,0.1370
66,2.6422,145.3055,0.8667,0.8667,0.1333,0.1333
67,2.6439,145.5742,0.8667,0.8667,0.1333,0.1333
68,2.6465,145.8314,0.8704,0.8704,0.1296,0.1296
69,2.6505,146.0426,0.8704,0.8704,0.1296,0.1296
70,2.6525,146.3688,0.8704,0.8704,0.1296,0.1296
71,2.6554,146.6751,0.8704,0.8704,0.1296,0.1296
72,2.6579,146.9134,0.8704,0.8704,0.1296,0.1296
73,2.6592,147.1697,0.8704,0.8704,0.1296,0.1296
74,2.6651,147.2821,0.8667,0.8704,0.1333,0.1296
75,2.6697,147.4608,0.8704,0.8704,0.1296,0.1296
76,2.6711,147.6926,0.8704,0.8704,0.1296,0.1296
77,2.6731,148.0270,0.8704,0.8704,0.1296,0.1296
78,2.6750,148.2635,0.8704,0.8704,0.1296,0.1296
79,2.6793,148.4040,0.8704,0.8704,0.1296,0.1296
80,2.6814,148.6544,0.8704,0.8704,0.1296,0.1296
81,2.6838,148.8643,0.8704,0.8704,0.1296,0.1296
82,2.6860,148.9872,0.8704,0.8704,0.1296,0.1296
83,2.6885,149.0588,0.8704,0.8704,0.1296,0.1296
84,2.6903,149.2310,0.8704,0.8704,0.1296,0.1296
85,2.6904,149.4387,0.8704,0.8704,0.1296,0.1296
86,2.6932,149.5516,0.8704,0.8704,0.1296,0.1296
87,2.6948,149.6985,0.8704,0.8704,0.1296,0.1296
88,2.6984,149.7262,0.8704,0.8704,0.1296,0.1296
89,2.7008,149.9418,0.8704,0.8704,0.1296,0.1296
90,2.7018,150.0707,0.8704,0.8704,0.1296,0.1296
91,2.7021,150.2056,0.8704,0.8704,0.1296,0.1296
92,2.7037,150.3898,0.8704,0.8704,0.1296,0.1296
93,2.7071,150.5275,0.8704,0.8704,0.1296,0.1296
94,2.7120,150.7766,0.8704,0.8704,0.1296,0.1296
95,2.7109,150.9498,0.8704,0.8704,0.1296,0.1296
96,2.7132,151.1405,0.8704,0.8704,0.1296,0.1296
97,2.7157,151.2918,0.8704,0.8704,0.1296,0.1296
98,2.7173,151.4102,0.8741,0.8704,0.1259,0.1296
99,2.7199,151.5426,0.8704,0.8704,0.1296,0.1296
100,2.7202,151.6762,0.8704,0.8741,0.1296,0.1259
101,2.7227,151.7829,0.8704,0.8704,0.1296,0.1296
102,2.7236,151.8582,0.8741,0.8741,0.1259,0.1259
103,2.7263,152.0313,0.8741,0.8778,0.1259,0.1222
104,2.7276,152.1618,0.8778,0.8778,0.1222,0.1222
105,2.7263,152.3869,0.8741,0.8778,0.1259,0.1222
106,2.7260,152.5098,0.8778,0.8778,0.1222,0.1222
107,2.7335,152.6122,0.8778,0.8778,0.1222,0.1222
108,2.7327,152.7176,0.8741,0.8778,0.1259,0.1222
109,2.7322,152.9020,0.8815,0.8778,0.1185,0.1222
110,2.7342,153.0332,0.8778,0.8778,0.1222,0.1222
111,2.7344,153.0668,0.8778,0.8778,0.1222,0.1222
112,2.7391,153.1216,0.8778,0.8778,0.1222,0.1222
113,2.7351,153.2351,0.8778,0.8778,0.1222,0.1222
114,2.7384,153.3179,0.8815,0.8815,0.1185,0.1185
115,2.7387,153.3902,0.8815,0.8815,0.1185,0.1185
116,2.7432,153.4886,0.8815,0.8815,0.1185,0.1185
117,2.7402,153.5708,0.8815,0.8815,0.1185,0.1185
118,2.7429,153.6711,0.8815,0.8815,0.1185,0.1185
119,2.7422,153.8237,0.8815,0.8815,0.1185,0.1185
120,2.7462,153.9603,0.8852,0.8778,0.1148,0.1222
121,2.7441,154.0493,0.8815,0.8815,0.1185,0.1185
122,2.7457,154.1484,0.8815,0.8815,0.1185,0.1185
123,2.7456,154.2541,0.8778,0.8815,0.1222,0.1185
124,2.7453,154.3633,0.8815,0.8815,0.1185,0.1185
125,2.7497,154.3920,0.8852,0.8815,0.1148,0.1185
126,2.7499,154.5011,0.8815,0.8852,0.1185,0.1148
127,2.7472,154.6037,0.8852,0.8815,0.1148,0.1185
128,2.7516,154.7407,0.8778,0.8815,0.1222,0.1185
129,2.7504,154.7614,0.8815,0.8815,0.1185,0.1185
130,2.7533,154.8438,0.8852,0.8815,0.1148,0.1185
131,2.7499,154.9649,0.8778,0.8815,0.1222,0.1185
132,2.7567,155.0563,0.8778,0.8815,0.1222,0.1185
133,2.7540,155.1640,0.8815,0.8852,0.1185,0.1148
134,2.7555,155.2702,0.8815,0.8852,0.1185,0.1148
135,2.7569,155.4011,0.8815,0.8815,0.1185,0.1185
136,2.7561,155.5432,0.8815,0.8852,0.1185,0.1148
137,2.7583,155.6265,0.8778,0.8815,0.1222,0.1185
138,2.7590,155.7407,0.8815,0.8815,0.1185,0.1185
139,2.7585,155.8445,0.8815,0.8815,0.1185,0.1185
140,2.7594,155.8879,0.8778,0.8815,0.1222,0.1185
141,2.7581,155.9872,0.8815,0.8815,0.1185,0.1185
142,2.7600,156.0569,0.8815,0.8815,0.1185,0.1185
143,2.7618,156.1264,0.8852,0.8815,0.1148,0.1185
144,2.7623,156.1959,0.8852,0.8852,0.1148,0.1148
145,2.7620,156.2589,0.8852,0.8815,0.1148,0.1185
146,2.7638,156.2836,0.8815,0.8815,0.1185,0.1185
147,2.7630,156.3598,0.8815,0.8815,0.1185,0.1185
148,2.7639,156.4267,0.8815,0.8815,0.1185,0.1185
149,2.7669,156.4478,0.8815,0.8815,0.1185,0.1185
150,2.7621,156.5256,0.8815,0.8815,0.1185,0.1185
151,2.7669,156.5760,0.8815,0.8815,0.1185,0.1185
152,2.7661,156.6491,0.8815,0.8815,0.1185,0.1185
153,2.7681,156.7193,0.8815,0.8815,0.1185,0.1185
154,2.7699,156.7996,0.8815,0.8815,0.1185,0.1185
155,2.7667,156.8858,0.8815,0.8815,0.1185,0.1185
156,2.7664,156.9577,0.8815,0.8815,0.1185,0.1185
157,2.7697,157.0410,0.8815,0.8815,0.1185,0.1185
158,2.7708,157.0872,0.8852,0.8815,0.1148,0.1185
159,2.7743,157.1642,0.8852,0.8815,0.1148,0.1185
160,2.7703,157.2244,0.8852,0.8815,0.1148,0.1185
161,2.7749,157.3318,0.8815,0.8815,0.1185,0.1185
162,2.7711,157.3884,0.8815,0.8815,0.1185,0.1185
163,2.7692,157.4633,0.8815,0.8815,0.1185,0.1185
164,2.7724,157.5283,0.8815,0.8815,0.1185,0.1185
165,2.7745,157.5742,0.8815,0.8815,0.1185,0.1185
166,2.7705,157.6435,0.8815,0.8815,0.1185,0.1185
167,2.7733,157.6885,0.8815,0.8815,0.1185,0.1185
168,2.7750,157.7802,0.8815,0.8815,0.1185,0.1185
169,2.7705,157.8233,0.8815,0.8815,0.1185,0.1185
170,2.7736,157.8993,0.8815,0.8815,0.1185,0.1185
171,2.7741,157.9316,0.8815,0.8815,0.1185,0.1185
172,2.7750,157.9987,0.8815,0.8815,0.1185,0.1185
173,2.7753,158.0428,0.8815,0.8815,0.1185,0.1185
174,2.7759,158.0989,0.8815,0.8815,0.1185,0.1185
175,2.7783,158.1296,0.8815,0.8815,0.1185,0.1185
176,2.7756,158.1880,0.8815,0.8815,0.1185,0.1185
177,2.7768,158.2033,0.8815,0.8815,0.1185,0.1185
178,2.7780,158.2652,0.8852,0.8815,0.1148,0.1185
179,2.7807,158.3108,0.8815,0.8815,0.1185,0.1185
180,2.7806,158.3679,0.8852,0.8815,0.1148,0.1185
181,2.7790,158.4088,0.8815,0.8815,0.1185,0.1185
182,2.7769,158.4749,0.8815,0.8815,0.1185,0.1185
183,2.7790,158.5234,0.8815,0.8815,0.1185,0.1185
184,2.7806,158.5697,0.8815,0.8815,0.1185,0.1185
185,2.7819,158.6229,0.8815,0.8815,0.1185,0.1185
186,2.7821,158.6623,0.8815,0.8815,0.1185,0.1185
187,2.7820,158.7293,0.8815,0.8815,0.1185,0.1185
188,2.7814,158.7666,0.8815,0.8815,0.1185,0.1185
189,2.7814,158.8083,0.8852,0.8815,0.1148,0.1185
190,2.7803,158.8426,0.8815,0.8815,0.1185,0.1185
191,2.7824,158.9062,0.8815,0.8815,0.1185,0.1185
192,2.7827,158.9236,0.8815,0.8815,0.1185,0.1185
193,2.7836,158.9539,0.8815,0.8815,0.1185,0.1185
194,2.7821,158.9824,0.8815,0.8815,0.1185,0.1185
195,2.7826,159.0390,0.8852,0.8815,0.1148,0.1185
196,2.7843,159.0924,0.8815,0.8815,0.1185,0.1185
197,2.7844,159.1327,0.8852,0.8815,0.1148,0.1185
198,2.7827,159.1674,0.8815,0.8815,0.1185,0.1185
199,2.7826,159.2114,0.8815,0.8815,0.1185,0.1185
200,2.7858,159.2352,0.8889,0.8815,0.1111,0.1185
201,2.7837,159.2651,0.8815,0.8815,0.1185,0.1185
202,2.7845,159.2955,0.8815,0.8815,0.1185,0.1185
203,2.7852,159.3477,0.8852,0.8815,0.1148,0.1185
204,2.7851,159.3997,0.8815,0.8815,0.1185,0.1185
205,2.7858,159.4329,0.8815,0.8815,0.1185,0.1185
206,2.7848,159.4725,0.8815,0.8815,0.1185,0.1185
207,2.7841,159.5017,0.8815,0.8815,0.1185,0.1185
208,2.7853,159.5245,0.8815,0.8815,0.1185,0.1185
209,2.7822,159.5678,0.8815,0.8815,0.1185,0.1185
210,2.7863,159.5999,0.8815,0.8815,0.1185,0.1185
211,2.7870,159.6292,0.8852,0.8815,0.1148,0.1185
212,2.7863,159.6719,0.8852,0.8815,0.1148,0.1185
213,2.7866,159.6791,0.8815,0.8815,0.1185,0.1185
214,2.7860,159.7085,0.8815,0.8815,0.1185,0.1185
215,2.7834,159.7310,0.8815,0.8815,0.1185,0.1185
216,2.7860,159.7538,0.8852,0.8815,0.1148,0.1185
217,2.7857,159.7929,0.8815,0.8815,0.1185,0.1185
218,2.7868,159.8068,0.8815,0.8815,0.1185,0.1185
219,2.7855,159.8269,0.8852,0.8815,0.1148,0.1185
220,2.7878,159.8560,0.8815,0.8815,0.1185,0.1185
221,2.7872,159.8963,0.8815,0.8815,0.1185,0.1185
222,2.7863,159.9244,0.8852,0.8815,0.1148,0.1185
223,2.7884,159.9488,0.8815,0.8815,0.1185,0.1185
224,2.7887,159.9665,0.8815,0.8815,0.1185,0.1185
225,2.7857,159.9984,0.8815,0.8852,0.1185,0.1148
226,2.7889,160.0183,0.8889,0.8815,0.1111,0.1185
227,2.7913,160.0426,0.8815,0.8852,0.1185,0.1148
228,2.7905,160.0652,0.8889,0.8815,0.1111,0.1185
229,2.7885,160.0831,0.8815,0.8815,0.1185,0.1185
230,2.7895,160.1162,0.8852,0.8815,0.1148,0.1185
231,2.7904,160.1358,0.8815,0.8815,0.1185,0.1185
232,2.7911,160.1591,0.8815,0.8815,0.1185,0.1185
233,2.7899,160.1801,0.8852,0.8852,0.1148,0.1148
234,2.7923,160.1974,0.8815,0.8815,0.1185,0.1185
235,2.7911,160.2277,0.8815,0.8815,0.1185,0.1185
236,2.7899,160.2558,0.8852,0.8815,0.1148,0.1185
237,2.7898,160.2752,0.8815,0.8815,0.1185,0.1185
238,2.7941,160.3007,0.8852,0.8815,0.1148,0.1185
239,2.7898,160.3168,0.8815,0.8815,0.1185,0.1185
240,2.7909,160.3382,0.8815,0.8815,0.1185,0.1185
241,2.7916,160.3588,0.8815,0.8815,0.1185,0.1185
242,2.7931,160.3844,0.8815,0.8852,0.1185,0.1148
243,2.7904,160.4113,0.8852,0.8815,0.1148,0.1185
244,2.7908,160.4287,0.8815,0.8815,0.1185,0.1185
245,2.7905,160.4545,0.8815,0.8852,0.1185,0.1148
246,2.7936,160.4779,0.8815,0.8815,0.1185,0.1185
247,2.7921,160.4959,0.8815,0.8852,0.1185,0.1148
248,2.7905,160.5107,0.8815,0.8815,0.1185,0.1185
249,2.7923,160.5265,0.8852,0.8815,0.1148,0.1185
250,2.7909,160.5533,0.8815,0.8815,0.1185,0.1185
251,2.7935,160.5638,0.8852,0.8815,0.1148,0.1185
252,2.7949,160.5800,0.8815,0.8852,0.1185,0.1148
253,2.7889,160.6019,0.8815,0.8815,0.1185,0.1185
254,2.7922,160.6027,0.8852,0.8852,0.1148,0.1148
255,2.7922,160.6205,0.8815,0.8815,0.1185,0.1185
256,2.7932,160.6378,0.8852,0.8852,0.1148,0.1148
257,2.7927,160.6590,0.8815,0.8852,0.1185,0.1148
258,2.7934,160.6788,0.8815,0.8815,0.1185,0.1185
259,2.7935,160.6943,0.8852,0.8815,0.1148,0.1185
260,2.7918,160.7059,0.8815,0.8852,0.1185,0.1148
261,2.7914,160.7232,0.8815,0.8852,0.1185,0.1148
262,2.7931,160.7332,0.8852,0.8815,0.1148,0.1185
263,2.7926,160.7500,0.8852,0.8852,0.1148,0.1148
264,2.7953,160.7686,0.8815,0.8815,0.1185,0.1185
265,2.7951,160.7724,0.8815,0.8815,0.1185,0.1185
266,2.7954,160.7870,0.8852,0.8852,0.1148,0.1148
267,2.7921,160.8041,0.8815,0.8815,0.1185,0.1185
268,2.7936,160.8177,0.8852,0.8852,0.1148,0.1148
269,2.7939,160.8373,0.8889,0.8852,0.1111,0.1148
270,2.7962,160.8479,0.8852,0.8852,0.1148,0.1148
271,2.7950,160.8586,0.8889,0.8852,0.1111,0.1148
272,2.7942,160.8725,0.8852,0.8852,0.1148,0.1148
273,2.7960,160.8817,0.8815,0.8815,0.1185,0.1185
274,2.7952,160.8986,0.8852,0.8815,0.1148,0.1185
275,2.7943,160.9100,0.8852,0.8852,0.1148,0.1148
276,2.7950,160.9283,0.8852,0.8852,0.1148,0.1148
277,2.7959,160.9407,0.8815,0.8852,0.1185,0.1148
278,2.7936,160.9601,0.8815,0.8815,0.1185,0.1185
279,2.7924,160.9696,0.8852,0.8852,0.1148,0.1148
280,2.7969,160.9825,0.8852,0.8852,0.1148,0.1148
281,2.7965,160.9949,0.8852,0.8852,0.1148,0.1148
282,2.7926,161.0078,0.8815,0.8815,0.1185,0.1185
283,2.7958,161.0195,0.8852,0.8815,0.1148,0.1185
284,2.7971,161.0302,0.8852,0.8815,0.1148,0.1185
285,2.7962,161.0396,0.8815,0.8815,0.1185,0.1185
286,2.7935,161.0489,0.8815,0.8815,0.1185,0.1185
287,2.7928,161.0578,0.8815,0.8815,0.1185,0.1185
288,2.7969,161.0660,0.8852,0.8852,0.1148,0.1148
289,2.7949,161.0745,0.8852,0.8815,0.1148,0.1185
290,2.7957,161.0835,0.8852,0.8815,0.1148,0.1185
291,2.7969,161.0902,0.8815,0.8852,0.1185,0.1148
292,2.7937,161.1028,0.8815,0.8852,0.1185,0.1148
293,2.7967,161.1155,0.8852,0.8852,0.1148,0.1148
294,2.7936,161.1278,0.8815,0.8852,0.1185,0.1148
295,2.7945,161.1346,0.8852,0.8852,0.1148,0.1148
296,2.7958,161.1438,0.8815,0.8815,0.1185,0.1185
297,2.7959,161.1589,0.8852,0.8852,0.1148,0.1148
298,2.7938,161.1718,0.8852,0.8852,0.1148,0.1148
299,2.7951,161.1772,0.8815,0.8852,0.1185,0.1148
300,2.7941,161.1898,0.8815,0.8852,0.1185,0.1148
301,2.7972,161.1987,0.8852,0.8852,0.1148,0.1148
302,2.7960,161.2143,0.8815,0.8852,0.1185,0.1148
303,2.7960,161.2210,0.8889,0.8852,0.1111,0.1148
304,2.7957,161.2301,0.8889,0.8852,0.1111,0.1148
305,2.7969,161.2385,0.8852,0.8815,0.1148,0.1185
306,2.7942,161.2467,0.8815,0.8852,0.1185,0.1148
307,2.7966,161.2532,0.8852,0.8852,0.1148,0.1148
308,2.7980,161.2635,0.8852,0.8852,0.1148,0.1148
309,2.7956,161.2679,0.8852,0.8852,0.1148,0.1148
310,2.7946,161.2764,0.8852,0.8852,0.1148,0.1148
311,2.7968,161.2881,0.8852,0.8852,0.1148,0.1148
312,2.7949,161.2969,0.8852,0.8815,0.1148,0.1185
313,2.7957,161.3072,0.8815,0.8852,0.1185,0.1148
314,2.7969,161.3137,0.8852,0.8852,0.1148,0.1148
315,2.7963,161.3251,0.8815,0.8852,0.1185,0.1148
316,2.7960,161.3302,0.8815,0.8852,0.1185,0.1148
317,2.7961,161.3401,0.8889,0.8852,0.1111,0.1148
318,2.7986,161.3449,0.8852,0.8852,0.1148,0.1148
319,2.7958,161.3524,0.8852,0.8852,0.1148,0.1148
320,2.7980,161.3596,0.8852,0.8852,0.1148,0.1148
321,2.7973,161.3656,0.8852,0.8852,0.1148,0.1148
322,2.7948,161.3723,0.8852,0.8852,0.1148,0.1148
323,2.7953,161.3783,0.8852,0.8852,0.1148,0.1148
324,2.7962,161.3854,0.8815,0.8852,0.1185,0.1148
325,2.7972,161.3882,0.8852,0.8852,0.1148,0.1148
326,2.7969,161.3974,0.8815,0.8852,0.1185,0.1148
327,2.7988,161.4041,0.8852,0.8852,0.1148,0.1148
328,2.7930,161.4096,0.8815,0.8852,0.1185,0.1148
329,2.7953,161.4140,0.8852,0.8852,0.1148,0.1148
330,2.7973,161.4194,0.8815,0.8852,0.1185,0.1148
331,2.7986,161.4257,0.8852,0.8852,0.1148,0.1148
332,2.7980,161.4325,0.8852,0.8852,0.1148,0.1148
333,2.7954,161.4411,0.8815,0.8852,0.1185,0.1148
334,2.7973,161.4432,0.8815,0.8815,0.1185,0.1185
335,2.7950,161.4442,0.8852,0.8815,0.1148,0.1185
336,2.7995,161.4517,0.8852,0.8852,0.1148,0.1148
337,2.7991,161.4536,0.8852,0.8852,0.1148,0.1148
338,2.7988,161.4623,0.8852,0.8852,0.1148,0.1148
339,2.7959,161.4659,0.8815,0.8852,0.1185,0.1148
340,2.7966,161.4692,0.8852,0.8852,0.1148,0.1148
341,2.7975,161.4739,0.8815,0.8852,0.1185,0.1148
342,2.7973,161.4780,0.8815,0.8852,0.1185,0.1148
343,2.7978,161.4834,0.8852,0.8852,0.1148,0.1148
344,2.7983,161.4887,0.8815,0.8852,0.1185,0.1148
345,2.7975,161.4934,0.8815,0.8852,0.1185,0.1148
346,2.7977,161.4965,0.8852,0.8852,0.1148,0.1148
347,2.7976,161.5014,0.8852,0.8852,0.1148,0.1148
348,2.7953,161.5074,0.8852,0.8852,0.1148,0.1148
349,2.7982,161.5123,0.8852,0.8852,0.1148,0.1148
350,2.7992,161.5170,0.8852,0.8815,0.1148,0.1185
351,2.7971,161.5207,0.8852,0.8852,0.1148,0.1148
352,2.7979,161.5237,0.8815,0.8852,0.1185,0.1148
353,2.7963,161.5278,0.8852,0.8852,0.1148,0.1148
354,2.7996,161.5319,0.8815,0.8852,0.1185,0.1148
355,2.7980,161.5373,0.8815,0.8852,0.1185,0.1148
356,2.8003,161.5426,0.8852,0.8852,0.1148,0.1148
357,2.7981,161.5447,0.8852,0.8852,0.1148,0.1148
358,2.7993,161.5486,0.8852,0.8852,0.1148,0.1148
359,2.7974,161.5522,0.8815,0.8852,0.1185,0.1148
360,2.7968,161.5549,0.8815,0.8815,0.1185,0.1185
361,2.7984,161.5608,0.8815,0.8852,0.1185,0.1148
362,2.8007,161.5631,0.8852,0.8852,0.1148,0.1148
363,2.7978,161.5673,0.8852,0.8852,0.1148,0.1148
364,2.7972,161.5692,0.8852,0.8852,0.1148,0.1148
365,2.7974,161.5730,0.8889,0.8852,0.1111,0.1148
366,2.7962,161.5785,0.8815,0.8852,0.1185,0.1148
367,2.7981,161.5808,0.8852,0.8852,0.1148,0.1148
368,2.7982,161.5837,0.8815,0.8852,0.1185,0.1148
369,2.7954,161.5888,0.8852,0.8852,0.1148,0.1148
370,2.7973,161.5912,0.8889,0.8852,0.1111,0.1148
371,2.7986,161.5959,0.8815,0.8852,0.1185,0.1148
372,2.7971,161.5981,0.8852,0.8852,0.1148,0.1148
373,2.7976,161.6007,0.8852,0.8852,0.1148,0.1148
374,2.7957,161.6043,0.8852,0.8852,0.1148,0.1148
375,2.7974,161.6085,0.8852,0.8852,0.1148,0.1148
376,2.8006,161.6110,0.8852,0.8852,0.1148,0.1148
377,2.7979,161.6131,0.8815,0.8852,0.1185,0.1148
378,2.7983,161.6150,0.8852,0.8852,0.1148,0.1148
379,2.7983,161.6182,0.8815,0.8852,0.1185,0.1148
380,2.7996,161.6209,0.8852,0.8852,0.1148,0.1148
381,2.7970,161.6234,0.8852,0.8852,0.1148,0.1148
382,2.7967,161.6261,0.8852,0.8852,0.1148,0.1148
383,2.7973,161.6294,0.8815,0.8852,0.1185,0.1148
384,2.7970,161.6328,0.8852,0.8852,0.1148,0.1148
385,2.7961,161.6355,0.8852,0.8852,0.1148,0.1148
386,2.7988,161.6365,0.8852,0.8852,0.1148,0.1148
387,2.7971,161.6408,0.8815,0.8852,0.1185,0.1148
388,2.7997,161.6443,0.8852,0.8852,0.1148,0.1148
389,2.7970,161.6473,0.8852,0.8852,0.1148,0.1148
390,2.7964,161.6483,0.8815,0.8852,0.1185,0.1148
391,2.7964,161.6502,0.8815,0.8852,0.1185,0.1148
392,2.7966,161.6521,0.8852,0.8852,0.1148,0.1148
393,2.8004,161.6544,0.8852,0.8852,0.1148,0.1148
394,2.7964,161.6563,0.8852,0.8852,0.1148,0.1148
395,2.7999,161.6589,0.8852,0.8852,0.1148,0.1148
396,2.7953,161.6612,0.8852,0.8815,0.1148,0.1185
397,2.7975,161.6637,0.8889,0.8852,0.1111,0.1148
398,2.7995,161.6648,0.8852,0.8852,0.1148,0.1148
399,2.7982,161.6670,0.8852,0.8852,0.1148,0.1148
400,2.7993,161.6692,0.8852,0.8852,0.1148,0.1148
401,2.7992,161.6711,0.8852,0.8852,0.1148,0.1148
402,2.7971,161.6736,0.8815,0.8852,0.1185,0.1148
403,2.7964,161.6754,0.8852,0.8852,0.1148,0.1148
404,2.8000,161.6766,0.8815,0.8852,0.1185,0.1148
405,2.7978,161.6780,0.8852,0.8852,0.1148,0.1148
406,2.8009,161.6793,0.8889,0.8852,0.1111,0.1148
407,2.7988,161.6800,0.8889,0.8852,0.1111,0.1148
408,2.7967,161.6819,0.8815,0.8852,0.1185,0.1148
409,2.7989,161.6843,0.8852,0.8852,0.1148,0.1148
410,2.7965,161.6850,0.8852,0.8852,0.1148,0.1148
411,2.7988,161.6865,0.8889,0.8852,0.1111,0.1148
412,2.8001,161.6876,0.8852,0.8852,0.1148,0.1148
413,2.7992,161.6899,0.8815,0.8852,0.1185,0.1148
414,2.7977,161.6913,0.8852,0.8852,0.1148,0.1148
415,2.7953,161.6923,0.8852,0.8852,0.1148,0.1148
416,2.7985,161.6945,0.8889,0.8852,0.1111,0.1148
417,2.7989,161.6959,0.8852,0.8852,0.1148,0.1148
418,2.7999,161.6978,0.8815,0.8852,0.1185,0.1148
419,2.7975,161.6992,0.8815,0.8852,0.1185,0.1148
420,2.7989,161.7006,0.8852,0.8852,0.1148,0.1148
421,2.7998,161.7018,0.8889,0.8852,0.1111,0.1148
422,2.7971,161.7029,0.8852,0.8815,0.1148,0.1185
423,2.7987,161.7044,0.8852,0.8852,0.1148,0.1148
424,2.8003,161.7055,0.8852,0.8852,0.1148,0.1148
425,2.7969,161.7063,0.8852,0.8852,0.1148,0.1148
426,2.7972,161.7080,0.8852,0.8852,0.1148,0.1148
427,2.7997,161.7099,0.8852,0.8852,0.1148,0.1148
428,2.7995,161.7105,0.8815,0.8852,0.1185,0.1148
429,2.7982,161.7112,0.8852,0.8852,0.1148,0.1148
430,2.8005,161.7127,0.8852,0.8852,0.1148,0.1148
431,2.7977,161.7132,0.8852,0.8852,0.1148,0.1148
432,2.8002,161.7146,0.8852,0.8852,0.1148,0.1148
433,2.7975,161.7161,0.8852,0.8852,0.1148,0.1148
434,2.7973,161.7177,0.8852,0.8852,0.1148,0.1148
435,2.7971,161.7196,0.8815,0.8852,0.1185,0.1148
436,2.7997,161.7210,0.8889,0.8852,0.1111,0.1148
437,2.8016,161.7219,0.8815,0.8852,0.1185,0.1148
438,2.7984,161.7234,0.8815,0.8852,0.1185,0.1148
439,2.8018,161.7242,0.8852,0.8852,0.1148,0.1148
440,2.7996,161.7254,0.8889,0.8852,0.1111,0.1148
441,2.7982,161.7268,0.8852,0.8852,0.1148,0.1148
442,2.7972,161.7279,0.8852,0.8852,0.1148,0.1148
443,2.8000,161.7293,0.8889,0.8852,0.1111,0.1148
444,2.7977,161.7305,0.8852,0.8852,0.1148,0.1148
445,2.7984,161.7313,0.8852,0.8852,0.1148,0.1148
446,2.7989,161.7323,0.8852,0.8852,0.1148,0.1148
447,2.7989,161.7334,0.8852,0.8852,0.1148,0.1148
448,2.7979,161.7341,0.8852,0.8852,0.1148,0.1148
449,2.8012,161.7346,0.8852,0.8852,0.1148,0.1148
450,2.7972,161.7358,0.8852,0.8852,0.1148,0.1148
451,2.7991,161.7361,0.8852,0.8852,0.1148,0.1148
452,2.8009,161.7370,0.8852,0.8852,0.1148,0.1148
453,2.7981,161.7380,0.8852,0.8852,0.1148,0.1148
454,2.7970,161.7387,0.8815,0.8852,0.1185,0.1148
455,2.7981,161.7399,0.8815,0.8852,0.1185,0.1148
456,2.7979,161.7411,0.8815,0.8852,0.1185,0.1148
457,2.8015,161.7419,0.8815,0.8852,0.1185,0.1148
458,2.7993,161.7428,0.8815,0.8852,0.1185,0.1148
459,2.7970,161.7433,0.8852,0.8852,0.1148,0.1148
460,2.8013,161.7442,0.8852,0.8852,0.1148,0.1148
461,2.7984,161.7452,0.8852,0.8852,0.1148,0.1148
462,2.7985,161.7457,0.8852,0.8852,0.1148,0.1148
463,2.8005,161.7464,0.8852,0.8852,0.1148,0.1148
464,2.7980,161.7472,0.8815,0.8852,0.1185,0.1148
465,2.8006,161.7479,0.8852,0.8852,0.1148,0.1148
466,2.7997,161.7487,0.8889,0.8852,0.1111,0.1148
467,2.7980,161.7496,0.8852,0.8852,0.1148,0.1148
468,2.7986,161.7502,0.8852,0.8852,0.1148,0.1148
469,2.7983,161.7511,0.8815,0.8852,0.1185,0.1148
470,2.7998,161.7521,0.8815,0.8852,0.1185,0.1148
471,2.7980,161.7530,0.8852,0.8852,0.1148,0.1148
472,2.7998,161.7536,0.8889,0.8852,0.1111,0.1148
473,2.7990,161.7543,0.8852,0.8852,0.1148,0.1148
474,2.7968,161.7551,0.8852,0.8852,0.1148,0.1148
475,2.7977,161.7558,0.8852,0.8852,0.1148,0.1148
476,2.7982,161.7567,0.8852,0.8852,0.1148,0.1148
477,2.7990,161.7573,0.8852,0.8852,0.1148,0.1148
478,2.7975,161.7580,0.8852,0.8852,0.1148,0.1148
479,2.7980,161.7588,0.8815,0.8852,0.1185,0.1148
480,2.7975,161.7595,0.8852,0.8852,0.1148,0.1148
481,2.7967,161.7601,0.8852,0.8852,0.1148,0.1148
482,2.7993,161.7608,0.8852,0.8815,0.1148,0.1185
483,2.7992,161.7614,0.8852,0.8852,0.1148,0.1148
484,2.7982,161.7618,0.8852,0.8852,0.1148,0.1148
485,2.7981,161.7626,0.8852,0.8852,0.1148,0.1148
486,2.7998,161.7630,0.8815,0.8852,0.1185,0.1148
487,2.7975,161.7637,0.8852,0.8852,0.1148,0.1148
488,2.7995,161.7640,0.8852,0.8852,0.1148,0.1148
489,2.7972,161.7646,0.8852,0.8852,0.1148,0.1148
490,2.8001,161.7651,0.8852,0.8852,0.1148,0.1148
491,2.7990,161.7656,0.8852,0.8852,0.1148,0.1148
492,2.7963,161.7660,0.8852,0.8815,0.1148,0.1185
493,2.8001,161.7666,0.8815,0.8852,0.1185,0.1148
494,2.7972,161.7671,0.8815,0.8852,0.1185,0.1148
495,2.8007,161.7676,0.8889,0.8852,0.1111,0.1148
496,2.7987,161.7682,0.8852,0.8852,0.1148,0.1148
497,2.7992,161.7683,0.8852,0.8852,0.1148,0.1148
498,2.7974,161.7691,0.8815,0.8852,0.1185,0.1148
499,2.7989,161.7695,0.8815,0.8852,0.1185,0.1148
500,2.8026,161.7702,0.8852,0.8852,0.1148,0.1148
501,2.7987,161.7708,0.8889,0.8852,0.1111,0.1148
502,2.7982,161.7714,0.8852,0.8852,0.1148,0.1148
503,2.7996,161.7719,0.8852,0.8852,0.1148,0.1148
504,2.7985,161.7721,0.8852,0.8852,0.1148,0.1148
505,2.7983,161.7726,0.8852,0.8852,0.1148,0.1148
506,2.8021,161.7729,0.8852,0.8815,0.1148,0.1185
507,2.7981,161.7733,0.8852,0.8852,0.1148,0.1148
508,2.8002,161.7737,0.8815,0.8852,0.1185,0.1148
509,2.7988,161.7741,0.8852,0.8852,0.1148,0.1148
510,2.7985,161.7745,0.8889,0.8852,0.1111,0.1148
511,2.7977,161.7749,0.8852,0.8852,0.1148,0.1148
512,2.7996,161.7751,0.8852,0.8852,0.1148,0.1148
513,2.7982,161.7755,0.8852,0.8852,0.1148,0.1148
514,2.7994,161.7760,0.8852,0.8852,0.1148,0.1148
515,2.8006,161.7762,0.8852,0.8852,0.1148,0.1148
516,2.7966,161.7765,0.8852,0.8852,0.1148,0.1148
517,2.7977,161.7768,0.8852,0.8852,0.1148,0.1148
518,2.7980,161.7772,0.8852,0.8852,0.1148,0.1148
519,2.7998,161.7775,0.8815,0.8852,0.1185,0.1148
520,2.7993,161.7780,0.8815,0.8852,0.1185,0.1148
521,2.8002,161.7782,0.8815,0.8852,0.1185,0.1148
522,2.7979,161.7787,0.8852,0.8852,0.1148,0.1148
523,2.7990,161.7790,0.8815,0.8852,0.1185,0.1148
524,2.7977,161.7795,0.8852,0.8852,0.1148,0.1148
525,2.7990,161.7798,0.8852,0.8852,0.1148,0.1148
526,2.8001,161.7800,0.8852,0.8852,0.1148,0.1148
527,2.7972,161.7803,0.8852,0.8852,0.1148,0.1148
528,2.8000,161.7807,0.8815,0.8852,0.1185,0.1148
529,2.7978,161.7812,0.8889,0.8852,0.1111,0.1148
530,2.7976,161.7815,0.8852,0.8852,0.1148,0.1148
531,2.7970,161.7819,0.8852,0.8852,0.1148,0.1148
532,2.7991,161.7822,0.8815,0.8852,0.1185,0.1148
533,2.7980,161.7824,0.8815,0.8852,0.1185,0.1148
534,2.7999,161.7826,0.8852,0.8852,0.1148,0.1148
535,2.7958,161.7829,0.8852,0.8852,0.1148,0.1148
536,2.7980,161.7832,0.8815,0.8852,0.1185,0.1148
537,2.8000,161.7836,0.8852,0.8852,0.1148,0.1148
538,2.7973,161.7838,0.8852,0.8852,0.1148,0.1148
539,2.7984,161.7840,0.8889,0.8852,0.1111,0.1148
540,2.8000,161.7841,0.8852,0.8852,0.1148,0.1148
541,2.8012,161.7844,0.8852,0.8852,0.1148,0.1148
542,2.7987,161.7848,0.8852,0.8852,0.1148,0.1148
543,2.7995,161.7850,0.8852,0.8852,0.1148,0.1148
544,2.8007,161.7853,0.8852,0.8852,0.1148,0.1148
545,2.8012,161.7855,0.8815,0.8852,0.1185,0.1148
546,2.7961,161.7857,0.8889,0.8852,0.1111,0.1148
547,2.8004,161.7860,0.8852,0.8852,0.1148,0.1148
548,2.7970,161.7862,0.8852,0.8852,0.1148,0.1148
549,2.7993,161.7864,0.8852,0.8852,0.1148,0.1148
550,2.7992,161.7866,0.8852,0.8852,0.1148,0.1148
551,2.7969,161.7868,0.8815,0.8852,0.1185,0.1148
552,2.7988,161.7870,0.8815,0.8852,0.1185,0.1148
553,2.7981,161.7872,0.8852,0.8852,0.1148,0.1148
554,2.7994,161.7876,0.8852,0.8852,0.1148,0.1148
555,2.7983,161.7877,0.8815,0.8852,0.1185,0.1148
556,2.7986,161.7880,0.8852,0.8852,0.1148,0.1148
557,2.7990,161.7881,0.8852,0.8852,0.1148,0.1148
558,2.7983,161.7883,0.8852,0.8852,0.1148,0.1148
559,2.7997,161.7885,0.8889,0.8852,0.1111,0.1148
560,2.7988,161.7887,0.8889,0.8852,0.1111,0.1148
561,2.7953,161.7889,0.8852,0.8852,0.1148,0.1148
562,2.7970,161.7890,0.8852,0.8852,0.1148,0.1148
563,2.7979,161.7891,0.8815,0.8852,0.1185,0.1148
564,2.8004,161.7893,0.8852,0.8852,0.1148,0.1148
565,2.8013,161.7894,0.8852,0.8852,0.1148,0.1148
566,2.7976,161.7896,0.8815,0.8852,0.1185,0.1148
567,2.7979,161.7897,0.8815,0.8852,0.1185,0.1148
568,2.7971,161.7899,0.8815,0.8852,0.1185,0.1148
569,2.7972,161.7900,0.8852,0.8852,0.1148,0.1148
570,2.8004,161.7901,0.8852,0.8852,0.1148,0.1148
571,2.7975,161.7903,0.8889,0.8852,0.1111,0.1148
572,2.8020,161.7904,0.8889,0.8852,0.1111,0.1148
573,2.8007,161.7906,0.8889,0.8852,0.1111,0.1148
574,2.7997,161.7907,0.8852,0.8852,0.1148,0.1148
575,2.7962,161.7908,0.8852,0.8852,0.1148,0.1148
576,2.7988,161.7910,0.8889,0.8852,0.1111,0.1148
577,2.7991,161.7911,0.8815,0.8852,0.1185,0.1148
578,2.7975,161.7912,0.8852,0.8852,0.1148,0.1148
579,2.8011,161.7914,0.8852,0.8852,0.1148,0.1148
580,2.7977,161.7915,0.8852,0.8852,0.1148,0.1148
581,2.8008,161.7917,0.8889,0.8852,0.1111,0.1148
582,2.7966,161.7918,0.8852,0.8852,0.1148,0.1148
583,2.7996,161.7919,0.8852,0.8852,0.1148,0.1148
584,2.7996,161.7920,0.8815,0.8852,0.1185,0.1148
585,2.7974,161.7921,0.8852,0.8852,0.1148,0.1148
586,2.7991,161.7923,0.8815,0.8852,0.1185,0.1148
587,2.8011,161.7924,0.8815,0.8852,0.1185,0.1148
588,2.7976,161.7925,0.8815,0.8852,0.1185,0.1148
589,2.7989,161.7926,0.8889,0.8852,0.1111,0.1148
590,2.8006,161.7927,0.8889,0.8815,0.1111,0.1185
591,2.7981,161.7929,0.8852,0.8852,0.1148,0.1148
592,2.7986,161.7930,0.8852,0.8852,0.1148,0.1148
593,2.8002,161.7931,0.8852,0.8852,0.1148,0.1148
594,2.7990,161.7932,0.8852,0.8852,0.1148,0.1148
595,2.7976,161.7933,0.8815,0.8852,0.1185,0.1148
596,2.7977,161.7933,0.8889,0.8852,0.1111,0.1148
597,2.7980,161.7935,0.8815,0.8852,0.1185,0.1148
598,2.7985,161.7936,0.8852,0.8852,0.1148,0.1148
599,2.8001,161.7937,0.8815,0.8852,0.1185,0.1148
600,2.8009,161.7937,0.8815,0.8852,0.1185,0.1148
601,2.7973,161.7938,0.8815,0.8852,0.1185,0.1148
602,2.7991,161.7939,0.8852,0.8852,0.1148,0.1148
603,2.7985,161.7940,0.8815,0.8852,0.1185,0.1148
604,2.7980,161.7941,0.8852,0.8852,0.1148,0.1148
605,2.7977,161.7942,0.8852,0.8815,0.1148,0.1185
606,2.8004,161.7943,0.8852,0.8852,0.1148,0.1148
607,2.7984,161.7944,0.8852,0.8852,0.1148,0.1148
608,2.7979,161.7944,0.8815,0.8852,0.1185,0.1148
609,2.7985,161.7945,0.8889,0.8852,0.1111,0.1148
610,2.7996,161.7946,0.8852,0.8852,0.1148,0.1148
611,2.7991,161.7946,0.8889,0.8852,0.1111,0.1148
612,2.7981,161.7947,0.8852,0.8852,0.1148,0.1148
613,2.7984,161.7947,0.8852,0.8852,0.1148,0.1148
614,2.7990,161.7948,0.8815,0.8852,0.1185,0.1148
615,2.7986,161.7949,0.8852,0.8815,0.1148,0.1185
616,2.7992,161.7950,0.8815,0.8852,0.1185,0.1148
617,2.7968,161.7950,0.8852,0.8852,0.1148,0.1148
618,2.7987,161.7951,0.8889,0.8852,0.1111,0.1148
619,2.7986,161.7951,0.8815,0.8852,0.1185,0.1148
620,2.8005,161.7952,0.8852,0.8852,0.1148,0.1148
621,2.7998,161.7952,0.8852,0.8852,0.1148,0.1148
622,2.8028,161.7953,0.8852,0.8852,0.1148,0.1148
623,2.7983,161.7953,0.8815,0.8852,0.1185,0.1148
624,2.7961,161.7954,0.8815,0.8815,0.1185,0.1185
625,2.8003,161.7954,0.8815,0.8852,0.1185,0.1148
626,2.8006,161.7955,0.8889,0.8852,0.1111,0.1148
627,2.8007,161.7955,0.8852,0.8815,0.1148,0.1185
628,2.7999,161.7956,0.8852,0.8852,0.1148,0.1148
629,2.8001,161.7956,0.8815,0.8852,0.1185,0.1148
630,2.7981,161.7957,0.8852,0.8852,0.1148,0.1148
631,2.8003,161.7957,0.8852,0.8852,0.1148,0.1148
632,2.7980,161.7957,0.8815,0.8852,0.1185,0.1148
633,2.7996,161.7958,0.8852,0.8852,0.1148,0.1148
634,2.7980,161.7958,0.8852,0.8852,0.1148,0.1148
635,2.8003,161.7959,0.8815,0.8852,0.1185,0.1148
636,2.7987,161.7959,0.8852,0.8852,0.1148,0.1148
637,2.7985,161.7959,0.8852,0.8852,0.1148,0.1148
638,2.8006,161.7959,0.8852,0.8852,0.1148,0.1148
639,2.7988,161.7960,0.8815,0.8852,0.1185,0.1148
640,2.7988,161.7960,0.8852,0.8852,0.1148,0.1148
641,2.8000,161.7961,0.8852,0.8852,0.1148,0.1148
642,2.7965,161.7961,0.8815,0.8852,0.1185,0.1148
643,2.7962,161.7961,0.8852,0.8852,0.1148,0.1148
644,2.7958,161.7961,0.8815,0.8852,0.1185,0.1148
645,2.7982,161.7961,0.8852,0.8852,0.1148,0.1148
646,2.8004,161.7962,0.8852,0.8852,0.1148,0.1148
647,2.8003,161.7962,0.8852,0.8852,0.1148,0.1148
648,2.8013,161.7962,0.8852,0.8852,0.1148,0.1148
649,2.7992,161.7963,0.8852,0.8852,0.1148,0.1148
650,2.8002,161.7963,0.8852,0.8852,0.1148,0.1148
651,2.7979,161.7963,0.8852,0.8852,0.1148,0.1148
652,2.8004,161.7963,0.8852,0.8852,0.1148,0.1148
653,2.7979,161.7963,0.8852,0.8852,0.1148,0.1148
654,2.8009,161.7964,0.8815,0.8852,0.1185,0.1148
655,2.7978,161.7964,0.8815,0.8852,0.1185,0.1148
656,2.7972,161.7964,0.8852,0.8852,0.1148,0.1148
657,2.7987,161.7964,0.8852,0.8852,0.1148,0.1148
658,2.7975,161.7964,0.8852,0.8852,0.1148,0.1148
659,2.7966,161.7965,0.8889,0.8852,0.1111,0.1148
660,2.7979,161.7965,0.8815,0.8852,0.1185,0.1148
661,2.7968,161.7965,0.8815,0.8852,0.1185,0.1148
662,2.7983,161.7965,0.8889,0.8852,0.1111,0.1148
663,2.8005,161.7965,0.8815,0.8852,0.1185,0.1148
664,2.8005,161.7966,0.8889,0.8852,0.1111,0.1148
665,2.7976,161.7966,0.8852,0.8852,0.1148,0.1148
666,2.7985,161.7966,0.8852,0.8852,0.1148,0.1148
667,2.8013,161.7966,0.8852,0.8852,0.1148,0.1148
668,2.7990,161.7966,0.8852,0.8852,0.1148,0.1148
669,2.8000,161.7966,0.8889,0.8852,0.1111,0.1148
670,2.7963,161.7966,0.8852,0.8852,0.1148,0.1148
671,2.7981,161.7967,0.8889,0.8852,0.1111,0.1148
672,2.7964,161.7967,0.8852,0.8852,0.1148,0.1148
673,2.7970,161.7967,0.8852,0.8852,0.1148,0.1148
674,2.8004,161.7967,0.8852,0.8852,0.1148,0.1148
675,2.7991,161.7967,0.8852,0.8852,0.1148,0.1148
676,2.7983,161.7967,0.8852,0.8852,0.1148,0.1148
677,2.7976,161.7967,0.8852,0.8852,0.1148,0.1148
678,2.7975,161.7967,0.8852,0.8852,0.1148,0.1148
679,2.7979,161.7967,0.8889,0.8852,0.1111,0.1148
680,2.7972,161.7967,0.8852,0.8852,0.1148,0.1148
681,2.7985,161.7967,0.8852,0.8852,0.1148,0.1148
682,2.7995,161.7967,0.8852,0.8852,0.1148,0.1148
683,2.7995,161.7967,0.8815,0.8852,0.1185,0.1148
684,2.7983,161.7967,0.8852,0.8852,0.1148,0.1148
685,2.8005,161.7968,0.8889,0.8852,0.1111,0.1148
686,2.7973,161.7967,0.8815,0.8852,0.1185,0.1148
687,2.7998,161.7968,0.8815,0.8852,0.1185,0.1148
688,2.8008,161.7968,0.8815,0.8852,0.1185,0.1148
689,2.7985,161.7968,0.8852,0.8852,0.1148,0.1148
690,2.7992,161.7968,0.8852,0.8852,0.1148,0.1148
691,2.7970,161.7968,0.8815,0.8852,0.1185,0.1148
692,2.7971,161.7968,0.8889,0.8852,0.1111,0.1148
693,2.7991,161.7968,0.8815,0.8852,0.1185,0.1148
694,2.7996,161.7968,0.8889,0.8852,0.1111,0.1148
695,2.7992,161.7968,0.8815,0.8852,0.1185,0.1148
696,2.7981,161.7968,0.8815,0.8852,0.1185,0.1148
697,2.7990,161.7968,0.8852,0.8815,0.1148,0.1185
698,2.7958,161.7968,0.8852,0.8852,0.1148,0.1148
699,2.7954,161.7968,0.8852,0.8852,0.1148,0.1148
700,2.7979,161.7968,0.8815,0.8852,0.1185,0.1148
701,2.7961,161.7968,0.8852,0.8852,0.1148,0.1148
702,2.7969,161.7968,0.8889,0.8852,0.1111,0.1148
703,2.8010,161.7968,0.8852,0.8852,0.1148,0.1148
704,2.7988,161.7969,0.8852,0.8852,0.1148,0.1148
705,2.7987,161.7968,0.8815,0.8852,0.1185,0.1148
706,2.7992,161.7969,0.8852,0.8852,0.1148,0.1148
707,2.7969,161.7969,0.8852,0.8852,0.1148,0.1148
708,2.7974,161.7969,0.8889,0.8852,0.1111,0.1148
709,2.7998,161.7969,0.8852,0.8852,0.1148,0.1148
710,2.7978,161.7969,0.8852,0.8852,0.1148,0.1148
711,2.8032,161.7969,0.8852,0.8852,0.1148,0.1148
712,2.8010,161.7969,0.8852,0.8852,0.1148,0.1148
713,2.7975,161.7969,0.8852,0.8852,0.1148,0.1148
714,2.7994,161.7969,0.8889,0.8852,0.1111,0.1148
715,2.7987,161.7969,0.8889,0.8852,0.1111,0.1148
716,2.7979,161.7969,0.8889,0.8852,0.1111,0.1148
717,2.8008,161.7969,0.8815,0.8852,0.1185,0.1148
718,2.7989,161.7969,0.8815,0.8852,0.1185,0.1148
719,2.8000,161.7969,0.8852,0.8852,0.1148,0.1148
720,2.7976,161.7969,0.8889,0.8852,0.1111,0.1148
721,2.7981,161.7969,0.8889,0.8852,0.1111,0.1148
722,2.8001,161.7969,0.8815,0.8852,0.1185,0.1148
723,2.7977,161.7969,0.8815,0.8852,0.1185,0.1148
724,2.8005,161.7969,0.8852,0.8852,0.1148,0.1148
725,2.7981,161.7969,0.8852,0.8852,0.1148,0.1148
726,2.7994,161.7969,0.8852,0.8852,0.1148,0.1148
727,2.7983,161.7969,0.8852,0.8852,0.1148,0.1148
728,2.7999,161.7969,0.8852,0.8852,0.1148,0.1148
729,2.7993,161.7969,0.8889,0.8852,0.1111,0.1148
730,2.7975,161.7969,0.8852,0.8852,0.1148,0.1148
731,2.7962,161.7969,0.8815,0.8852,0.1185,0.1148
732,2.8005,161.7969,0.8852,0.8852,0.1148,0.1148
733,2.8002,161.7969,0.8852,0.8852,0.1148,0.1148
734,2.7984,161.7969,0.8815,0.8852,0.1185,0.1148
735,2.8011,161.7969,0.8852,0.8852,0.1148,0.1148
736,2.7973,161.7969,0.8852,0.8852,0.1148,0.1148
737,2.7987,161.7969,0.8815,0.8852,0.1185,0.1148
738,2.7999,161.7969,0.8815,0.8852,0.1185,0.1148
739,2.7986,161.7969,0.8852,0.8852,0.1148,0.1148
740,2.7987,161.7969,0.8852,0.8852,0.1148,0.1148
741,2.8005,161.7969,0.8852,0.8852,0.1148,0.1148
742,2.7979,161.7969,0.8852,0.8852,0.1148,0.1148
743,2.8001,161.7969,0.8815,0.8852,0.1185,0.1148
744,2.7986,161.7969,0.8815,0.8852,0.1185,0.1148
745,2.7986,161.7969,0.8852,0.8852,0.1148,0.1148
746,2.7956,161.7969,0.8852,0.8852,0.1148,0.1148
747,2.7972,161.7969,0.8815,0.8852,0.1185,0.1148
748,2.7965,161.7969,0.8852,0.8852,0.1148,0.1148
749,2.7965,161.7969,0.8815,0.8852,0.1185,0.1148
750,2.8009,161.7969,0.8852,0.8852,0.1148,0.1148
751,2.7993,161.7969,0.8815,0.8852,0.1185,0.1148
752,2.7982,161.7969,0.8815,0.8852,0.1185,0.1148
753,2.7972,161.7969,0.8852,0.8852,0.1148,0.1148
754,2.7988,161.7969,0.8852,0.8852,0.1148,0.1148
755,2.7984,161.7969,0.8852,0.8852,0.1148,0.1148
756,2.7961,161.7969,0.8815,0.8852,0.1185,0.1148
757,2.7960,161.7969,0.8889,0.8852,0.1111,0.1148
758,2.7994,161.7969,0.8852,0.8852,0.1148,0.1148
759,2.7978,161.7969,0.8889,0.8852,0.1111,0.1148
760,2.7988,161.7969,0.8852,0.8852,0.1148,0.1148
761,2.7986,161.7969,0.8852,0.8852,0.1148,0.1148
762,2.7992,161.7969,0.8889,0.8852,0.1111,0.1148
763,2.7983,161.7969,0.8852,0.8852,0.1148,0.1148
764,2.7985,161.7969,0.8852,0.8852,0.1148,0.1148
765,2.7994,161.7969,0.8852,0.8852,0.1148,0.1148
766,2.7990,161.7970,0.8852,0.8815,0.1148,0.1185
767,2.8004,161.7970,0.8889,0.8852,0.1111,0.1148
768,2.7998,161.7969,0.8889,0.8852,0.1111,0.1148
769,2.7983,161.7969,0.8852,0.8852,0.1148,0.1148
770,2.7977,161.7970,0.8815,0.8852,0.1185,0.1148
771,2.7975,161.7970,0.8889,0.8852,0.1111,0.1148
772,2.7960,161.7970,0.8852,0.8852,0.1148,0.1148
773,2.7998,161.7970,0.8852,0.8852,0.1148,0.1148
774,2.7998,161.7970,0.8852,0.8852,0.1148,0.1148
775,2.7990,161.7970,0.8889,0.8852,0.1111,0.1148
776,2.8015,161.7970,0.8852,0.8852,0.1148,0.1148
777,2.7988,161.7970,0.8852,0.8852,0.1148,0.1148
778,2.8011,161.7970,0.8815,0.8852,0.1185,0.1148
779,2.7987,161.7970,0.8815,0.8852,0.1185,0.1148
780,2.7982,161.7970,0.8815,0.8852,0.1185,0.1148
781,2.7992,161.7970,0.8815,0.8852,0.1185,0.1148
782,2.7955,161.7970,0.8815,0.8852,0.1185,0.1148
783,2.7984,161.7970,0.8852,0.8852,0.1148,0.1148
784,2.7981,161.7970,0.8852,0.8852,0.1148,0.1148
785,2.8014,161.7970,0.8852,0.8852,0.1148,0.1148
786,2.7979,161.7970,0.8852,0.8852,0.1148,0.1148
787,2.7987,161.7970,0.8889,0.8852,0.1111,0.1148
788,2.7995,161.7970,0.8852,0.8852,0.1148,0.1148
789,2.7981,161.7970,0.8852,0.8852,0.1148,0.1148
790,2.7991,161.7970,0.8852,0.8815,0.1148,0.1185
791,2.7981,161.7970,0.8815,0.8852,0.1185,0.1148
792,2.7998,161.7970,0.8815,0.8852,0.1185,0.1148
793,2.7987,161.7970,0.8852,0.8852,0.1148,0.1148
794,2.7985,161.7970,0.8852,0.8852,0.1148,0.1148
795,2.7971,161.7970,0.8852,0.8852,0.1148,0.1148
796,2.8012,161.7970,0.8852,0.8852,0.1148,0.1148
797,2.7986,161.7970,0.8889,0.8852,0.1111,0.1148
798,2.8009,161.7970,0.8852,0.8852,0.1148,0.1148
799,2.7976,161.7970,0.8815,0.8852,0.1185,0.1148
800,2.7989,161.7970,0.8852,0.8852,0.1148,0.1148
801,2.8014,161.7970,0.8815,0.8852,0.1185,0.1148
802,2.7970,161.7970,0.8889,0.8852,0.1111,0.1148
803,2.7985,161.7970,0.8852,0.8852,0.1148,0.1148
804,2.7988,161.7970,0.8852,0.8852,0.1148,0.1148
805,2.8004,161.7970,0.8852,0.8852,0.1148,0.1148
806,2.7968,161.7970,0.8852,0.8852,0.1148,0.1148
807,2.7992,161.7970,0.8889,0.8852,0.1111,0.1148
808,2.8019,161.7970,0.8852,0.8852,0.1148,0.1148
809,2.7994,161.7970,0.8815,0.8852,0.1185,0.1148
810,2.7992,161.7970,0.8815,0.8852,0.1185,0.1148
811,2.7986,161.7970,0.8852,0.8852,0.1148,0.1148
812,2.7987,161.7970,0.8889,0.8852,0.1111,0.1148
813,2.7993,161.7970,0.8852,0.8852,0.1148,0.1148
814,2.7984,161.7970,0.8852,0.8889,0.1148,0.1111
815,2.7999,161.7970,0.8852,0.8852,0.1148,0.1148
816,2.7990,161.7970,0.8815,0.8852,0.1185,0.1148
817,2.7974,161.7970,0.8852,0.8852,0.1148,0.1148
818,2.7979,161.7970,0.8852,0.8852,0.1148,0.1148
819,2.7977,161.7970,0.8815,0.8852,0.1185,0.1148
820,2.7997,161.7970,0.8889,0.8852,0.1111,0.1148
821,2.7985,161.7970,0.8852,0.8852,0.1148,0.1148
822,2.7996,161.7970,0.8852,0.8852,0.1148,0.1148
823,2.7986,161.7970,0.8815,0.8852,0.1185,0.1148
824,2.7973,161.7970,0.8852,0.8852,0.1148,0.1148
825,2.7986,161.7970,0.8852,0.8852,0.1148,0.1148
826,2.7978,161.7970,0.8815,0.8852,0.1185,0.1148
827,2.7977,161.7970,0.8852,0.8852,0.1148,0.1148
828,2.7991,161.7970,0.8852,0.8852,0.1148,0.1148
829,2.8000,161.7970,0.8852,0.8889,0.1148,0.1111
830,2.7966,161.7970,0.8852,0.8852,0.1148,0.1148
831,2.7986,161.7970,0.8889,0.8852,0.1111,0.1148
832,2.8001,161.7970,0.8852,0.8852,0.1148,0.1148
833,2.7980,161.7970,0.8852,0.8852,0.1148,0.1148
834,2.7970,161.7970,0.8852,0.8852,0.1148,0.1148
835,2.7988,161.7970,0.8852,0.8852,0.1148,0.1148
836,2.7960,161.7970,0.8852,0.8852,0.1148,0.1148
837,2.8012,161.7970,0.8815,0.8852,0.1185,0.1148
838,2.7995,161.7970,0.8852,0.8852,0.1148,0.1148
839,2.7986,161.7970,0.8852,0.8852,0.1148,0.1148
840,2.7983,161.7970,0.8815,0.8852,0.1185,0.1148
841,2.7979,161.7970,0.8852,0.8852,0.1148,0.1148
842,2.7992,161.7970,0.8852,0.8852,0.1148,0.1148
843,2.8011,161.7970,0.8852,0.8852,0.1148,0.1148
844,2.7980,161.7970,0.8815,0.8852,0.1185,0.1148
845,2.7983,161.7970,0.8852,0.8852,0.1148,0.1148
846,2.7958,161.7970,0.8852,0.8852,0.1148,0.1148
847,2.8002,161.7970,0.8815,0.8852,0.1185,0.1148
848,2.8007,161.7970,0.8852,0.8852,0.1148,0.1148
849,2.7997,161.7970,0.8889,0.8852,0.1111,0.1148
850,2.7992,161.7970,0.8852,0.8852,0.1148,0.1148
851,2.7995,161.7970,0.8852,0.8852,0.1148,0.1148
852,2.7989,161.7970,0.8852,0.8815,0.1148,0.1185
853,2.7963,161.7970,0.8852,0.8852,0.1148,0.1148
854,2.7995,161.7970,0.8889,0.8852,0.1111,0.1148
855,2.7972,161.7970,0.8815,0.8889,0.1185,0.1111
856,2.7969,161.7970,0.8815,0.8852,0.1185,0.1148
857,2.7975,161.7970,0.8852,0.8852,0.1148,0.1148
858,2.7974,161.7970,0.8852,0.8852,0.1148,0.1148
859,2.7997,161.7970,0.8852,0.8852,0.1148,0.1148
860,2.7985,161.7970,0.8852,0.8852,0.1148,0.1148
861,2.7972,161.7970,0.8889,0.8852,0.1111,0.1148
862,2.7996,161.7970,0.8852,0.8852,0.1148,0.1148
863,2.8000,161.7970,0.8815,0.8852,0.1185,0.1148
864,2.7970,161.7970,0.8852,0.8852,0.1148,0.1148
865,2.7987,161.7970,0.8852,0.8852,0.1148,0.1148
866,2.7972,161.7970,0.8852,0.8852,0.1148,0.1148
867,2.7986,161.7970,0.8852,0.8852,0.1148,0.1148
868,2.7984,161.7970,0.8889,0.8852,0.1111,0.1148
869,2.8003,161.7970,0.8852,0.8852,0.1148,0.1148
870,2.7963,161.7970,0.8815,0.8852,0.1185,0.1148
871,2.7991,161.7970,0.8852,0.8852,0.1148,0.1148
872,2.7963,161.7970,0.8815,0.8852,0.1185,0.1148
873,2.7979,161.7970,0.8815,0.8852,0.1185,0.1148
874,2.7995,161.7970,0.8889,0.8852,0.1111,0.1148
875,2.8005,161.7970,0.8852,0.8852,0.1148,0.1148
876,2.7972,161.7970,0.8889,0.8852,0.1111,0.1148
877,2.7997,161.7970,0.8889,0.8852,0.1111,0.1148
878,2.7995,161.7970,0.8852,0.8852,0.1148,0.1148
879,2.8000,161.7970,0.8889,0.8852,0.1111,0.1148
880,2.7987,161.7970,0.8852,0.8852,0.1148,0.1148
881,2.7984,161.7970,0.8889,0.8852,0.1111,0.1148
882,2.7980,161.7970,0.8815,0.8852,0.1185,0.1148
883,2.7998,161.7970,0.8815,0.8852,0.1185,0.1148
884,2.7987,161.7970,0.8889,0.8852,0.1111,0.1148
885,2.7984,161.7970,0.8852,0.8852,0.1148,0.1148
886,2.7983,161.7970,0.8815,0.8852,0.1185,0.1148
887,2.7983,161.7970,0.8852,0.8852,0.1148,0.1148
888,2.7986,161.7970,0.8815,0.8852,0.1185,0.1148
889,2.7996,161.7970,0.8852,0.8852,0.1148,0.1148
890,2.7984,161.7970,0.8815,0.8852,0.1185,0.1148
891,2.7979,161.7970,0.8815,0.8852,0.1185,0.1148
892,2.7999,161.7970,0.8889,0.8852,0.1111,0.1148
893,2.7998,161.7970,0.8889,0.8852,0.1111,0.1148
894,2.8002,161.7970,0.8815,0.8852,0.1185,0.1148
895,2.7996,161.7970,0.8852,0.8852,0.1148,0.1148
896,2.7993,161.7970,0.8815,0.8852,0.1185,0.1148
897,2.7994,161.7970,0.8889,0.8852,0.1111,0.1148
898,2.7986,161.7970,0.8815,0.8852,0.1185,0.1148
899,2.7972,161.7970,0.8852,0.8852,0.1148,0.1148
900,2.8002,161.7970,0.8852,0.8852,0.1148,0.1148
901,2.7977,161.7970,0.8852,0.8852,0.1148,0.1148
902,2.8003,161.7970,0.8815,0.8852,0.1185,0.1148
903,2.8011,161.7970,0.8852,0.8852,0.1148,0.1148
904,2.8015,161.7970,0.8852,0.8852,0.1148,0.1148
905,2.7972,161.7970,0.8852,0.8852,0.1148,0.1148
906,2.7984,161.7970,0.8815,0.8852,0.1185,0.1148
907,2.8008,161.7970,0.8852,0.8852,0.1148,0.1148
908,2.7993,161.7970,0.8852,0.8852,0.1148,0.1148
909,2.7986,161.7970,0.8852,0.8852,0.1148,0.1148
910,2.7990,161.7970,0.8852,0.8852,0.1148,0.1148
911,2.8005,161.7970,0.8852,0.8852,0.1148,0.1148
912,2.8014,161.7970,0.8852,0.8852,0.1148,0.1148
913,2.7958,161.7970,0.8852,0.8852,0.1148,0.1148
914,2.8001,161.7970,0.8852,0.8852,0.1148,0.1148
915,2.7985,161.7970,0.8815,0.8852,0.1185,0.1148
916,2.7997,161.7970,0.8815,0.8852,0.1185,0.1148
917,2.7974,161.7970,0.8815,0.8852,0.1185,0.1148
918,2.7981,161.7970,0.8852,0.8852,0.1148,0.1148
919,2.7978,161.7970,0.8889,0.8852,0.1111,0.1148
920,2.7950,161.7970,0.8852,0.8852,0.1148,0.1148
921,2.7995,161.7970,0.8852,0.8852,0.1148,0.1148
922,2.7995,161.7970,0.8852,0.8852,0.1148,0.1148
923,2.8003,161.7970,0.8815,0.8852,0.1185,0.1148
924,2.8001,161.7970,0.8889,0.8852,0.1111,0.1148
925,2.7988,161.7970,0.8815,0.8852,0.1185,0.1148
926,2.7971,161.7970,0.8852,0.8852,0.1148,0.1148
927,2.7972,161.7970,0.8852,0.8852,0.1148,0.1148
928,2.8002,161.7970,0.8852,0.8852,0.1148,0.1148
929,2.7968,161.7970,0.8852,0.8852,0.1148,0.1148
930,2.7982,161.7970,0.8852,0.8815,0.1148,0.1185
931,2.8002,161.7970,0.8889,0.8852,0.1111,0.1148
932,2.7986,161.7970,0.8852,0.8852,0.1148,0.1148
933,2.8001,161.7970,0.8815,0.8852,0.1185,0.1148
934,2.8006,161.7970,0.8852,0.8852,0.1148,0.1148
935,2.7995,161.7970,0.8815,0.8852,0.1185,0.1148
936,2.7998,161.7970,0.8815,0.8852,0.1185,0.1148
937,2.7965,161.7970,0.8852,0.8852,0.1148,0.1148
938,2.7974,161.7970,0.8889,0.8852,0.1111,0.1148
939,2.8003,161.7970,0.8852,0.8852,0.1148,0.1148
940,2.8007,161.7970,0.8852,0.8852,0.1148,0.1148
941,2.7999,161.7970,0.8852,0.8852,0.1148,0.1148
942,2.7998,161.7970,0.8852,0.8852,0.1148,0.1148
943,2.7998,161.7970,0.8852,0.8852,0.1148,0.1148
944,2.8010,161.7970,0.8852,0.8852,0.1148,0.1148
945,2.7992,161.7970,0.8852,0.8852,0.1148,0.1148
946,2.7968,161.7970,0.8852,0.8852,0.1148,0.1148
947,2.7982,161.7970,0.8852,0.8852,0.1148,0.1148
948,2.7970,161.7970,0.8852,0.8852,0.1148,0.1148
949,2.7981,161.7970,0.8852,0.8852,0.1148,0.1148
950,2.7982,161.7970,0.8815,0.8852,0.1185,0.1148
951,2.8025,161.7970,0.8815,0.8852,0.1185,0.1148
952,2.7994,161.7970,0.8852,0.8852,0.1148,0.1148
953,2.7960,161.7970,0.8852,0.8852,0.1148,0.1148
954,2.7976,161.7970,0.8815,0.8852,0.1185,0.1148
955,2.7994,161.7970,0.8889,0.8852,0.1111,0.1148
956,2.8005,161.7970,0.8889,0.8852,0.1111,0.1148
957,2.8001,161.7970,0.8852,0.8815,0.1148,0.1185
958,2.7982,161.7970,0.8815,0.8852,0.1185,0.1148
959,2.7985,161.7970,0.8852,0.8852,0.1148,0.1148
960,2.7981,161.7970,0.8815,0.8852,0.1185,0.1148
961,2.7995,161.7970,0.8852,0.8852,0.1148,0.1148
962,2.7985,161.7970,0.8852,0.8852,0.1148,0.1148
963,2.7974,161.7970,0.8852,0.8852,0.1148,0.1148
964,2.7989,161.7970,0.8852,0.8852,0.1148,0.1148
965,2.8011,161.7970,0.8852,0.8852,0.1148,0.1148
966,2.8000,161.7970,0.8815,0.8852,0.1185,0.1148
967,2.7994,161.7970,0.8852,0.8852,0.1148,0.1148
968,2.7978,161.7970,0.8852,0.8852,0.1148,0.1148
969,2.7988,161.7970,0.8852,0.8852,0.1148,0.1148
970,2.7974,161.7970,0.8852,0.8852,0.1148,0.1148
971,2.7983,161.7970,0.8815,0.8852,0.1185,0.1148
972,2.7974,161.7970,0.8889,0.8852,0.1111,0.1148
973,2.7991,161.7970,0.8852,0.8852,0.1148,0.1148
974,2.7997,161.7970,0.8815,0.8852,0.1185,0.1148
975,2.7981,161.7970,0.8852,0.8852,0.1148,0.1148
976,2.7983,161.7970,0.8852,0.8852,0.1148,0.1148
977,2.7996,161.7970,0.8889,0.8852,0.1111,0.1148
978,2.7997,161.7970,0.8852,0.8852,0.1148,0.1148
979,2.7984,161.7970,0.8852,0.8852,0.1148,0.1148
980,2.7983,161.7970,0.8852,0.8852,0.1148,0.1148
981,2.7977,161.7970,0.8889,0.8852,0.1111,0.1148
982,2.7990,161.7970,0.8852,0.8852,0.1148,0.1148
983,2.7970,161.7970,0.8852,0.8852,0.1148,0.1148
984,2.7964,161.7970,0.8852,0.8852,0.1148,0.1148
985,2.7996,161.7970,0.8852,0.8852,0.1148,0.1148
986,2.8005,161.7970,0.8815,0.8852,0.1185,0.1148
987,2.7997,161.7970,0.8852,0.8852,0.1148,0.1148
988,2.7992,161.7970,0.8852,0.8852,0.1148,0.1148
989,2.7993,161.7970,0.8815,0.8852,0.1185,0.1148
990,2.7989,161.7970,0.8852,0.8852,0.1148,0.1148
991,2.8000,161.7970,0.8889,0.8852,0.1111,0.1148
992,2.8014,161.7970,0.8852,0.8852,0.1148,0.1148
993,2.7994,161.7970,0.8852,0.8852,0.1148,0.1148
994,2.7984,161.7970,0.8815,0.8852,0.1185,0.1148
995,2.7976,161.7970,0.8852,0.8852,0.1148,0.1148
996,2.7977,161.7970,0.8852,0.8852,0.1148,0.1148
997,2.7997,161.7970,0.8852,0.8852,0.1148,0.1148
998,2.7990,161.7970,0.8852,0.8852,0.1148,0.1148
999,2.7979,161.7970,0.8852,0.8852,0.1148,0.1148
